9.0490690492 4.3772322062 4.724092984 0.0 15.625846024 14.783482357 9.6281514149 0.0 0.0 0.0 0.0 0.0 0.0 8.6372786683 0.0 8.7802372896 0.0 0.0 0.0 0.0 0.0 0.0 8.5562438169 0.0 0.0 0.0 0.0 12.998285606 12.31845121 0.0 0.0 9.3482433247 5.7719961843 8.4119608704 5.7275187494 0.0 6.8504879992 0.0 0.0 11.694396491 0.0 12.973391489 7.7005803281 13.320393332 0.0 6.2029028056 7.9803427908 5.6117040214 8.7994395582 14.743203818 0.0 7.1784901659 8.5897507857 6.9076921424 7.5312325904 0.0 0.0 0.0 0.0 7.7089779075 0.0 0.0 0.0 29.89001118 7.0285587882 7.440879059 8.0407999331 0.0 7.6441420967 16.518751511 0.0 6.3608241895 8.9649305377 6.4241482563 0.0 0.0
8.215701678 3.9741142195 4.2890311086 0.0 14.186795205 13.422008402 8.7414538784 0.0 0.0 0.0 0.0 0.0 0.0 7.84183483 0.0 7.971627782 0.0 0.0 0.0 0.0 0.0 0.0 7.7682628237 0.0 0.0 0.0 0.0 11.801218035 11.183992488 0.0 0.0 8.4873237182 5.240428433 7.6372675092 5.2000471147 0.0 6.2195973359 0.0 0.0 10.617409631 0.0 11.778616523 6.9914010358 12.093661486 0.0 5.6316510252 7.2453989798 5.0948982591 7.9890616317 13.385439286 0.0 6.5173923838 7.7986839928 6.2715333055 6.8376492537 0.0 0.0 0.0 0.0 6.9990252463 0.0 0.0 0.0 27.137312543 6.3812688263 6.7556167644 7.300288366 0.0 6.9401604419 14.997469217 0.0 5.7750287553 8.139311841 5.8325210386 0.0 0.0
13.591652658 6.5745790455 7.0955620534 0.0 23.469936023 22.204710361 14.461431233 0.0 0.0 0.0 0.0 0.0 0.0 12.973145739 0.0 13.187868813 0.0 0.0 0.0 0.0 0.0 0.0 12.851431831 0.0 0.0 0.0 0.0 19.523354519 18.50224694 0.0 0.0 14.041010798 8.6695069798 12.634719627 8.6027021136 0.0 10.289395839 0.0 0.0 17.564920136 0.0 19.485963689 11.566229909 20.007158577 0.0 9.316726389 11.986431612 8.4287490201 13.216710516 22.144212215 0.0 10.782053316 12.901759117 10.375316152 11.311870525 0.0 0.0 0.0 0.0 11.578843028 0.0 0.0 0.0 44.894634764 10.556857199 11.176160011 12.077237912 0.0 11.481459992 24.811075224 0.0 9.5539234517 13.46527707 9.6490358567 0.0 0.0
1.7125052433 0.8283761637 0.8940183748 0.0 2.9571377013 2.79772327 0.0 2.5750567348 2.0522090965 1.6129842007 1.80041344 0.0 2.675805148 1.6345753278 0.0 1.661629756 1.2692222769 2.2167011444 1.1772898941 1.1929266943 0.0 1.2256150856 1.6192397605 1.246222317 1.8110452923 0.0 0.0 2.4598809152 0.0 0.9618454347 1.8096878069 1.7691229476 1.092330457 1.5919347083 1.0839132552 2.2385733565 0.0 0.0 1.3371405258 0.0 0.0 0.0 1.4573083835 0.0 3.0440413399 0.0 1.5102524689 1.0619957156 1.6652637194 0.0 2.0277515666 0.0 1.6255808392 1.3072570171 1.4252599057 1.8118335757 1.0585695829 1.4571648064 1.3376741015 0.0 0.9391024443 0.0 1.4209622721 0.0 1.3301306148 0.0 1.5216937755 1.2416304883 1.446627642 0.0 1.6704307611 0.0 1.696582319 1.2157479972 1.7095526481 1.6109359668
0.0 0.7224536225 0.7797023161 1.621095365 0.0 2.4399848761 1.5891075777 2.2457901951 1.7897978731 0.0 1.5701987439 1.5665983144 2.333656142 1.425565967 0.8998642315 1.4491610081 1.1069297644 0.0 1.0267525624 1.0403899212 0.7485385702 0.0 1.4121913231 1.0868707561 1.5794711259 1.9158399768 1.7162733126 2.1453416407 2.0331363019 0.838856487 1.578287219 1.5429092943 0.9526566918 1.3883777047 0.945315778 1.9523321669 1.1306596585 1.4442485979 1.1661634642 1.9301372901 1.5308814768 2.1412329153 1.2709657363 2.1985048914 2.654806825 1.0237769876 1.3171399841 0.9262007835 1.452330305 2.4333369821 0.0 1.1847957751 1.4177215828 1.1401010905 1.2430152231 1.5801586134 0.9232127425 1.270840518 1.1666288127 1.2723517403 0.8190215901 2.0199617147 1.2392671179 4.9332879403 1.1600498942 1.2281025492 1.3271183173 1.0828660739 1.2616507164 2.7263876593 1.456836649 1.0498416035 1.4796442678 1.0602931169 1.490956111 1.4049493163
11.234336262 5.4342936533 5.8649181288 0.0 19.39934458 0.0 11.95326171 16.89282609 13.462853419 10.58146068 11.811029528 11.783947109 17.553753439 0.0 0.0 10.900584097 8.3263218642 0.0 7.723229228 7.8258093935 5.6305045393 8.0402510027 0.0 8.175438073 11.880776353 14.410941688 0.0 16.137252411 15.29324424 0.0 11.87187101 11.605758382 7.1658803449 0.0 0.0 14.685435815 8.5048180454 0.0 0.0 14.518486029 0.0 0.0 9.560199878 0.0 0.0 7.7008469645 9.9075224105 0.0 0.0 18.303552374 13.302407712 8.9120297281 10.664096849 8.5758364646 0.0 11.885947632 6.9444030598 9.5592579864 8.7753778994 9.5706253958 6.1606775716 15.194145041 0.0 37.108174847 0.0 9.2377831333 9.9825793984 8.1453148671 0.0 20.507878556 10.958320242 0.0 11.129879072 7.9755211632 0.0 10.568023905
0.0 3.6337552983 0.0 8.1536913759 12.971781734 12.272494309 7.9928010598 0.0 0.0 7.0755173097 7.8976945052 7.8795852738 0.0 7.1702289587 4.5260848822 0.0 0.0 9.7237823599 5.1643004441 5.2328928397 3.7649558539 0.0 0.0 5.4666794452 7.9443321942 0.0 0.0 10.790514865 0.0 4.2192316699 7.9383774478 7.7604356156 4.7916173346 6.9831815955 4.7546944327 9.8197270164 5.6869263248 7.2641977713 5.865501306 9.7080925134 0.0 10.769849037 6.3926296913 11.057912298 13.352993279 0.0 6.6248742429 4.6585509427 7.3048466726 12.239057118 8.8949360465 5.9592170224 7.1307737306 5.7344142917 6.2520458223 0.0 4.6435218673 6.3919998756 0.0 6.3996009342 4.1194672565 0.0 6.2331938204 24.813165346 5.8347516268 0.0 0.0 5.446536927 0.0 13.713026405 0.0 0.0 7.4422288573 5.3330007785 7.4991245096 0.0
5.0536594105 2.4445653592 2.6382776874 5.4852982249 8.7266108123 8.2561735717 5.3770611915 7.5990772883 6.0561366765 4.759969534 5.3130793959 5.3008966273 0.0 4.8236856616 3.0448694003 4.9035241707 3.7455167677 6.541558131 3.4742212763 3.520365989 0.0 3.6168305091 4.7784298969 3.677643128 5.3444543426 6.4826251748 5.8073517191 7.2591896489 6.8795205937 2.8384375766 5.3404483583 5.2207401217 3.2235031776 4.6978517881 3.1986637376 6.6061037496 3.8258115786 4.8869020549 3.9459457586 6.5310029746 5.1800416117 7.2452869601 4.300565067 7.4390780695 8.9830663137 3.4641528278 4.4568048077 3.133984356 4.9142481164 8.2336791014 0.0 4.0089918844 0.0 3.8577585396 4.2059889527 0.0 3.1238737256 4.300141366 3.9475203579 4.3052548871 2.7713222622 6.8349417604 4.1933064942 16.692759825 3.9252592802 4.1555289582 4.4905684805 3.6640924901 4.2690458468 9.2252742873 4.9294962267 3.5523476337 5.0066703359 3.5877124059 5.0449462046 4.7539251282
1.619277328 0.0 0.8453484687 1.7575816515 2.7961526273 2.6454166366 1.7229006886 2.4348719545 1.940487876 1.5251741604 1.702399847 0.0 2.5301356752 1.5455898775 0.9756272804 1.5711714763 1.200126461 2.0960250604 1.1131988304 0.0 0.8115609265 1.1588932231 1.5310891706 1.1783786072 1.7124529068 2.0771419517 1.8607729984 2.325966248 2.204313908 0.909483058 1.7111693221 0.0 1.0328645419 0.0 1.0249055683 2.1167065603 1.2258542666 1.5658454713 1.264347275 2.0926430111 1.6597723072 2.3215115931 1.3779732556 2.3836055184 2.878325276 1.1099727305 1.4280350918 1.0041812084 1.5746076086 0.0 1.9173618016 0.0 0.0 1.2360906093 1.3476694806 1.7131982764 1.0009415927 1.3778374946 1.264851803 1.3794759527 0.8879781844 2.1900301013 1.3436058079 5.3486405257 1.2577189799 1.3315012511 1.4388535395 1.1740367553 1.3678739682 2.9559327775 1.5794933591 1.1382318271 1.6042212395 1.1495632939 1.6164854705 0.0
9.078014648 4.3912338241 4.7392041185 9.8533782333 0.0 14.83077084 9.6589493464 13.650412371 10.878789604 8.5504521859 9.5440172484 0.0 14.184481141 8.6649070577 5.4695749697 8.8083229661 6.7281653391 0.0 0.0 0.0 4.5497839383 0.0 0.0 6.6062422246 9.6003768491 11.644901548 10.43189097 13.039863713 12.357854704 5.0987563277 9.5931807994 9.3781459035 5.7904592864 8.4388685272 5.7458395798 0.0 6.8724009138 8.7784642442 7.0882009425 0.0 9.3050381532 0.0 7.7252124651 0.0 16.136506431 6.2227442649 8.0058698145 5.629654391 8.8275866577 14.790363461 10.749139891 7.2014522734 8.6172271458 6.929788038 7.5553230284 9.6045555506 0.0 7.7244513605 0.0 0.0 4.978195412 0.0 7.5325412114 29.985621487 7.0510413045 0.0 0.0 0.0 7.6685937026 16.571590665 0.0 6.381170798 8.9936069995 6.4446974218 9.0623628986 8.5395944688
1.6490765544 0.7976943225 0.8609052421 1.7899260639 2.847609647 2.694099693 1.7546068744 2.4796804006 1.9761982739 0.0 0.0 1.72975336 2.5766972399 1.574033049 0.9935815478 1.6000854207 1.2222121406 2.134597777 0.0 1.1487424347 0.0 1.1802200959 1.5592654886 0.0 1.7439668242 0.0 0.0 0.0 2.2448794419 0.926220087 0.0 1.7035972218 1.0518721349 1.5329717756 0.0 2.1556598743 1.2484134097 0.0 1.2876147969 2.1311534885 1.6903167544 0.0 1.403331813 2.4274705188 2.931294502 0.0 0.0 1.022660948 1.6035847874 0.0 1.9526466151 1.3081875897 0.0 1.2588381297 1.3724703639 1.7447259107 1.0193617142 0.0 1.2881286097 1.4048621639 0.9043194636 0.0 0.0 5.4470704534 0.0 1.3560045938 1.4653324642 1.1956423114 1.3930466705 0.0 1.6085604494 1.1591784725 1.6337433919 1.1707184699 0.0 1.5512692553
4.0070410032 1.9382931919 2.0918874844 4.3492869457 6.9193201409 6.5463109688 0.0 6.0253000465 4.8019041278 3.7741746223 4.2127348251 4.2030751213 6.2610383159 3.82469507 2.4142736076 3.8879989363 2.9698161366 5.1867942666 2.7547062391 2.7912943312 2.0082773055 2.8677809434 3.7888118238 2.9159992022 4.2376119859 5.1400663903 4.604642808 5.75580351 5.4547643326 2.250594041 4.2344356454 4.1395191159 2.5559121337 3.7249215297 2.5362169689 5.2379724168 3.0334818041 3.8748192789 3.1287360637 5.1784250948 4.1072493119 5.7447800833 3.4099133243 5.8984368414 7.1226634266 2.7467229773 0.0 2.4849327582 3.8965019411 6.528475128 4.744676668 0.0 3.8036491289 0.0 3.3349240271 4.2394564673 2.4769160504 3.4095773723 3.1299845617 3.4136318776 2.1973783819 5.4194178246 3.3248681196 13.235670955 3.1123337776 3.2949143528 3.5605668225 2.9052549163 3.3849217693 7.3147098632 3.908592151 2.8166525422 3.9697834175 2.8446932313 4.0001323118 3.7693820196
4.5495163453 0.0 2.3750883246 4.9380957255 0.0 0.0 0.0 6.8410083712 5.4519884625 4.2851243899 4.7830571062 4.7720896665 0.0 4.3424843227 0.0 4.4143583 0.0 5.8889852329 3.1276398348 0.0 0.0 3.2560226527 0.0 0.0 0.0 0.0 0.0 6.5350272503 6.193233229 2.5552806592 4.8076957951 0.0 2.9019328776 4.2292033874 0.0 5.9470919083 0.0 4.3993943736 0.0 0.0 0.0 0.0 3.8715492037 0.0 8.0869333894 0.0 4.0122027769 2.8213442766 0.0 0.0 5.3870135187 0.0 4.3185891708 0.0 3.7864078155 0.0 0.0 3.8711677702 3.5537235363 3.8757711766 2.4948606358 6.1531014919 3.7749905339 15.027523128 3.5336831797 0.0 0.0 3.298569872 3.8431742786 8.3049791747 0.0 0.0 4.5072148079 3.2298093139 4.5416723516 4.2796829621
0.0 0.5612671775 0.0 0.0 0.0 1.8956004672 1.2345621877 1.7447325124 1.3904765221 0.0 1.2198720991 0.0 0.0 1.1075083045 0.0 1.1258390619 0.0 0.0 0.0 0.0 0.581532319 0.8304168443 0.0 0.8443792964 1.2270757223 0.0 1.3333560077 0.0 0.0 0.0 1.2261559566 0.0 0.0 0.0 0.0 0.0 0.8783984679 0.0 0.9059810285 1.4995048472 0.0 1.6635029808 0.0 0.0 0.0 0.7953623627 1.0232732152 0.7195563608 0.0 0.0 0.0 0.0 0.0 0.0 0.9656864109 0.0 0.7172349809 0.9873036113 0.9063425532 0.9884776652 0.0 1.5692885672 0.0 0.0 0.0 0.9541008999 1.031025285 0.0 0.980164144 2.1181039979 0.0 0.0 1.1495212093 0.8237313877 1.15830927 1.0914914295
0.0 0.8778350469 0.0 1.9697518032 3.1336960506 0.0 1.9308842553 2.7288026244 0.0 1.7092887549 1.9079086117 0.0 2.8355663048 1.732168998 0.0 1.7608387332 1.3450022414 2.3490511174 1.2475809598 1.264151368 0.9095302042 1.2987914468 0.0 0.0 1.9191752476 2.3278884947 0.0 2.6067501373 2.4704122801 1.019273211 1.9177367123 1.8747498946 0.0 1.6869824851 1.1486291915 2.372229228 1.373835833 0.0 0.0 2.3452607969 1.8601351991 2.6017577294 1.5443181844 2.671347453 0.0 0.0 1.6004233401 0.0 1.7646896654 2.9566859617 2.148820149 1.4396152533 0.0 1.3853078772 1.5103562257 1.9200105961 0.0 1.5441660348 1.4175410387 1.5460022828 0.0 2.4544041738 1.5058019983 5.9943128739 1.4095471619 1.4922362146 1.6125477594 1.3157630622 1.5329997404 3.3127643964 0.0 1.2756358671 1.7978781678 1.2883352356 0.0 0.0
1.7722926655 0.8572966448 0.9252305735 1.9236662035 3.060378051 2.8953981021 1.8857080261 2.6649577758 2.1238563466 1.6692971187 1.8632699356 1.8589975006 2.7692235434 1.6916420408 1.0678202204 1.7196410001 1.3135336904 0.0 1.2183917407 1.2345744569 0.8882502415 1.2684040737 1.6757710741 1.28973075 1.8742729699 2.273423695 2.0366087268 2.5457609085 0.0 0.9954256292 1.8728680916 1.8308870215 1.130466178 1.647512741 1.1217551127 2.3167270035 1.3416926725 1.7138117085 1.3838231187 2.2903895435 1.816614261 2.5408853062 1.5081863075 2.6088468631 3.1503156916 1.214860787 1.5629787903 0.0 1.7234018333 2.8875094057 2.0985449492 1.4059330745 1.6823335343 1.3528963093 1.475018945 1.8750887741 1.0955266356 1.5080377177 1.3843753227 1.5098310035 0.9718886296 2.3969793306 1.4705712712 0.0 1.3765684759 1.4573228814 1.5748195387 0.0 1.4971326772 3.2352567967 0.0 1.2457902571 1.7558138359 1.258192503 1.7692369884 0.0
6.0413574719 0.0 0.0 6.5573567043 10.432158393 9.8697778868 6.4279655924 0.0 7.2397610503 5.6902682145 6.3514790571 6.3369152621 0.0 5.7664371591 3.6399652229 5.8618794781 4.4775486183 7.8200543176 4.1532305528 4.2083938873 0.0 0.0 5.7123365104 4.3964096086 6.3889859909 7.7496033778 6.942353026 0.0 8.2240688907 3.3931879197 0.0 6.2410927966 3.8535115697 5.6160100428 3.8238174562 7.8972148707 4.5735364197 5.8420087002 4.7171498821 7.8074362388 0.0 8.6613214223 5.1410767506 8.8929874827 10.738736109 4.141194305 5.3278523222 3.7464969972 5.8746993348 0.0 7.1534800411 4.7925178784 5.7347064996 4.6117271635 0.0 6.3917668885 3.7344103234 0.0 4.7190322245 5.1466831593 3.312955444 8.1707774744 5.0128553318 19.955228698 4.6924203939 4.967694473 5.3682148398 0.0 5.1033973464 11.02828173 5.8929275685 4.2466260934 0.0 4.2889026328 6.0309413384 5.6830424771
0.0 0.0 0.0 1.2456306271 0.0 1.8748557037 1.2210515872 1.725638793 1.3752596517 0.0 0.0 1.2037557338 0.0 0.0 0.6914451001 1.1135182878 0.8505518221 1.4854917313 0.0 0.7994233886 0.5751682404 0.8213290637 1.0851112164 0.0 0.0 0.0 1.3187642434 1.6484553043 0.0 0.6445674662 0.0 0.0 0.0 1.0668131118 0.0 1.5001490929 0.0 1.1097436496 0.8960663009 1.4830948104 1.1763113356 1.6452982079 0.0 0.0 0.0 0.0 0.0 0.0 0.0 0.0 1.358869775 0.9103831497 1.0893606029 0.8760402793 0.0 0.0 0.0 0.9764989189 0.8964238693 0.9776601244 0.0 0.0 0.0 0.0 0.8913687056 0.943659566 0.0 0.8320615651 0.0 0.0 0.0 0.8066859502 0.0 0.0 0.0 0.0
0.0 0.0 5.6350777357 11.716007776 18.63910328 17.634299868 11.484825099 16.230812792 0.0 10.166783607 0.0 0.0 16.865839047 10.302874411 0.0 0.0 8.0000214711 13.972065471 7.4205634443 0.0 0.0 7.7251614464 10.206212959 0.0 11.415180373 13.846191008 12.403879444 0.0 0.0 6.0625977576 0.0 11.150940086 0.0 0.0 0.0 14.109927979 8.171522562 10.437897837 8.4281162656 13.949520791 11.064012441 0.0 0.0 15.889071648 0.0 7.3990583198 0.0 6.6938539309 0.0 17.586254096 0.0 8.562776018 10.246181346 8.239757839 0.0 11.420148994 6.6722587103 9.1846400351 8.4314794405 9.195561967 5.9192466558 14.598701389 8.9564522253 0.0 8.3839321698 8.8757634665 9.591371896 7.8261079609 9.1182233466 0.0 10.528874412 7.5874329512 10.693710019 0.0 0.0 0.0
0.0 0.0 0.0 0.0 2.9872577196 0.0 1.8406535938 0.0 0.0 0.0 0.0 0.0 2.7030596448 1.6512243458 1.042307239 0.0 1.28214998 0.0 0.0 1.2050772863 0.8670276504 0.0 0.0 0.0 0.0 0.0 1.9879488872 0.0 2.354969351 0.9716423414 1.8281204385 0.0 0.0 0.0 0.0 0.0 0.0 1.672864323 0.0 2.2356662251 0.0 0.0 1.4721518435 0.0 3.0750465179 0.0 0.0 1.0728127061 0.0 0.0 2.0484052934 1.3723417043 0.0 1.3205721243 0.0 0.0 1.0693516764 0.0 1.3512990227 1.4737572436 0.0 2.3397093071 0.0 0.0 0.0 0.0 1.5371930349 0.0 1.461362313 0.0 0.0 1.2160251121 0.0 1.2281310363 0.0 1.6273442053
0.7892607062 0.3817826302 0.4120358619 0.8566723633 1.3628878507 1.2894168076 0.839768328 1.1867940872 0.9458236739 0.7433933731 0.8297759021 0.8278732451 1.2332270917 0.7533443081 0.4755357609 0.0 0.5849601188 0.0 0.542590253 0.5497969532 0.3955672934 0.5648624036 0.7462764402 0.57435988 0.8346759182 1.0124309748 0.906969415 1.1337117687 1.0744165447 0.4432960483 0.8340502793 0.0 0.5034340836 0.0 0.4995547573 1.0317153744 0.5975002474 0.7632171964 0.6162623325 1.0199864299 0.8089985827 1.1315405013 0.6716453853 1.1618060367 1.4029400651 0.5410178022 0.6960462952 0.4894533852 0.7674879971 1.2859037094 0.9345516691 0.6261086292 0.7491989214 0.6024895985 0.6568748587 0.8350392228 0.4878743466 0.6715792133 0.6165082472 0.672377823 0.4328142417 1.0674543974 0.654894162 2.6070097602 0.6130315994 0.6489942146 0.7013193732 0.5722435945 0.0 0.0 0.7698693871 0.5547917211 0.7819221368 0.5603148525 0.7878999119 0.7424493816
3.166724297 1.5318136601 0.0 3.4371978312 5.4682692768 0.0 3.3693743362 4.7617341671 0.0 2.9826923328 0.0 3.3216480935 4.948035756 0.0 1.9079762065 0.0 2.3470158928 0.0 2.1770166993 2.2059319013 0.0 2.2663785034 2.9942599663 0.0 3.348942231 4.0621428914 3.6390030068 4.5487537586 4.3108455174 0.0 3.346432001 0.0 2.0199117125 2.943768108 2.0043468214 0.0 2.397330231 3.062230795 2.4726087165 0.0 3.2459179179 0.0 2.6948202841 0.0 5.6289694352 0.0 0.0 1.9638174243 0.0 0.0 0.0 2.5121146828 0.0 0.0 2.635556995 3.3503999061 1.9574819005 2.6945547846 0.0 0.0 1.7365660861 0.0 0.0 10.460017945 2.4596461544 2.6039377509 0.0 2.2959938082 0.0 5.7807418069 3.088921157 2.225972241 0.0 0.0 3.1612644276 2.978904787
1.5461477224 0.7479053999 0.8071709441 0.0 0.0 2.5259446526 1.6450912575 2.3249085638 1.8528517988 1.4562944306 1.6255162724 1.6217890011 0.0 1.4757881356 0.9315661199 0.0 0.0 2.0013646318 0.0 1.0770424783 0.7749093107 1.1065554284 1.4619423079 0.0 1.6351153171 1.9833343198 0.0 2.2209212435 2.1047629516 0.0 1.6338897016 1.5972654255 0.0 1.4372897444 0.9786189078 2.0211121164 1.1704923855 1.4951289488 1.2072469773 1.9981353222 1.5848138724 2.2166677692 1.3157413952 0.0 2.7483347003 1.0598442771 1.3635423449 0.0 0.0 2.5190625556 1.8307701414 1.2265356978 1.4676673967 1.1802664357 0.0 0.0 0.0 1.3156117655 1.2077287199 1.3171762277 0.8478754217 2.0911242285 1.282926046 5.1070858735 1.2009180285 0.0 1.3738722111 0.0 1.3060982106 2.8224373013 1.5081604724 1.0868271399 0.0 1.0976468564 1.5434819505 1.4544451679
0.0 0.0 2.628472146 5.464911319 0.0 8.225488306 0.0 0.0 0.0 0.0 5.2933325662 5.2811950767 0.0 4.8057577347 3.0335527018 4.8852995124 3.7315960117 6.517245482 3.4613088294 0.0 2.5234153358 3.6033880343 0.0 3.6639746343 0.0 0.0 5.7857678547 0.0 6.8539518583 0.0 0.0 0.0 0.0 0.0 0.0 0.0 0.0 4.8687391751 3.9312800792 0.0 5.1607892362 7.218358801 0.0 0.0 8.9496794457 3.4512778017 0.0 0.0 0.0 0.0 0.0 3.994091885 0.0 0.0 0.0 0.0 0.0 0.0 3.9328488263 0.0 0.0 0.0 0.0 0.0 0.0 4.1400843325 0.0 0.0 4.2531793192 0.0 4.9111750395 3.5391448188 0.0 0.0 5.0261959308 4.7362564764
0.0 1.0433932453 0.0 2.3412436466 0.0 3.5239130359 2.2950457452 0.0 2.5848898156 2.0316577099 0.0 2.2625370657 0.0 0.0 1.2996159636 2.0929299265 0.0 2.792078167 0.0 0.0 0.0 1.5437413069 0.0 1.5696974449 0.0 2.7669243097 2.4787030274 3.0983787843 2.9363278388 1.2115064068 0.0 2.2283245395 1.3758607144 0.0 1.3652587054 0.0 0.0 2.0858352488 1.6842147972 2.7875729985 0.0 3.0924448167 0.0 0.0 3.8341665434 1.478575178 0.0 1.3376521497 0.0 3.5143119105 0.0 0.0 2.0475239891 1.6465745892 1.7952068438 0.0 1.3333367144 1.8353931254 1.6848868701 1.8375756866 1.1828601424 2.9173006308 1.7897936968 7.1248300974 0.0 0.0 1.916671527 1.5639137402 1.8221208868 0.0 2.1040153605 1.5162186242 2.1369549356 1.5313130721 0.0 2.0290778271
2.4379409505 1.1792852488 1.2727342091 2.6461682678 4.2098131533 0.0 2.593953531 0.0 2.9215470229 0.0 2.5630880082 2.5572109065 3.8093050934 0.0 0.0 2.3655140575 1.8068785344 0.0 1.6760026018 1.6982633193 0.0 1.7447988661 2.3051672023 0.0 2.578223628 3.127289771 2.8015304199 3.5019130248 0.0 0.0 2.5762910971 2.5185425255 1.5550534301 2.2662954353 1.5430706107 3.1868571952 0.0 0.0 0.0 3.1506277544 0.0 3.4952062146 2.0746399461 3.5886931798 4.3335301112 1.6711454714 2.1500117176 1.5118685648 0.0 3.9720174678 2.8867290194 0.0 2.3141944305 0.0 2.0290153871 2.5793458368 1.5069910853 0.0 1.9043272907 0.0 1.3369163771 0.0 2.0228972295 8.0527711603 1.8935883017 2.0046729301 2.1662996851 1.7675985662 2.0594347272 4.4503739049 2.3780432634 0.0 2.4152729035 1.7307519725 2.433737604 0.0
5.2783172144 2.5532372424 2.7555609516 5.7291443081 9.1145477629 8.6231974792 5.6160956537 7.9368903218 6.3253590866 4.971571507 5.5492695805 5.5365452333 8.2474190547 5.038120102 3.1802274878 5.1215077906 3.91202177 6.8323596997 3.6286659785 3.6768620304 0.0 3.7776148306 4.9908525158 3.8411308429 5.5820392842 6.7708069096 6.0655145232 7.5818931539 7.1853461081 2.9646188446 5.577855216 5.4528254119 3.3668023369 4.906692349 3.3408586725 0.0 3.995886045 0.0 4.1213607276 6.8213353193 5.4103176707 7.5673724283 4.4917444531 7.7697784208 9.3824038604 3.6181499423 4.6549297503 3.2733040026 0.0 8.5997030288 0.0 4.1872095362 5.0103971131 4.0292531916 4.3929640068 5.5844689468 3.2627439093 0.0 4.1230053248 0.0 2.8945199538 7.138785546 0.0 17.434827792 4.0997546425 4.3402608395 0.0 3.8269778184 4.4588240624 9.6353790636 5.1486344208 3.7102654025 5.229239265 3.7472022973 5.2692166675 4.9652584003
0.0 0.2957147613 0.0 0.6635468546 0.0 0.9987347597 0.0 0.9192469809 0.7326001756 0.5758051218 0.6427138465 0.6412401185 0.9552122757 0.0 0.3683324827 0.5931706731 0.4530885593 0.7913207531 0.0 0.4258524666 0.3063918536 0.0 0.5780382393 0.0 0.6465092185 0.7841917373 0.702505098 0.8781313725 0.8322034763 0.3433607889 0.6460246217 0.6315437274 0.0 0.0 0.3869367125 0.0 0.462801681 0.0 0.477334101 0.0 0.0 0.8764495887 0.0 0.8998921575 1.0866656931 0.4190524596 0.5391318194 0.3791125617 0.0 0.0 0.0 0.4849606796 0.0 0.4666662486 0.0 0.6467906209 0.3778894966 0.5201805191 0.4775245775 0.5207990927 0.0 0.0 0.507256893 0.0 0.0 0.5026870111 0.5432161513 0.0 0.5164189489 1.1159651646 0.0 0.4297212298 0.6056480828 0.4339992439 0.6102782472 0.5750739407
7.5476695061 3.6509724773 3.9402829579 0.0 13.03324363 12.330642895 8.0306719332 11.349265802 9.0448750906 7.10904198 7.935114752 7.9169197169 11.793302823 7.2042023844 4.5475300285 7.3234416587 5.5939509167 9.7698548353 5.1887695341 5.2576869289 3.7827946773 5.4017572466 7.1366126386 5.4925812441 0.0 9.6818381251 0.0 0.0 10.274603725 4.2392229079 7.9759904554 7.797205513 0.0 7.0162687679 0.0 9.8662540894 5.7138716804 0.0 5.8932927718 9.7540906484 7.7364220532 10.820877905 6.4229187562 11.110306045 13.416261402 5.1737322481 6.656263711 4.6806237294 7.3394579336 0.0 0.0 5.9874525247 7.1645602126 5.7615846511 6.2816687836 0.0 4.6655234443 6.4222859563 5.8956444449 6.4299230297 4.1389857985 10.20802498 6.2627274586 0.0 5.8623973969 0.0 6.7066899512 5.4723432881 6.375844619 13.778000409 0.0 5.3054516999 7.477491052 0.0 7.5346562828 7.1000146251
6.2393791499 3.018123877 3.257286148 6.7722916396 10.774100336 0.0 6.6386593874 9.3820181654 7.4770636165 0.0 6.5596658009 6.5446246385 9.7490871427 5.9554475872 3.7592748358 6.0540182839 4.6243122711 8.0763775504 4.289363812 4.3463352726 3.1270964128 4.4654328743 5.8995736448 4.5405137129 6.5984021249 8.0036173923 7.1699072472 8.962384059 8.4936347836 3.5044087452 6.5934562327 6.445661335 3.9798207363 5.8000898191 0.0 8.1560672474 4.7234463299 0.0 4.8717671083 8.0633458803 6.3954138976 8.9452194384 5.3095893158 9.1844789747 0.0 4.276933044 5.5024869572 3.8692984744 6.0672583457 10.165514044 7.3879545159 4.9496054926 0.0 4.7628888776 5.192823189 6.601274174 3.8568156274 0.0 4.8737111495 5.3153794895 3.4215464352 8.4385965984 5.1771650964 20.609314785 4.8462270449 5.1305239694 5.5441724644 4.5237837435 5.2706748681 11.389763212 6.0860840587 4.3858206417 6.1813652181 4.4294829079 6.2286215996 5.869319421
0.0 2.5369440768 2.7379766823 5.6925844868 0.0 0.0 0.0 0.0 6.2849945948 4.9398460422 5.5138576074 5.501214459 8.1947891765 0.0 3.1599332619 5.088825526 3.8870576899 6.7887598466 0.0 3.6533985929 2.62854311 3.7535084518 0.0 0.0 0.0 0.0 6.0268081971 7.5335102464 0.0 2.9457004984 5.5422608271 5.4180288852 3.3453175068 4.8753809025 0.0 6.855744607 0.0 0.0 4.095060777 6.777805817 5.3757924019 7.519082183 4.4630809449 0.0 9.3225312179 3.5950611688 4.6252248955 3.2524158205 5.0999547235 0.0 6.2100921674 4.1604893797 0.0 4.0035410138 4.3649308537 5.5488323532 0.0 4.4626412325 4.0966948795 4.4679479906 2.876048935 7.0932302745 4.3517691324 0.0 0.0 4.3125640051 4.660264478 3.8025564358 4.4303706316 0.0 5.1157790511 3.6865888056 5.1958695254 0.0 0.0 4.9335732219
2.3228699402 0.0 0.0 2.5212689113 4.0111096315 3.7948773064 0.0 0.0 0.0 2.1878779808 2.4421100467 0.0 0.0 2.2171645365 0.0 0.0 0.0 3.0067694537 0.0 0.0 0.0 1.6624442184 2.1963631237 1.6903962019 0.0 0.0 2.6692979572 0.0 0.0 1.3046627777 2.4546899487 0.0 0.0 0.0 1.4702375529 0.0 0.0 2.2462213937 1.8137191377 3.0019178692 2.3809604034 3.3302321983 0.0 0.0 4.1289871391 0.0 2.0485309904 1.4405082461 2.2587907695 3.7845379216 2.7504751759 1.842697733 0.0 0.0 0.0 2.4576005044 0.0 1.9765220222 1.8144428884 0.0 0.0 3.1416206493 1.9274163165 7.6726797095 1.8042107805 1.9100522055 0.0 1.6841677708 1.9622292414 4.2403158962 2.2657994288 1.6328052338 2.3012718269 1.6490603392 0.0 0.0
0.0 1.9656752293 0.0 0.0 7.0170685535 6.6387899253 4.3236953966 0.0 0.0 3.8274919383 0.0 4.2624514636 0.0 3.8787260823 0.0 3.9429242348 3.011770376 0.0 2.7936216465 0.0 2.0366480002 0.0 0.0 2.9571931761 0.0 5.2126794969 0.0 0.0 5.5318231396 2.2823879153 4.2942550141 4.1979976101 2.5920192004 0.0 0.0 5.3119686302 3.0763354408 0.0 3.1729353459 0.0 0.0 5.8259359083 3.4580847643 5.9817633571 7.2232844457 2.7855256062 0.0 2.5200371078 0.0 6.6207021196 4.811704151 3.2236307415 3.8573828277 3.1020239951 0.0 4.2993467645 0.0 3.4577440663 0.0 3.4618558491 0.0 0.0 3.3718381361 13.422649705 0.0 3.341461216 3.6108665265 0.0 0.0 7.4180438994 0.0 0.0 0.0 2.8848798742 4.0566417052 0.0
0.0 0.0 0.0 7.3117293743 11.632296732 11.005218741 7.1674528257 10.129330138 0.0 0.0 0.0 0.0 10.525637499 6.4298207132 4.0587147904 6.5362429255 4.9926556131 0.0 0.0 4.6925367327 3.3761810499 0.0 0.0 0.0 0.0 0.0 0.0 0.0 9.1701837792 3.783547686 0.0 6.9590817743 4.2968279764 0.0 4.263717787 8.8057277572 0.0 0.0 5.2598211309 0.0 0.0 9.6577387992 5.7325174744 0.0 0.0 4.6176063633 5.9407801166 0.0 6.5505376066 10.975234322 7.9764320446 0.0 6.3944396891 5.1422703519 0.0 0.0 4.164025062 0.0 5.261920022 5.7387688566 0.0 0.0 5.5895451828 0.0 0.0 0.0 5.9857860266 0.0 5.6905033489 12.296999402 6.5708628562 0.0 6.6737335076 4.7823073805 6.7247540323 0.0
0.0 0.0 4.0925961739 8.509002155 0.0 0.0 8.3411007735 0.0 9.3945083601 0.0 0.0 0.0 12.249177667 7.4826837132 0.0 7.6065322294 5.8101873301 10.147512487 0.0 0.0 3.9290201207 0.0 0.0 5.7048991721 0.0 10.056093456 0.0 0.0 10.671772647 0.0 0.0 8.0986096152 5.0004200976 7.2874854474 0.0 0.0 5.9347436789 0.0 0.0 10.131138929 0.0 0.0 6.6711992534 11.539779376 13.93487236 0.0 0.0 0.0 0.0 0.0 9.2825478054 0.0 0.0 5.9843010136 6.5244892065 0.0 0.0 6.6705419924 0.0 0.0 4.2989799524 0.0 6.504815697 25.894440649 6.0890107164 0.0 0.0 5.6838789098 0.0 14.310594533 0.0 0.0 7.7665364637 0.0 7.8259114394 7.3744685343
2.943333767 1.423754785 1.5365760083 3.1947272612 5.0825206427 4.8085303116 3.1316882454 4.4258267057 3.5271928972 2.772283987 3.0944242028 3.0873287595 4.5989860041 2.8093933002 1.7733816615 2.8558925516 2.1814501298 3.8099102792 0.0 2.0503186396 1.4751609485 0.0 2.7830356038 2.1419194137 3.1126974842 3.7755867632 3.3822964754 4.2278705942 4.0067451364 1.6531523963 3.1103643335 3.0406443016 1.8774208905 2.7361055974 1.862953995 3.8475027015 2.2282151389 0.0 0.0 3.8037627838 3.0169408248 4.2197734412 2.5047193233 4.3326405479 5.2318845147 2.0175791766 2.5957158997 1.825283667 2.8621383527 0.0 3.4851570122 2.3349023404 2.7939342048 2.2468215707 2.4496366499 3.1140523303 1.8193950707 2.5044725529 2.2991003195 2.5074507511 1.6140633413 3.980781696 2.442250179 9.7221359152 0.0 0.0 2.6153804141 2.1340273009 0.0 5.3729503938 2.8710191012 2.0689452717 0.0 0.0 2.9382590536 0.0
8.4482901459 4.0866223379 4.410454599 9.1698682432 14.588426751 13.801988651 8.9889265161 12.703509389 10.12414879 7.9573236821 8.8819670378 8.8616008922 13.200530832 8.0638390385 5.0901610221 8.1973064598 6.2614453863 10.93563626 5.8079160049 5.8850569219 4.2341741342 0.0 7.9881841912 6.1479798449 8.9344170808 10.837117015 0.0 0.0 11.500613975 4.7450653595 8.9277202073 8.7276018706 5.3887862079 7.8534803682 5.3472616849 11.043538291 6.3956756152 8.1695189803 6.5965060089 0.0 8.659565465 12.112071958 7.1893292614 12.436035919 15.017147863 5.7910844047 7.4505179476 5.2391360402 8.215233866 13.764384254 10.003492629 6.7019013117 8.0194665909 6.4490819044 7.0312247298 8.9383059138 5.2222339237 7.1886209531 6.5991382939 7.1971693151 4.6328675238 11.426090765 7.0100232438 27.905576313 6.5619240639 6.9468698812 7.5069612654 6.1253270083 7.1366380341 15.422051136 8.2407243966 5.9385211924 8.3697376944 5.9976410959 8.4337241284 7.9472191441
6.3224408692 3.0583026436 0.0 6.8624477552 10.91753052 10.3289844 6.7270365239 0.0 7.5766020072 5.955016647 6.6469913355 6.6317499376 0.0 6.0347294683 3.8093201726 0.0 4.6858734167 8.1838943064 4.3464659571 4.4041958501 3.168725876 4.5248789383 5.9781117042 4.6009592904 6.6862433367 8.1101655288 0.0 0.0 8.6067062755 3.5510611779 0.0 6.5314691854 4.0328020899 0.0 4.0017264122 8.2646448722 0.0 6.113817091 0.0 0.0 6.4805528291 9.0643026499 0.0 9.3067473282 0.0 4.3338697045 5.5757388011 3.9208085007 0.0 0.0 7.486306642 5.0154971034 6.0015224913 0.0 0.0 0.0 0.0 5.3797431341 0.0 5.3861404657 3.4670957636 8.5509353945 5.2460860938 20.883676237 4.9107424303 5.1988240569 5.6179792465 0.0 0.0 11.541389406 6.1671050375 4.4442068681 0.0 0.0 6.3115401091 5.9474547211
1.2659858521 0.6123849884 0.6609116197 1.3741151477 2.1860922804 2.06824364 1.3470008248 1.9036352778 1.517115169 1.1924139711 1.3309728258 1.3279209358 1.9781145042 1.208375418 0.7627663974 1.2283756623 0.9382846867 1.638717486 0.870322795 0.8818824488 0.6344957922 0.9060476542 1.1970384534 0.9212817467 1.3388325242 1.6239542654 1.4547923628 1.8184904535 1.7233800368 0.7110534213 1.3378289901 1.3078410306 0.8075157199 1.1768529329 0.8012932231 1.6548867276 0.0 1.224211677 0.9884939007 1.6360733271 1.2976456981 0.0 1.0773291369 1.8635540751 2.250336625 0.8678005606 1.1164685575 0.7850904727 1.2310621044 2.0626085785 1.4990347066 1.0042875063 1.2017261564 0.9664022316 1.0536369937 1.3394152702 0.7825576714 1.0772229961 0.9888883516 1.0785039778 0.6942404485 1.7122126494 1.0504599269 4.1816822335 0.9833117571 1.040996324 1.1249266526 0.9178871935 1.0694332968 2.3110118393 1.2348818893 0.8898941303 1.2542146782 0.8987533148 1.2638031179 1.1908997947
0.0 0.0 1.959575257 0.0 0.0 6.1322557233 3.9938009999 0.0 4.4981829019 0.0 3.9462786545 0.0 5.8650266126 0.0 0.0 3.6420823641 0.0 4.8587286761 2.5804706164 2.6147445056 0.0 2.686393327 3.5491688528 2.731561773 3.9695823308 4.8149563457 4.313398393 5.3917479913 5.1097495914 2.1082435977 3.9666068943 3.8776938509 2.3942502708 0.0 2.3758008285 4.9066697999 2.8416135811 0.0 2.930842993 4.8508888558 3.8474651174 5.3814217982 3.1942357457 0.0 0.0 2.5729922972 3.3102824877 2.3277603526 3.6500475524 6.1155480023 0.0 2.9776703717 3.5630676958 2.8653421198 3.1239895338 3.9713101484 2.3202507028 0.0 0.0 0.0 0.0 5.0766387558 3.1145696642 12.39851259 2.9154781543 3.086510478 3.3353603853 0.0 3.1708249106 6.8520532612 0.0 2.6384988056 3.7186939634 0.0 3.7471232852 0.0
0.0 1.6814409447 1.8146817431 3.772942701 6.0024088425 0.0 0.0 0.0 4.1655814749 0.0 0.0 3.6461060856 0.0 3.317866935 2.0943469814 3.3727821115 0.0 4.4994680311 0.0 2.4214069352 1.7421511379 2.4877579506 0.0 2.5295865836 0.0 0.0 0.0 4.9930752128 4.7319281371 0.0 0.0 3.5909721821 2.2172163276 3.2313148507 2.2001310607 4.5438643265 2.6315010195 0.0 0.0 0.0 0.0 4.9835125516 0.0 0.0 6.1788061636 2.3827419387 3.0655159446 0.0 0.0 0.0 0.0 2.7574975961 3.2996098894 0.0 2.8929977313 0.0 0.0 2.9577584144 0.0 0.0 0.0 0.0 2.8842743789 0.0 2.6999039512 2.858289925 3.0887395502 0.0 0.0 0.0 0.0 2.4434048117 3.4437289507 0.0 0.0 0.0
1.0715923539 0.5183526104 0.559427925 1.1631182791 1.8504154441 1.75066259 1.1401673899 1.61133002 0.0 1.009317515 1.1266005075 1.1240172385 1.6743728806 1.0228280644 0.6456427913 1.0397572495 0.7942100573 1.387090642 0.0 0.0 0.5370682764 0.766923056 1.013231903 0.7798179371 0.0 0.0 1.2314074205 1.5392592757 1.4587531664 0.0 1.1324039003 1.1070206245 0.6835208069 0.996145891 0.6782537812 1.400777079 0.0 1.0362326487 0.8367095921 1.3848524965 0.0 1.5363113099 0.9119040816 1.5774033294 1.904795 0.734548845 0.9450336018 0.6645389807 1.0420311856 1.7458927983 0.0 0.8500780724 1.0171998041 0.0 0.8918498926 1.1337466054 0.6623950938 0.9118142388 0.8370434746 0.9128985244 0.587639076 1.4493005435 0.8891606679 3.5395803995 0.8323231722 0.8811502115 0.9521929473 0.7769446212 0.9052206563 1.9561534695 1.0452644384 0.7532499232 1.0616286566 0.7607487704 1.0697447809 1.0080358419
4.1893862435 2.0264975645 0.0 0.0 0.0 6.8442087557 0.0 6.2994886021 5.0204205746 3.9459229967 4.4044404112 4.3943411309 6.5459544262 3.9987424384 0.0 4.0649270236 0.0 5.422825604 0.0 2.9183155509 0.0 0.0 0.0 3.0486952677 4.4304496373 5.3739713193 4.8141826402 0.0 5.7029899715 0.0 0.0 4.3278929327 0.0 0.0 2.6516305852 5.4763326778 3.1715240573 0.0 3.271112977 5.4140755829 0.0 0.0 3.5650855484 6.1668523336 7.4467888282 0.0 3.694605282 2.5980126246 4.0738169679 0.0 0.0 0.0 3.9767387763 0.0 3.4866837726 0.0 0.0 0.0 0.0 0.0 0.0 5.666034978 3.476170259 0.0 0.0 0.0 0.0 3.03746205 0.0 7.6475745698 4.0864573574 2.9448277179 0.0 0.0 4.1821631638 0.0
0.6403806358 0.3097660906 0.0 0.6950762763 1.1058031669 0.0 0.6813608882 0.9629263767 0.7674107692 0.6031653638 0.6732533567 0.6717096023 1.0006006164 0.6112392308 0.3858343517 0.6213560652 0.4746177402 0.0 0.4402402001 0.4460874838 0.320950521 0.4583111035 0.0 0.4660170489 0.6772290715 0.0 0.7358856789 0.0 0.8717468698 0.0 0.6767214483 0.6615524726 0.0 0.0 0.4053225894 0.8371005198 0.4847923954 0.6192497735 0.0 0.8275840332 0.0 0.9180954024 0.0 0.94265188 1.1383002395 0.0 0.0 0.3971266624 0.6227149631 0.0 0.0 0.0 0.0 0.0 0.0 0.6775238451 0.0 0.0 0.0 0.0 0.0 0.8660980083 0.5313599633 2.1152434864 0.4973940326 0.5265729366 0.5690278796 0.0 0.0 1.1689919193 0.6246471461 0.0 0.6344263577 0.0 0.6392765313 0.6023994395
0.7027221933 0.3399220627 0.3668581779 0.7627424974 1.2134539731 1.1480386646 0.0 1.0566680153 0.0 0.6618839853 0.0 0.7371010593 1.0980098717 0.0 0.4233956287 0.6818455659 0.5208221497 0.0 0.4830979291 0.4895144505 0.3521953062 0.5029280491 0.6644509385 0.5113841744 0.7431578531 0.9014229515 0.0 1.0094059092 0.9566121118 0.3946908403 0.7426008124 0.725955125 0.4482350391 0.6532463794 0.4447810616 0.9185929124 0.5319873156 0.679534225 0.5486922313 0.9081499884 0.7202959098 1.0074727105 0.5980028077 0.0 1.2491146613 0.4816978897 0.6197282791 0.4357872547 0.6833367535 0.0 0.8320827244 0.5574589305 0.6670529841 0.0 0.5848517959 0.7434813232 0.4343813498 0.5979438911 0.0 0.5986549372 0.3853583118 0.9504133293 0.5830882728 0.0 0.5458157321 0.5778352253 0.6244231903 0.0 0.5936199924 1.2827942002 0.685457036 0.4939615668 0.6961882616 0.4988791144 0.7015106034 0.6610434977
0.9360580636 0.0 0.488671852 1.0160078505 0.0 0.0 0.9959597745 1.4075300677 1.1217407249 0.881659705 0.9841088224 0.9818522836 1.462599309 0.8934614491 0.0 0.9082494421 0.0 1.2116523374 0.6435085107 0.6520556103 0.469140237 0.6699231365 0.8850790038 0.0 0.9899202097 1.2007365506 1.0756598266 1.3445747832 1.2742510333 0.5257462298 0.0 0.96700539 0.5970695485 0.8701540193 0.0 1.223607723 0.7086314069 0.9051706305 0.0 1.2096972711 0.9594670568 0.0 0.0 1.3778944023 1.6638777916 0.0 0.0 0.5804885311 0.9102357722 0.0 0.0 0.0 0.0 0.0 0.7790493096 0.0 0.5786158016 0.0 0.731174771 0.7974357244 0.0 1.2659939718 0.7767002163 0.0 0.7270514894 0.0 0.0 0.6786771808 0.790728948 0.0 0.9130600854 0.6579793724 0.0 0.6645297704 0.9344441704 0.8805401371
8.9990832233 4.3530529712 4.6979977373 0.0 0.0 14.701820412 0.0 13.531724911 0.0 8.4761078057 9.4610340294 9.4393400965 0.0 0.0 5.4220181678 0.0 0.0 11.64859387 6.1865677645 0.0 4.5102245256 6.4405129259 8.5089802906 6.5488023403 9.5169035951 0.0 10.341187876 12.926484846 0.0 5.0544237157 9.5097701136 9.2966049008 0.0 8.3654943434 0.0 11.763530661 6.8126468359 8.7021373472 0.0 0.0 0.0 12.90172824 0.0 0.0 0.0 0.0 0.0 5.5807057322 8.7508326516 0.0 0.0 7.1388371632 8.5423021714 0.0 0.0 0.0 5.5627016686 0.0 7.0293744276 0.0 4.9349110517 0.0 7.4670473526 0.0 0.0 0.0 0.0 0.0 0.0 0.0 0.0 0.0 8.9154094815 0.0 0.0 8.4653444942
9.0751542946 0.0 4.7377108627 9.8502735739 15.670889777 0.0 0.0 13.64611132 10.875361852 8.54775806 9.5410100643 0.0 0.0 0.0 0.0 8.8055475887 6.7260453898 11.747061791 6.2388640736 0.0 4.5483503661 0.0 8.5809084226 6.6041606916 9.5973519068 11.641232405 10.42860403 0.0 12.35396092 5.0971497821 0.0 9.375190983 5.788634795 8.4362095597 5.7440291474 11.862970166 6.870235518 8.7756982749 7.0859675512 11.728107274 9.3021062679 0.0 7.7227783605 13.358791285 16.131422048 6.2207835667 8.0033472788 5.6278805669 0.0 0.0 10.74575299 7.1991831981 0.0 0.0 0.0 9.6015292917 5.6097243113 0.0 0.0 7.7312001471 0.0 12.27390808 7.5301678147 0.0 0.0 7.462328465 8.0639786975 6.5798270118 0.0 0.0 0.0 0.0 0.0 6.4426667893 9.0595074768 8.536903764
3.2069086235 1.5512516959 1.6741760336 3.4808143468 5.5376591881 5.2391330863 3.4121302018 4.8221584612 3.8430522035 3.0205413753 3.3715291728 3.3637983342 0.0 0.0 0.0 0.0 2.3767984833 0.0 2.2046420754 2.2339241985 1.6072612694 2.2951378412 3.032255797 2.3337278007 3.3914388223 0.0 3.6851803406 0.0 0.0 1.8011918102 3.3888967385 3.312933294 2.045543496 0.0 2.0297810934 4.1920456765 2.4277512881 3.1010891453 2.5039850242 4.1443888593 3.2871071763 4.5976531746 2.729016358 4.7206275046 5.7003985601 2.1982529241 2.8281616568 1.9887373962 3.1184421787 5.2248587348 3.7972520147 2.5439923037 3.0441303651 2.4480239215 2.6690010441 3.3929149946 1.9823214775 2.7287474894 2.5049842201 2.7319923846 1.7586023393 4.337259774 2.6609531164 10.592750933 2.4908579729 0.0 2.8495871239 0.0 2.7090151568 5.854096856 3.1281181961 2.2542188412 3.1770906923 2.2766603205 3.2013794707 3.0167057672
1.4920617288 0.0 0.7789351928 0.0 2.5764779455 0.0 0.0 0.0 0.0 0.0 0.0 0.0 2.3313601349 0.0 0.0 1.4477352265 1.1058406928 1.9313546366 1.0257423745 0.0 0.7478021078 1.0678468697 1.4108019148 0.0 0.0 1.9139550452 1.714584728 0.0 0.0 0.0 0.0 0.0 0.0 0.0 0.0 0.0 0.0 0.0 1.1650161145 0.0 1.5293752932 0.0 0.0 0.0 0.0 0.0 0.0 0.0 0.0 0.0 0.0 1.1836300938 0.0 1.1389793827 1.2417922615 1.5786039476 0.922304424 1.26959018 0.0 1.2710999155 0.8182157818 0.0 1.2380478439 4.9284342415 1.1589085595 0.0 0.0 1.0818006777 0.0 0.0 0.0 0.0 0.0 1.0592499296 1.4894892086 1.4035670332
0.0 3.4690735733 3.743970015 7.784166229 12.383900819 11.716305087 7.6305674591 10.783822205 8.5942409442 6.7548549921 7.5397711318 0.0 11.205736394 6.8452743109 4.3209627965 6.958572841 5.3152488594 0.0 4.9302544406 4.99573823 3.5943281221 0.0 6.7810520242 5.2189296308 7.5842952016 9.1994691797 0.0 0.0 9.7627019866 4.0280161662 7.5786103242 7.4087328126 0.0 0.0 4.5392117663 0.0 5.4291949257 6.9349844585 5.599676892 9.2681219347 7.350977709 10.281759671 0.0 10.556767911 0.0 4.9159663429 6.324635061 4.4474254975 0.0 11.684383268 8.4918177043 0.0 0.0 0.0 0.0 0.0 4.4330775395 6.1023145559 5.6019113999 0.0 0.0 9.6994403307 0.0 23.688633138 5.5703207877 5.897095628 6.372548963 5.1996999711 6.0581870208 13.091552294 6.9954296887 5.0411232626 7.1049471789 5.0913092788 0.0 6.7462773984
13.038294827 0.0 6.8066799778 0.0 0.0 21.300688556 13.87266205 0.0 15.624657122 12.280583457 0.0 13.676159682 0.0 0.0 7.8556748142 0.0 0.0 0.0 0.0 0.0 0.0 0.0 0.0 9.4882126944 0.0 16.724985088 0.0 18.728498927 17.748963767 7.3230866912 0.0 0.0 8.316544783 0.0 8.2524597476 0.0 0.0 0.0 10.180425706 0.0 0.0 0.0 11.095333245 19.192605839 0.0 0.0 11.498427248 8.0855888176 12.678617728 0.0 0.0 0.0 0.0 9.9529052366 10.851329611 0.0 0.0 11.094240109 10.184488126 0.0 7.1499311253 0.0 0.0 0.0 0.0 0.0 0.0 9.4532524413 0.0 0.0 0.0 9.1649539499 12.917064376 0.0 13.015815008 0.0
0.0 1.0294726689 1.1110501759 2.3100076184 3.6750121202 3.4768982592 2.2644260727 3.2001772208 2.5504031481 2.0045520655 2.237481606 2.2323511123 3.3253833075 2.0313846523 1.2822769562 2.0650068104 1.5773385354 2.7548272672 1.4630886576 1.4825214456 1.066642862 0.0 2.0123262243 1.5487551078 2.2506944457 2.7300090036 2.4456330657 0.0 2.8971524119 1.1953429253 2.2490074172 2.1985950372 1.357504477 1.9783926007 1.3470439162 2.782009175 1.6111528546 2.0580067873 1.6617446109 2.7503822051 2.1814557926 3.0511865334 0.0 0.0 3.7830124764 0.0 1.8768811899 0.0 2.0695229543 0.0 2.520008311 0.0 2.0202066626 1.6246065849 0.0 2.2516740927 1.3155478169 1.8109059724 1.6624077172 1.8130594146 0.0 0.0 1.7659149149 7.0297731841 0.0 1.7500057715 1.8910999868 1.5430485672 1.7978108072 3.8850128127 2.0759443465 1.4959897823 2.1084444536 1.5108828455 2.1245634584 2.0020066026
2.5547386757 1.2357828578 1.3337088034 2.7729418199 0.0 4.1736817271 2.7182255613 3.8415047535 3.0615135164 2.4062718271 2.6858813222 2.6797226583 3.9918026101 2.438481765 1.5392500736 2.4788419299 1.8934431012 3.3069049967 1.7562971189 1.7796243106 1.2804020971 1.8283892986 2.4156039565 1.8591314474 2.7017420646 3.2771130598 2.9357471161 3.6696838951 3.4777526349 1.4348941364 2.6997169493 0.0 1.6295534721 2.3748699073 1.6169965756 3.339534261 1.9340339369 2.4704390759 1.9947644712 3.3015691274 2.6186277254 3.6626557727 2.1740325201 3.7606215441 4.5411423829 0.0 2.2530152286 1.5842996912 2.484263126 4.1623102656 3.0250274398 2.0266357081 0.0 1.9501838454 2.1262221638 2.7029180365 1.5791885397 2.1738183297 1.9955604666 2.1764033298 1.4009658331 3.4552170305 2.1198108953 8.4385661291 1.9843069904 0.0 2.2700835258 1.8522812947 2.1580988443 4.6635839698 2.4919713892 1.7957917525 2.53098464 1.8136694415 2.5503339538 2.4032162439
1.5047548545 0.0 0.7855616763 0.0 2.5983963138 2.4583210408 1.6010495116 0.0 1.8032479682 1.4173070803 0.0 1.5783710942 2.3511932602 1.4362789073 0.0 0.0 1.1152481956 1.9477848732 1.0344684726 1.0482083143 0.0 0.0 1.4228037548 1.0950384465 0.0 0.0 1.7291708803 0.0 2.0484150532 0.8451603829 0.0 1.5545040543 0.9598157812 1.3988111801 0.0 1.9670036857 0.0 1.4551019357 1.1749270289 0.0 1.5423858493 0.0 1.2805168762 0.0 0.0 1.0314705367 1.3270381174 0.0 1.4632443758 0.0 1.7817574723 1.1936993592 0.0 1.1486687999 1.2523563186 1.592033297 0.0 0.0 1.1753958744 0.0 0.0 0.0 0.0 0.0 1.1687675163 1.237331578 0.0 1.0910036697 0.0 0.0 1.4677845844 1.0577310247 0.0 0.0 1.5021604496 1.4155073252
4.4144174583 2.1353500747 2.3045595552 4.7914578884 7.6227739134 7.2118427051 0.0 6.6378631252 5.2900904677 4.15787668 0.0 4.6303814158 6.8975677629 4.213533297 2.6597211144 4.2832729608 3.2717429622 5.7141105231 3.034763883 3.0750717092 2.2124491343 3.1593343449 4.1740019749 0.0 4.6684294763 5.6626320499 5.0727745447 6.3409681809 6.0093238081 2.4794010388 4.6649302126 4.5603639791 0.0 4.103616264 0.0 5.770491708 3.3418812098 4.2687533915 0.0 5.7048904981 0.0 0.0 3.7565826998 6.4981023524 7.8467901263 3.0259690017 0.0 2.7375638387 4.2926404249 7.1921935807 0.0 3.501890873 4.1903477169 3.3697871708 3.6739696038 4.6704614771 2.728732111 3.7562125931 3.4481949354 0.0 2.4207752013 5.9703837918 3.662891361 0.0 0.0 3.6298923397 3.9225524096 3.2006181152 3.7290503743 8.0583609941 4.305959788 0.0 4.3733720743 0.0 4.4068063937 4.1525968366
3.3679585817 0.0 0.0 0.0 0.0 0.0 0.0 5.0643257662 0.0 3.172232028 0.0 0.0 0.0 3.2146949764 2.0292214401 0.0 2.4961605672 0.0 0.0 2.3461111801 0.0 2.410398953 0.0 2.4509268883 0.0 4.3202779048 3.8702489564 4.8378111955 0.0 0.0 3.5590860835 0.0 2.1482700571 0.0 0.0 4.4025689125 0.0 0.0 2.6297343769 0.0 0.0 4.8285458936 2.8660667146 0.0 0.0 0.0 2.9701910596 2.0886111725 0.0 5.4872495228 3.9879488352 2.6717508096 0.0 2.570962925 2.8030374502 3.5633061352 2.0818730483 0.0 0.0 2.8691921963 1.8469188043 4.555075617 2.794585358 0.0 0.0 2.7694089134 2.992692507 2.4418962071 0.0 0.0 3.2852113235 2.3674250135 3.3366432033 2.3909934969 0.0 0.0
0.5531455228 0.0 0.2887712393 0.6003903128 0.0 0.9036749563 0.0 0.0 0.6628711229 0.5209998583 0.5815401952 0.580206737 0.8642949523 0.5279738721 0.3332745125 0.5367125524 0.4099634863 0.7160026623 0.3802689869 0.3853197312 0.2772294068 0.3958782024 0.5230204272 0.4025344143 0.5849743229 0.7095521879 0.6356405017 0.7945506271 0.0 0.3106796303 0.58453585 0.5714332506 0.3528267748 0.5142007944 0.3501079875 0.7230674677 0.4187521109 0.0 0.4319013318 0.7148473535 0.5669786174 0.7930289159 0.4707159939 0.8142402156 0.9832366032 0.3791669504 0.4878171292 0.3430285412 0.537886336 0.9012128364 0.6549712504 0.4388020109 0.5250686191 0.422248848 0.4603642172 0.5852289413 0.3419218877 0.470669618 0.4320736787 0.4712293156 0.0 0.7481148068 0.4589760656 1.8270968839 0.4296371046 0.4548411461 0.4915127135 0.4010512366 0.467266075 1.0097473443 0.5395553096 0.3888202646 0.5480023594 0.3926910964 0.5521918237 0.0
3.2972289844 1.5949416259 1.7213280424 3.5788490727 0.0 5.3866896421 3.5082304864 4.9579712154 3.9512891078 3.1056128317 3.4664859575 3.4585373852 5.1519505269 3.1471840271 0.0 3.1992741711 2.4437393668 4.2679993487 2.2667342929 2.2968411268 1.6525286702 2.3597788093 0.0 2.3994556283 0.0 4.2295489041 3.7889708933 4.7362136166 4.4885008779 0.0 3.4843426687 3.4062397663 2.1031548122 3.0650844907 2.0869484724 4.3101117404 2.4961272221 3.1884291739 2.5745080286 4.2611127019 3.3796862739 4.7271428929 0.0 4.8535807097 5.8609463386 2.2601651957 2.9078148716 2.044748808 3.2062709435 5.3720132633 3.9041989884 2.6156420855 3.1298661891 2.5169708203 2.7441716104 0.0 2.0381521893 2.8056007731 2.5755353662 2.8089370585 0.0 4.4594156924 2.7358970184 10.891088428 2.5610112631 2.7112492975 2.9298437721 2.390614598 2.785312693 0.0 3.2162194792 2.317707354 3.2665712519 2.3407808821 3.2915441069 3.1016691964
1.9274963579 0.9323720583 1.0062551155 0.0 0.0 3.1489546875 0.0 0.0 2.3098472688 1.8154812573 0.0 2.0217941323 3.0117307362 0.0 1.1613316614 0.0 0.0 2.4949899565 0.0 0.0 0.9660363318 1.3794810982 1.8225221517 1.4026754 0.0 0.0 2.2149591768 2.768698971 0.0 1.0825973115 0.0 0.0 1.2294636678 1.7917891722 1.2199897547 0.0 0.0 0.0 1.505007651 2.4909641558 1.9756992962 0.0 0.0 2.8373095059 0.0 0.0 1.6998523915 1.1953206462 0.0 3.1403751601 0.0 1.5290538259 1.8296593014 1.4713725107 1.6041897028 0.0 1.1914643904 0.0 0.0 0.0 0.0 0.0 0.0 0.0 0.0 0.0 0.0 1.3975071045 0.0 0.0 0.0 0.0 0.0 0.0 1.9241730883 0.0
0.0 0.0 0.0 7.3140488997 11.635986886 11.008709965 0.0 10.132543501 8.0751999216 0.0 0.0 7.0681694149 10.528976583 6.4318604676 4.0600023507 0.0 0.0 0.0 4.6324964044 0.0 3.3772520876 0.0 6.371516825 4.9037373305 7.1262488933 8.6438759724 7.7434722252 0.0 9.1730928686 3.784747954 0.0 0.0 4.2981910742 6.2640746762 4.2650703811 0.0 0.0 6.5161526561 5.2614897223 8.7083825095 6.9070223891 9.6608025574 5.7343360209 9.9192019355 11.977942419 4.6190712227 5.942664731 4.1788274568 6.5526156565 0.0 7.978962436 0.0 0.0 0.0 5.6082290535 0.0 4.1653460302 5.7337710617 0.0 5.7405893862 0.0 0.0 5.5913183737 0.0 5.2339065521 5.5409461361 0.0 0.0 0.0 12.300900422 0.0 0.0 6.6758506394 4.7838244885 6.7268873495 0.0
9.9670816182 4.8212949226 5.2033441327 10.818381428 17.211061362 16.283241342 10.604910899 14.987282957 11.944217772 9.387851652 0.0 10.454695309 15.573656436 9.513515808 6.0052447869 9.6709773368 7.3870968132 12.901590413 6.8520341813 6.9430431076 0.0 7.1332952927 9.4242601096 0.0 0.0 0.0 0.0 14.316939437 13.568137004 5.5981095471 0.0 10.296606612 6.3575553194 0.0 6.3085657248 13.028890533 7.5454582833 9.6381943627 0.0 12.880773002 10.216338961 0.0 8.4817910242 14.67172444 0.0 6.83217668 8.7899349099 0.0 9.6921276426 16.238876615 11.801870648 7.9067357084 9.461166303 0.0 8.2952632483 10.545189977 6.1610610963 0.0 7.7854984677 8.4910405236 5.465741344 13.480216384 0.0 32.922301662 7.7415940491 8.1957435057 8.8565253259 7.226507752 8.4196272308 0.0 9.7222007337 0.0 9.8744073988 0.0 9.9498969948 0.0
0.0 6.3389265611 6.8412359871 0.0 0.0 0.0 13.943090488 19.704931464 15.703980052 0.0 13.777181279 0.0 0.0 12.508149576 0.0 12.715176336 9.7123832807 0.0 0.0 9.1285517845 6.5678001693 0.0 12.390798258 0.0 13.85853868 16.80989414 15.0588635 18.823579375 17.839071332 0.0 13.848150887 13.537739174 8.358766042 0.0 0.0 0.0 0.0 12.672074044 0.0 16.935341111 0.0 18.787528744 11.151661799 0.0 23.293710451 8.9827871809 0.0 8.1266375642 0.0 0.0 15.51682536 0.0 12.439321663 10.003433936 10.906419412 0.0 0.0 0.0 10.236192521 0.0 7.1862297447 17.723475343 10.873532923 0.0 10.178468011 0.0 11.644353753 0.0 11.069930287 0.0 12.782523669 9.2114823948 12.982641456 0.0 0.0 12.327255702
9.7588279276 0.0 0.0 0.0 0.0 15.943016868 10.383330308 0.0 11.694653504 0.0 0.0 0.0 15.248258135 9.3147389891 0.0 0.0 7.2327497101 12.632022658 6.7088667566 6.7979741289 4.8909987793 0.0 9.2273482126 7.1016828699 10.320365118 0.0 11.214239334 0.0 13.284642325 5.4811418109 10.312629394 10.081467777 6.2247196099 9.0717485105 6.1767536112 12.75666295 7.387802352 9.4368124915 7.6197864838 0.0 0.0 13.990952493 0.0 14.36517124 17.346677189 0.0 8.6062766983 0.0 9.4896188814 0.0 0.0 7.7415311927 0.0 7.4494932714 8.1219407802 10.324857204 6.0323309664 0.0 7.6228271009 8.3136274559 0.0 0.0 8.0974504218 32.234418179 0.0 8.024500418 8.6714757642 0.0 8.243706283 0.0 9.5190636208 0.0 0.0 0.0 9.7420023623 9.1800284781
6.618544082 3.2015342304 3.4552303106 7.183841481 11.42883872 10.812728816 7.0420884426 9.9521601931 7.9314422093 6.233912029 6.9582944429 6.9423392343 10.341535826 6.3173580955 3.9877246789 6.4219188997 4.9053301426 8.5671762455 4.5500269805 4.6104605772 3.3171289899 4.7367956994 0.0 4.8164391748 6.9993847601 8.4899944776 7.6056200528 9.507025066 9.0097900578 3.7173704633 6.9941383077 6.8373619648 4.2216730781 6.1525592891 4.189142012 0.0 5.0104885441 6.4001496831 5.1678227255 8.5533526453 0.0 9.4888173573 0.0 9.7426166136 11.764706633 4.5368407989 5.8368712033 4.1044344163 6.4359635556 0.0 0.0 5.2503913216 6.2825959134 5.052328002 5.5083892741 7.0024313426 4.091192991 5.6316963368 5.1698849053 5.638393279 3.6294726392 8.9514072209 0.0 21.86173578 5.1407306011 5.4423041523 5.8810899246 4.7986925308 5.590971973 12.081915218 6.4559333006 4.6523454587 6.5570046635 4.6986610658 6.6071327991 6.2259959502
8.4438582741 4.0844785449 0.0 9.1650578403 14.580773837 13.794748293 8.984211033 12.696845281 10.118837783 0.0 0.0 8.8569522026 13.193605992 8.0596088452 5.0874907846 8.1930062511 0.0 10.929899557 5.8048692418 5.8819696916 4.2319529372 0.0 7.9839936856 0.0 8.9297301927 10.831431993 9.7031578271 12.128947284 11.494580891 4.7425761551 8.9230368323 0.0 5.3859593152 7.8493605266 5.3444565755 0.0 6.3923205205 8.1652333486 0.0 10.912263575 8.6550227608 12.10571811 7.1855578254 0.0 15.009270047 0.0 0.0 5.2363876523 0.0 13.757163623 0.0 6.6983855746 8.0152596748 6.4456987934 7.0275362336 8.9336169857 5.2194944024 0.0 6.595676465 0.0 0.0 11.420096775 7.0063458696 27.890937382 6.5584817572 6.9432256366 7.5030232035 6.1221137352 7.1328942393 15.413960913 0.0 0.0 0.0 0.0 0.0 7.9430501282
2.3379118321 1.130898981 0.0 2.5375955483 4.0370838268 3.8194512755 2.4875231907 3.5154669641 2.8016754677 2.2020457237 2.4579240854 2.4522881221 3.6530086785 2.2315219263 1.408610201 2.2684566265 0.0 3.0262399803 1.6072359392 1.6285832959 1.1717312777 1.6732094815 2.2105858127 1.7013424698 2.4724386882 2.998976557 2.6865831657 3.3582289571 3.1825873666 1.3131112043 2.4705854494 2.4152063112 1.4912493319 2.1733089606 1.4797581696 3.05609992 1.7698878041 0.0 0.0 3.0213569791 0.0 0.0 1.9895171277 3.4414485081 4.1557246576 0.0 2.061796383 1.4498363488 2.2734177126 3.8090449374 2.7682860526 1.8546302392 0.0 1.7846670309 0.0 0.0 0.0 1.9893211162 1.8261924286 1.9916867211 1.2820624781 3.1619644134 1.9398974232 7.7223646343 1.8158940621 1.9224208699 2.0774160525 1.6950737061 0.0 4.2677743311 2.2804717569 1.6433785679 0.0 1.6597389342 2.3338809496 2.1992494752
5.9004805828 2.8541912432 3.0803631591 6.4044473593 10.188893526 9.6396270289 0.0 8.8724237913 7.0709388908 5.557578287 6.203370521 6.1891463354 9.2195550236 5.6319710673 0.0 5.7251877909 4.3731377928 7.6377004459 0.0 4.110259413 2.9572448189 0.0 0.0 4.2938908432 6.2400028401 0.0 6.780466049 8.4755825613 8.0322939052 3.3140630275 0.0 6.0955583299 3.7636525066 5.4850517229 3.7346508226 7.7130617116 4.4668872789 5.7057803747 4.6071518553 7.6253766049 0.0 8.4593502554 0.0 8.6856141535 10.488322234 0.0 5.2036134795 0.0 0.0 0.0 0.0 4.6807623643 5.600980327 4.5041874624 0.0 6.2427188907 0.0 5.0206985814 4.6089903038 0.0 0.0 7.980245178 0.0 19.489897759 4.5829990278 0.0 5.2430347937 0.0 4.9843925125 10.771116013 0.0 0.0 0.0 4.1888907954 5.8903073404 0.0
2.6609677681 1.2871681883 1.389166012 2.8882440602 0.0 0.0 2.831252634 0.0 0.0 2.5063274902 2.7975634828 0.0 0.0 0.0 0.0 2.5819151447 0.0 3.4444100652 0.0 0.0 1.3336427491 1.9044159144 2.5160476607 0.0 2.8140837339 3.4133793438 3.0578189955 0.0 3.6223617527 1.4945587522 2.8119744118 0.0 0.0 2.473619841 1.6842332289 0.0 0.0 0.0 2.0777091658 3.438852324 0.0 3.8149533843 2.2644313948 3.9169926897 4.7299685193 1.8240245869 2.3466982989 1.6501767689 0.0 4.3353841091 3.150811702 2.1109056469 2.5259007144 2.0312748243 2.2146330267 2.8153086041 1.6448530896 2.2642082981 0.0 2.2669007856 0.0 0.0 0.0 8.7894518104 2.0668168504 2.188063682 0.0 1.9293013683 2.2478351777 0.0 0.0 0.0 2.6362260111 0.0 2.6563798926 0.0
1.04651589 0.5062225775 0.5463366835 1.1359000058 1.8071136456 1.7096951202 1.1134861931 1.5736230888 0.0 0.9856983521 1.100236791 1.0977139734 1.6351906757 0.9988927395 0.6305340253 1.0154257628 0.7756246504 1.3546311639 0.71944456 0.7290002445 0.5245002759 0.7489761956 0.9895211391 0.7615693221 1.1067339404 0.0 1.2025911046 1.5032388808 1.4246167049 0.5877859557 1.1059043779 1.0811150992 0.6675256528 0.9728349589 0.6623818814 1.367997323 0.792252165 1.0119836415 0.8171296484 1.3524453936 1.0726872187 1.5003599007 0.8905645025 1.5404903208 1.8602206588 0.7173595775 0.9229187547 0.6489880226 1.0176464861 1.7050369471 1.2391636427 0.8301852913 0.9933961869 0.7988677676 0.870979604 1.1072156622 0.646894305 0.8904767621 0.8174557177 0.8915356742 0.0 1.4153852839 0.8683533102 3.4567502449 0.8128458757 0.8605303074 0.9299105635 0.758763245 0.8840374768 1.9103772825 1.0208040772 0.7356230295 1.0367853543 0.7429463952 1.0447115523 0.9844466717
6.7665118026 3.2731094464 3.5324772923 7.3444472935 11.684347967 11.054463979 7.1995251482 10.174656023 8.1087617845 6.3732807092 7.1138578049 7.097545893 10.572736747 6.4585923408 4.0768763902 6.5654907624 5.0149963337 8.7587086318 4.6517498236 4.7135345062 3.3912885044 4.8426940441 6.3979979 0.0 7.1558667592 8.6798013468 7.7756553732 9.7195692165 9.2112177558 3.8004779908 7.1505030143 6.9902216954 4.3160550653 6.2901092039 4.2827967172 8.8451308963 5.1225057129 6.5432348615 5.2833573416 8.7445759838 6.9357291136 9.7009544465 5.7581688673 9.9604277751 12.027724723 4.6382688447 5.967363426 4.1961953531 6.5798494081 11.024345389 8.0121243202 5.3677718855 6.4230529967 5.1652805561 5.6315377786 7.1589814527 4.1826578954 5.7576015601 5.2854656246 5.7644482227 3.7106150758 9.1515296809 5.6145568153 22.350488468 5.2556595311 5.5639752223 0.0 4.9059746743 5.7159667406 12.352024994 6.6002656075 4.7563557885 6.7035965759 4.8037068523 6.754845403 6.3651876543
0.0 0.0 0.5957192791 0.0 1.9704560771 1.8642320299 0.0 1.7158606411 0.0 0.0 1.1996856293 1.1969347778 0.0 1.0891812332 0.6875270988 0.0 0.8457322591 0.0 0.7844741303 0.0 0.5719091097 0.0 1.0789625471 0.8304064897 0.0 0.0 0.0 1.6391145047 1.5533857821 0.0 1.2058655014 0.0 0.7278623469 0.0 0.0 0.0 0.0 0.0 0.0 1.4746910087 1.1696458904 1.6359752977 0.0 1.6797330494 2.0283633578 0.7822006892 1.006340068 0.7076491267 1.1096301043 1.859152811 0.0 0.0 1.083187855 0.8710762886 0.9497062113 1.2072953108 0.0 0.0 0.8913443771 0.0 0.6257605514 0.0 0.0 3.7692009819 0.0 0.0 1.0139638564 0.8273467752 0.0 2.0830535673 0.0 0.8021149486 0.0 0.8101002629 1.1391415432 0.0
0.0 2.8231074831 3.0468162587 6.3346992983 10.077930702 9.5346460279 6.2097017082 8.7757980683 6.9939323593 5.4970531101 0.0 0.0 9.1191488448 0.0 3.5163688943 0.0 4.3255118441 7.5545215599 0.0 4.0654963588 2.925038747 4.1768984564 5.5183720692 0.0 0.0 7.4864628071 6.7066229314 8.3832786642 7.9448176729 3.2779710031 6.1674193602 6.0291742454 0.0 5.4253164014 0.0 0.0 4.4182403452 0.0 4.5569773609 7.5423319325 5.9821735515 0.0 0.0 8.5910228934 10.374098461 4.0005785626 0.0 3.6192833438 5.6752218054 9.508668278 6.9105810527 4.6297862097 5.5399824773 4.4551343085 4.8572883689 6.1747321443 3.6076070773 4.9660203287 4.5587957876 4.9719256811 3.20046285 7.8933357858 4.8426420256 19.277641728 4.5330875713 4.7990146199 5.1859351737 4.2314789779 4.9301096535 10.653812456 5.6928310929 4.1024303766 5.7819556501 4.1432714009 0.0 5.4900727252
8.7930419854 0.0 4.5904333059 0.0 15.183740935 0.0 0.0 0.0 0.0 8.28204051 0.0 0.0 0.0 8.3929024696 0.0 8.5318163349 6.516958014 0.0 6.0449213269 6.1252101558 4.4069593127 6.2930522098 0.0 0.0 9.2990064439 11.279350409 0.0 12.630522593 0.0 0.0 9.2920362892 9.0837516651 5.608687978 0.0 0.0 0.0 0.0 0.0 0.0 0.0 9.0129388781 12.60633281 7.482706317 12.943516863 15.629956995 6.0274028747 7.7545534061 0.0 0.0 0.0 0.0 6.9753877528 0.0 0.0 0.0 9.3030539697 0.0 0.0 0.0 0.0 0.0 0.0 0.0 29.044327303 6.8296984127 0.0 0.0 6.3752850137 7.4278649034 0.0 8.5770060401 6.1808561584 0.0 0.0 0.0 8.2715236332
1.2829564686 0.620594046 0.0 1.3925352439 2.2153969789 2.0959685704 1.3650574519 0.0 1.5374521891 1.2083983521 1.3488145966 1.3457217958 2.0046312481 0.0 0.7729913268 1.244842112 0.9508624494 0.0 0.8819895244 0.8937041361 0.6430012465 0.9181932775 1.2130848259 0.933631584 0.0 0.0 1.4742939419 1.8428674274 1.7464820499 0.7205851352 1.3557626682 1.3253727183 0.8183405167 1.1926287172 0.8120346069 1.6770705838 0.9712466381 1.2406223082 1.0017447209 1.6580049885 1.3150407167 1.839337996 1.0917707988 1.8885351296 2.2805025228 0.8794334793 1.1314348857 0.7956146577 1.247564566 2.0902579706 1.519129357 1.0177500407 1.2178353678 0.9793569116 1.0677610609 1.3573702125 0.7930479041 1.0916632351 1.0021444594 1.0929613885 0.7035467835 1.735164963 1.0645414055 4.2377379354 0.9964931103 1.0549509423 1.1400063621 0.9301915266 0.0 2.341991092 1.2514355554 0.9018232147 1.2710275014 0.9108011571 1.2807444747 1.206863878
0.0 0.5588484316 0.6031327173 1.2539858253 1.9949774494 1.8874314953 0.0 0.0 1.3844843502 0.0 0.0 0.0 0.0 0.0 0.0 0.0 0.8562569878 0.0 0.0 0.8047856049 0.5790262418 0.8268382147 0.0 0.8407404965 1.221787716 1.4819832481 1.3276099931 1.6595124914 1.5727169164 0.6488909702 1.2208719139 0.0 0.0 0.0 0.0 0.0 0.0 0.0 0.0 0.0 0.0 1.6563342185 0.0 1.7006365142 0.0 0.0 0.0 0.0 1.1234389139 0.0 1.3679845367 0.0 0.0 0.8819164115 0.0 0.0 0.0 0.9830488879 0.0 0.9842178823 0.0 0.0 0.0 3.8161068639 0.0 0.9499892616 1.0265821458 0.0 0.9759401878 0.0 0.0 0.0 1.1445674193 0.0 1.1533176084 1.0867877153
4.1526512956 2.0087280684 2.1679037638 0.0 7.1707586033 6.7841947972 4.4183943376 6.2442510631 4.9763986398 3.9113228745 4.3658197446 4.3558090207 0.0 3.963679165 0.0 4.0292834057 3.0777351212 5.3752751504 2.8548084294 2.8927260818 2.0812553074 0.0 3.9264919716 3.0219625543 4.3916009069 5.3268492482 4.7719691182 0.0 5.6529828756 2.3323774957 4.3883091426 4.2899434785 2.6487904229 3.8602799931 2.6283795632 0.0 3.1437143104 0.0 3.2424299772 5.3666018545 0.0 0.0 3.533824828 6.1127778258 7.3814911011 2.846535067 3.6622088581 0.0 4.0380953978 6.7657108267 4.9170916137 3.2942357193 3.9418684437 0.0 3.4561105241 4.3935124141 2.5669237319 0.0 3.2437238439 3.5376785083 2.2772280536 5.6163519247 3.445689199 13.716636814 3.2254316549 0.0 3.6899528646 3.0108278359 3.5079251147 7.5805162378 4.0506249491 2.9190057749 4.1140398211 2.9480654236 4.145491552 3.9063561153
0.0 2.7333263813 0.0 6.1332417603 0.0 0.0 0.0 0.0 6.7715097426 0.0 5.9406798119 0.0 8.8291396134 5.3934770956 3.4045405364 5.4827464221 0.0 0.0 3.88460903 3.9362045253 2.8320160041 0.0 5.3428755541 0.0 0.0 7.2483766259 6.493337394 8.1166717425 0.0 3.1737242288 0.0 5.8374330842 3.6042751903 0.0 0.0 7.3864409425 0.0 5.464160841 0.0 7.3024689887 5.7919271169 8.1011268171 4.8085635786 0.0 10.044179039 3.8733512594 4.9832589303 3.5041820774 0.0 9.2062714616 6.6908091931 4.4825487028 0.0 4.3134511209 0.0 5.9783619179 0.0 0.0 0.0 4.8138073775 3.0986810076 7.6423101381 0.0 18.664569812 0.0 0.0 5.0210108919 4.0969085277 4.7733211926 10.314997506 5.5117863926 0.0 5.5980765905 4.0115061479 5.6408737451 5.3154761923
0.0 2.5530678264 0.0 5.7287641597 0.0 8.6226253004 5.6157230065 0.0 0.0 0.0 5.5489013674 5.5361778646 0.0 0.0 0.0 0.0 0.0 6.8319063491 3.628425204 0.0 2.6452490246 0.0 0.0 0.0 0.0 0.0 0.0 7.5813900693 0.0 2.9644221319 5.5774851061 5.4524635982 0.0 4.9063667731 0.0 6.8993168365 0.0 5.1038080696 0.0 0.0 5.4099586776 0.0 0.0 0.0 0.0 0.0 0.0 0.0 0.0 8.599132409 0.0 4.1869317005 5.010064656 0.0 0.0 5.5840983981 3.2625274151 0.0 4.1227317493 0.0 2.8943278925 0.0 0.0 0.0 0.0 0.0 4.6898831592 3.8267238853 4.4585282041 0.0 0.0 0.0 5.228892287 0.0 5.2688670369 4.9649289384
2.6089200621 1.2619915769 1.3619943548 2.8317509003 4.5050582504 4.2621979674 2.7758742088 3.9229761209 3.1264426805 0.0 2.7428440069 2.7365547289 4.0764615232 2.4901975526 1.5718947835 2.5314136836 0.0 0.0 1.7935450041 1.8173669233 1.3075571097 1.8671661285 2.4668345471 1.8985602627 2.759041127 3.3466147003 2.9980090024 3.7475112529 3.5515094779 0.0 2.7569730626 2.6951744342 1.6641133537 2.4252366024 1.6512901482 3.4103597422 1.9750512985 0.0 2.0370698176 3.3715894369 2.6741640829 3.7403340768 2.2201398175 0.0 4.637451799 1.7883472305 2.3007976065 1.617899822 2.5369498535 4.2505853377 3.0891828003 2.0696169857 2.4764948782 1.9915437174 2.1713154901 2.7602420391 1.6126802722 2.2199210845 2.0378826946 0.0 1.4306777844 3.528495934 2.1647682502 8.6175328533 2.0263905525 2.1452658335 2.3182278914 1.8915648306 0.0 4.7624901504 2.544821595 1.8338772474 2.5846622462 1.8521340899 2.604421924 2.4541841136
1.6361115859 0.0 0.8541368423 1.7758537425 0.0 0.0 1.7408122311 0.0 1.9606614885 1.5410301072 1.7200982595 1.7161541139 0.0 1.5616580692 0.9857700527 1.5875056183 1.2126031616 0.0 0.0 1.1397110714 0.8199980396 1.1709412565 0.0 1.1906292138 0.0 2.0987362412 1.8801178827 2.3501473534 2.2272302968 0.9189381847 0.0 1.6902036141 0.0 1.5209196178 1.0355606453 2.1387121696 0.0 1.5821242434 1.2774916251 0.0 1.6770275572 2.3456463872 1.392298879 2.4083858505 2.9082487914 1.1215121789 1.4428811658 1.0146208318 1.5909774732 2.6656362604 0.0 1.2979026755 1.5530648185 1.2489411987 1.3616800612 0.0 1.0113475365 1.3921617067 0.0 0.0 0.0 0.0 1.357574142 5.4042458211 1.2707944213 1.3453437444 0.0 1.1862422233 1.3820945979 2.9866631125 1.5959140167 1.1500650615 0.0 0.0 1.6332907038 1.5390732435
0.0 2.4625959668 2.6577370769 0.0 8.7909764853 8.3170693971 5.4167212806 0.0 0.0 4.7950780829 0.0 5.3399949424 7.954631306 4.8592641675 3.067327726 4.9396915489 0.0 6.5898073082 3.4998464125 3.546331479 0.0 0.0 4.8136746056 3.7047686617 0.0 6.5304396748 5.850185542 7.3127319275 6.930262512 2.8593733039 5.3798383988 0.0 3.2472790691 0.0 3.2222564185 6.6548290019 0.0 4.9229468318 3.9750502368 6.5791742992 0.0 7.2987266954 4.3322851437 0.0 9.0493235494 3.4897037012 4.4896772764 0.0 4.9504945922 8.2944090122 6.0280981613 4.0385613778 4.8325253593 3.8862125672 0.0 0.0 0.0 4.3318583176 3.97663645 4.337009555 2.791762961 6.8853548745 4.224235454 0.0 3.9542111792 4.1861792787 4.5236899831 0.0 4.3005334444 9.2933179987 4.9658551694 3.5785490137 5.0435984988 3.6141746292 0.0 0.0
6.3064399931 3.0505626705 3.2922954575 6.8450802259 10.889900359 0.0 6.7100116943 0.0 7.5574270915 0.0 6.6301690848 6.61496626 9.8538703252 6.0194567341 3.7996795193 6.1190868686 4.6740143765 8.1631824512 0.0 4.3930496814 3.1607064431 4.5134273441 5.9629822587 4.5893151515 6.6693217468 8.089640267 7.2469694059 9.0587117573 0.0 3.5420741282 6.6643226961 6.514939299 4.0225958471 5.8624291808 3.991598816 8.243728653 0.0 6.0983442013 4.9241288582 8.1500107168 6.4641518021 9.0413626514 5.3666567784 9.283193749 11.209930084 4.3229015177 0.0 3.910885692 0.0 0.0 7.4673602465 0.0 5.9863337976 4.8140804043 5.2486356494 6.6722246647 3.8982686794 5.3661280438 4.9260937939 5.372509185 3.4583212141 0.0 5.2328092636 20.830823688 4.8983142901 5.1856668378 5.6037612266 0.0 5.3273240783 0.0 0.0 4.4329594392 0.0 4.4770909875 0.0 5.9324028625
2.5532796569 1.2350770985 1.3329471184 2.7713581846 4.40897893 0.0 2.7166731746 3.8393108587 3.059765077 2.4048975982 2.6843474075 2.6781922608 3.9895228798 0.0 1.5383710033 2.4774262559 1.8923617503 3.3050164135 1.7552940924 1.7786079619 1.2796708557 1.8273451001 2.4142243979 1.8580696919 2.7001990917 3.2752414909 0.0 3.6675881278 3.4757664801 1.4340746641 2.698175133 2.6376944831 0.0 2.3735136121 1.616073104 3.3376270431 1.9329294044 2.4690282008 1.9936252553 3.2996835915 0.0 3.6605640192 2.1727909237 3.758473842 4.5385489231 1.7502071717 0.0 1.5833948929 2.482844356 4.1599331579 3.0232998377 2.0254782904 0.0 1.9490700897 2.125007872 2.701374392 1.5782866605 2.1725768556 1.9944207961 2.1751603794 1.4001657373 3.4532437458 2.1186002651 0.0 1.9831737468 2.0995137762 2.2687870744 1.8512234514 2.1568663476 4.6609205832 2.490548217 1.7947661705 0.0 1.8126336495 2.5488774506 2.40184376
4.3181318425 0.0 0.0 0.0 0.0 7.0545407004 0.0 0.0 0.0 4.0671866353 4.5397949203 0.0 6.7471206052 4.1216292911 0.0 4.1898478196 0.0 0.0 0.0 0.0 0.0 3.0904241307 0.0 0.0 4.5666034457 5.5391208462 0.0 0.0 5.8782506939 2.4253212745 0.0 4.4608950326 0.0 4.0141097272 2.7331188386 0.0 0.0 0.0 0.0 5.5804575689 4.4261199285 0.0 3.6746455287 0.0 7.6756388869 2.9599677022 3.8081455818 0.0 0.0 7.0353201552 0.0 0.0 4.0989494262 0.0 0.0 4.5685911253 2.669214031 0.0 3.3729842024 0.0 0.0 0.0 3.5829977502 0.0 0.0 3.5507184912 0.0 3.1308074348 0.0 0.0 4.2120398101 3.0353263223 0.0 0.0 0.0 0.0
9.1454875655 4.423871947 4.7744285526 9.9266140896 15.792340597 14.941001481 9.7307400977 13.751869923 0.0 0.0 9.6149537597 9.5929068925 0.0 8.7293095269 0.0 8.8737913831 6.7781728531 11.838102588 6.2872158374 6.3707228293 4.5836004949 6.5452923834 8.647411243 0.0 9.6717322566 11.731453015 10.509426659 13.136783324 12.44970524 5.1366531563 0.0 9.4478495655 5.833497241 8.5015909507 5.7885458956 11.954909263 6.9234804679 8.8437107344 0.0 11.819001172 9.3741984372 13.111623958 7.7826305949 13.462323132 16.256442035 6.2689952049 0.0 5.6714971529 8.8931982533 0.0 10.829033552 7.2549775224 8.6812752311 6.9812941255 7.6114784443 0.0 0.0 7.7818638333 7.1437339589 7.7911176512 5.0151961639 0.0 7.5885272999 30.208491514 7.1034486146 7.5201621891 0.0 6.6308212694 7.7255910099 0.0 8.9207923968 0.0 9.0604525518 6.4925980427 9.1297194835 8.6030655443
3.1677971953 1.5323326444 1.653757798 3.4383623669 5.4701219473 5.1752366671 0.0 4.7633474607 3.7961823739 2.9837028803 3.3304100339 3.3227734805 4.9497121693 0.0 1.9086226361 3.0736875704 2.3478110707 4.1004602441 2.1777542808 2.2066792794 1.5876591257 2.2671463611 2.995274433 2.3052656778 3.3500768654 4.0635191608 3.6402359149 4.5502948936 4.3123060482 1.7792244913 3.3475657849 3.2725287898 2.0205960662 2.9447654678 2.0050259017 4.1409195258 2.3981424556 3.0632682905 2.4734464457 4.0938439307 3.2470176472 4.5415802386 2.6957332995 4.6630547747 5.6308765514 2.1714430516 2.7936694231 1.9644827731 3.0804096864 5.1611364054 0.0 2.5129657968 3.007004179 2.4181678442 2.6364499317 3.3515350344 1.9581451029 2.69546771 2.4744334555 2.6986730305 1.7371544413 4.2843625935 2.6285001565 10.463561839 2.4604794919 0.0 2.8148335854 0.0 2.6759760327 5.7827003443 3.0899676952 2.2267264088 3.1383429233 2.2488941921 0.0 2.9799140513
5.0861261361 0.0 0.0 5.5205379706 8.7826740441 8.3092145269 5.4116055793 7.6478967946 0.0 4.7905494786 5.3472127391 5.3349517036 0.0 4.854674944 0.0 4.9350263676 0.0 0.0 3.4965410608 3.5429822255 2.5491008662 3.6400664723 0.0 3.7012697757 0.0 6.524272147 0.0 7.3058255813 6.9237173805 0.0 5.3747575306 0.0 0.0 4.7280326635 0.0 0.0 3.8503901196 4.9182974647 3.9712960895 6.5729607451 5.213320267 7.2918335761 4.3281936139 7.4868696769 9.040777118 3.4864079286 4.4854371011 3.1541183227 0.0 8.2865755431 6.0224050588 4.0347472488 0.0 3.8825423206 4.2330099049 0.0 0.0 4.3277671909 3.9728808046 4.3329135633 2.7891263429 6.878852155 4.2202459692 16.800000779 3.9504767129 4.1822257353 4.5194176852 0.0 4.2964719017 0.0 4.9611652785 3.5751693331 5.038835185 3.6107613027 5.0773569531 4.7844662411
0.5655199501 0.273554343 0.0 0.0 0.9765344496 0.923891083 0.6017095988 0.0 0.6777002233 0.0 0.0 0.5931865511 0.8836301083 0.5397851839 0.3407302019 0.5487193574 0.0 0.0 0.3887759904 0.393939725 0.0 0.4047343999 0.5347209254 0.411539518 0.5980607927 0.7254255911 0.0 0.8123255317 0.7698394028 0.0 0.0 0.5842167928 0.3607198681 0.5257039885 0.3579402588 0.0 0.428120021 0.5468592918 0.4415634033 0.7308392149 0.579662505 0.8107697783 0.4812463889 0.8324555964 1.0052326048 0.3876493003 0.0 0.0 0.5499193997 0.921373883 0.6696236226 0.4486184577 0.5368149374 0.4316949837 0.0 0.5983211072 0.3495710276 0.4811989754 0.4417396058 0.4817711941 0.3101194402 0.764850895 0.4692438264 1.8679708971 0.4392485231 0.4650164046 0.5025083522 0.4100231602 0.4777192917 1.0323364181 0.5516257099 0.3975185689 0.5602617289 0.4014759951 0.5645449157 0.5319787668
1.8947144073 0.9165147133 0.9891412022 2.0565441259 3.2717747457 0.0 2.015963974 2.8490406754 2.2705624739 1.7846044068 1.9919759645 0.0 2.9605086377 0.0 1.1415802792 1.8384258095 1.404266494 2.4525563419 0.0 1.3198531235 0.9496064406 1.3560195331 1.791525553 0.0 2.0037390373 2.4304612397 2.1772881939 2.7216102423 2.579264989 0.0 2.0022371165 0.0 1.2085535285 1.7613152655 1.1992407433 2.4767557395 0.0 0.0 1.4794111894 2.4485990101 1.9420975326 2.7163978561 1.6123648093 2.7890538816 0.0 1.2987777249 1.6709421023 1.1749911953 0.0 3.0869651377 2.2435026828 1.5030483982 1.7985413174 1.4463480997 1.5769063995 2.0046111934 0.0 1.6122059556 1.480001537 0.0 1.03902218 2.5625515244 1.5721515012 0.0 1.4716554295 0.0 1.6836007546 1.3737389616 1.6005476456 3.4587333026 0.0 1.3318436591 1.8770972967 0.0 1.8914476583 1.7823382424
6.8767212756 3.326420174 3.5900124703 7.4640698832 11.874656632 0.0 0.0 10.340375601 8.2408331366 6.4770854359 7.2297246713 0.0 10.744940059 6.5637865795 4.1432784614 6.6724261077 5.0966780213 8.9013659847 4.7275151383 4.7903061382 3.4465240718 4.9215693604 6.5022052076 5.0043195808 7.272417846 8.8211734984 7.9023012589 9.8778765737 9.3612453452 3.8623782267 7.2669667391 7.1040748403 4.3863527561 6.3925592757 0.0 8.9891958507 5.205938458 6.6498077141 5.3694099555 8.8870031513 0.0 9.8589586158 5.8519549679 10.122658113 12.223626133 4.7138145882 6.0645567801 4.2645408303 6.6870186197 11.203904271 8.1426216908 5.4551994003 6.5276683888 5.249409996 0.0 7.27558327 4.2507828815 5.8513784206 5.3715525772 5.8583365981 3.7710516705 9.3005851015 5.7060038364 22.714521758 5.3412610174 5.6545983964 6.1105003921 4.985880673 5.8090654745 12.55320844 6.7077673477 4.8338248716 6.8127813179 4.8819471651 0.0 6.4688605655
0.0 0.0 0.0 0.0 0.0 7.6737410818 0.0 0.0 0.0 4.424177065 0.0 4.9269444091 7.3393377076 4.4833983328 2.830068821 4.5576046273 0.0 6.080083338 0.0 0.0 0.0 3.3616808831 4.4413351401 0.0 0.0 6.0253078124 0.0 0.0 0.0 0.0 4.9637059597 0.0 2.9961008628 4.366441421 0.0 6.1400755802 0.0 0.0 0.0 6.0702727961 0.0 0.0 0.0 6.9142876536 8.3493551114 0.0 4.142399121 0.0 0.0 7.6528334858 0.0 3.7261771998 0.0 3.5856126245 0.0 0.0 0.0 0.0 0.0 0.0 2.5758190898 6.3527701935 0.0 0.0 0.0 0.0 0.0 0.0 0.0 0.0 0.0 3.3017469578 0.0 0.0 0.0 0.0
1.1525539737 0.557515513 0.6016941755 1.2509949232 1.9902191959 1.8829297514 1.2263100339 1.7330702395 1.3811821939 1.0855741069 1.2117181378 1.2089396961 1.8008761539 1.1001054138 0.6944228017 1.1183136434 0.8542147152 1.4918889869 0.7923421846 0.8028660976 0.5776451968 0.8248661093 1.0897842372 0.8387352326 1.2188736101 1.4784485455 1.3244434887 1.6555543609 1.5689658034 0.6473432897 1.2179599923 1.1906589432 0.0 1.0714073321 0.7294976376 1.5066094702 0.8725270105 1.1145227497 0.8999252016 1.4894817436 1.1813771088 1.6523836686 0.0 1.6965802982 2.0487072703 0.7900459415 1.0164333751 0.0 1.1207593813 1.8777995895 1.3647217344 0.9143037058 1.0940519237 0.8798129381 0.0 1.2194041423 0.7124407846 0.9807042019 0.9002843099 0.0 0.6320367532 1.55879901 0.9563390941 3.8070050048 0.0 0.9477234266 1.0241336279 0.8356448301 0.9736124568 2.1039460071 1.1242369148 0.8101599353 1.1418374928 0.8182253401 1.1505668117 1.0841956001
3.4474549939 0.0 0.0 3.741906057 5.9530323635 5.6321141768 0.0 0.0 0.0 0.0 0.0 0.0 0.0 3.2905737946 0.0 3.3450372328 2.5550792874 4.4624549093 0.0 0.0 1.7278200099 2.4672933785 3.2597016682 0.0 0.0 4.4222526129 0.0 4.9520016238 0.0 1.936297048 0.0 0.0 0.0 0.0 2.1820325392 4.506485996 2.609854001 3.3336981235 2.6918059383 0.0 3.5336691439 4.9425176261 2.9337166027 5.0747161131 6.1279786207 2.36314124 3.0402986713 0.0 0.0 0.0 4.082079335 0.0 3.2724669335 0.0 2.8691996119 3.6474134798 2.1310130345 2.9334275665 0.0 0.0 1.890512992 0.0 0.0 0.0 2.6776942427 0.0 0.0 0.0 2.9122151353 6.2932056414 0.0 2.4233050934 0.0 0.0 3.441511106 0.0
0.0 0.5369746293 0.0 0.0 1.9168923376 1.8135558234 0.0 0.0 0.0 0.0 0.0 1.1643979943 1.7345253766 1.0595735598 0.0 1.0771109325 0.822742362 1.436922412 0.0 0.7732856128 0.5563626628 0.0 0.0 0.8078331994 1.1739659071 0.0 0.0 1.5945577629 1.5111594404 0.0 0.0 1.1467907703 0.0 1.031932819 0.7026203117 0.0 0.8403799663 0.0 0.0 1.4346038603 1.1378509123 1.5915038903 0.0 0.0 0.0 0.7609377976 0.978984301 0.6884128016 1.0794665606 1.8086146751 0.0 0.8806174573 0.0 0.847397454 0.0 0.0 0.0 0.9445715195 0.8671145865 0.0 0.0 0.0 0.0 3.6667412 0.8622247054 0.912805875 0.9864008487 0.8048566585 0.9377410599 0.0 1.0828159692 0.0 1.0997680784 0.7880789654 1.1081757776 1.044249921
0.0 3.7767602251 0.0 0.0 0.0 0.0 8.3073544176 11.740284522 9.3565001366 7.3539713474 8.2085049841 8.1896830715 12.199620046 0.0 0.0 0.0 5.7866805227 10.106457766 5.3675393379 0.0 3.9131241239 0.0 0.0 0.0 0.0 0.0 8.9721368681 11.215171085 10.628596878 0.0 0.0 0.0 0.0 7.2580017997 4.9418134524 0.0 5.9107329425 7.55007725 6.0963356677 10.090150452 0.0 11.193691961 6.6442089712 0.0 0.0 5.351983969 0.0 4.8418862753 7.5923258719 12.720720115 9.244992551 0.0 0.0 5.9600897786 6.4980924825 8.2605720479 0.0 0.0 6.0987683635 0.0 4.2815871752 0.0 0.0 25.789677137 6.0643758477 0.0 0.0 5.66088312 0.0 0.0 7.6158836206 0.0 0.0 5.5428788037 0.0 7.3446329711
0.0 0.0 0.0 0.0 1.6124839388 0.0 0.0 0.0 0.0 0.8795366939 0.9817391168 0.9794880116 0.0 0.0 0.0 0.9060624037 0.6920883445 0.0 0.6419589607 0.0 0.4680105608 0.0 0.0 0.0 0.9875365104 1.1978452117 0.0 0.0 0.0 0.0 0.0 0.0 0.5956318223 0.8680587135 0.0 1.2206613109 0.0 0.0 0.7291231723 0.0 0.0 0.0 0.0 0.0 1.6598712219 0.0 0.823518583 0.0 0.9080439508 0.0 0.0 0.0 0.0 0.7128281321 0.0 0.9879663498 0.0 0.0 0.0 0.0 0.512078828 0.0 0.0 0.0 0.7253007704 0.7678494947 0.8297573602 0.6770429457 0.7888248955 1.7046258781 0.0 0.6563949771 0.9251215251 0.6629296019 0.0 0.0
2.8418811669 1.374679948 1.4836123814 3.0846094787 4.9073332616 4.6427869942 0.0 4.2732746466 3.4056154891 2.6767272336 2.9877637266 2.9809128533 4.440465386 2.7125574407 1.7122556748 0.0 2.1062585936 0.0 0.0 1.9796470225 1.4243142129 2.0338930016 2.6871082573 2.068090446 3.0054071535 3.6454475658 3.2657134444 4.0821418054 3.8686382331 1.5961705443 3.0031544233 2.9358375434 1.8127088171 2.6417958626 1.7987405752 3.7148846623 0.0 0.0 2.2189680835 3.6726523984 0.0 0.0 2.4183851499 4.1833004853 5.0515487697 0.0 2.5062452015 1.7623686907 0.0 4.6301374255 3.3650285223 2.254421521 2.6976311987 2.1693767723 2.3652010992 3.0067153 1.7566830661 2.4181468853 2.2198535457 2.4210224292 1.5584288344 3.8435697161 2.3580692296 0.0 0.0 2.3368253627 2.5252319076 0.0 2.4006605921 5.1877523052 2.7720590865 1.9976316207 0.0 0.0 2.8369813718 0.0
0.0 0.0 0.0 0.0 0.0 0.0 0.0 3.2202336135 2.5663872275 0.0 0.0 2.2463418719 0.0 0.0 1.2903133393 0.0 1.5872241507 2.7720925289 1.4722582374 1.4918128161 0.0 0.0 0.0 1.5584615829 2.2648001681 0.0 0.0 3.0762006527 2.9153096646 1.2028344688 0.0 0.0 0.0 0.0 0.0 2.7994447933 1.6212503935 2.070904883 1.6721592223 0.0 0.0 0.0 0.0 0.0 0.0 0.0 1.8886441216 0.0 0.0 0.0 2.5358018976 1.698876052 0.0 1.6347884422 1.7823567901 0.0 0.0 1.8222554192 0.0 1.8244223576 1.1743932538 2.8964186529 0.0 0.0 1.6633929879 0.0 0.0 0.0 0.0 3.9093612588 0.0 1.5053655625 0.0 0.0 0.0 2.0145537297
7.3208392893 0.0 0.0 0.0 12.641555377 11.960069912 7.7893260377 0.0 8.7730493334 6.8953938423 7.6966406378 7.6789924183 0.0 6.9876943898 0.0 7.1033501645 0.0 0.0 5.032831371 5.0996775903 0.0 5.2394181608 0.0 5.3275126234 0.0 0.0 0.0 10.515817643 0.0 4.1118214827 0.0 0.0 4.6696357619 6.8054087448 0.0 0.0 0.0 7.0792710114 0.0 0.0 0.0 10.49567791 6.2298906893 0.0 13.013062311 0.0 0.0 0.0 7.118885102 0.0 0.0 0.0 6.9492435847 5.5884316673 0.0 7.7454609138 4.5253104032 6.229276907 0.0 0.0 4.0145968006 9.9012430627 0.0 24.181489501 0.0 0.0 6.5051337047 5.307882879 0.0 13.36392997 0.0 5.146006886 0.0 5.1972370527 0.0 6.8866377866
3.1162521968 1.5073992037 1.6268485807 3.3824148513 5.3811145362 5.0910274992 3.3156723454 4.6858403723 3.7344125691 2.9351533834 3.2762190711 3.2687067763 0.0 0.0 1.8775663706 3.0236738822 2.3096085247 4.033739364 2.1423188239 2.1707731677 1.5618254368 2.2302563557 2.9465366488 2.2677554117 3.2955658926 3.9973993697 3.581003602 0.0 0.0 1.7502737353 3.2930956712 3.2192796451 1.9877178185 2.8968495432 1.9724010048 4.0735403101 2.3591209395 3.0134241403 2.4331996164 4.0272307083 3.1941836085 4.4676816485 2.6518695165 4.5871796046 5.5392534123 2.1361102882 2.7482120667 1.9325175761 3.030286619 0.0 3.6899071105 2.472075926 2.9580755336 0.0 2.5935507815 3.2970003349 1.9262830296 2.6516082486 2.4341705659 2.6547614135 1.7088882306 4.2146493355 2.5857303615 10.293303377 2.4204436551 2.5624354934 2.7690318551 0.0 2.6324337313 5.6886067954 0.0 2.1904940991 3.0872771918 0.0 3.1108793482 2.9314262045
2.6847494786 1.2986719208 0.0 2.9140569938 0.0 0.0 2.8565562215 4.0369991585 3.2173141211 2.5287271433 2.8225659822 2.8160939035 0.0 2.5625762468 1.6175826012 2.6049903429 1.9898005331 0.0 1.8456751836 1.8701894975 1.3455618359 0.0 2.5385341853 1.9537427572 2.8392338787 3.4438855381 3.0851474612 3.8564343265 3.6547356731 1.5079159842 2.8371057052 2.7735108723 1.712481545 2.4957271779 0.0 3.5094833579 2.0324570389 2.5961598672 2.0962781536 3.4695861764 2.7518898458 3.8490485426 2.2846691642 3.9519997978 4.7722413885 0.0 2.3676713074 1.6649247966 2.610687424 4.3741304823 3.1789712659 2.1297713196 2.5484752982 2.0494288171 2.234425736 2.8404696959 1.6595535383 2.2844440736 2.0971146573 2.2871606245 1.4722610675 3.6310532304 0.0 8.8680052606 2.0852884909 2.2076189347 2.3856082113 1.9465439998 0.0 0.0 2.6187879612 1.8871797014 2.6597865986 1.9059671871 2.6801206002 2.5255160613
0.0 0.7981419028 0.8613882896 1.790930378 2.8492074195 0.0 0.0 2.4810717307 0.0 1.5541131379 0.0 0.0 0.0 1.5749162272 0.0 0.0 0.0 0.0 1.1343209008 1.1493869855 0.8269596554 0.0 1.5601403808 1.2007374125 1.7449453509 2.116554083 0.0 0.0 0.0 0.9267397821 1.7436374113 0.0 0.0 1.5338319146 0.0 2.1568693989 1.2491138851 1.5955561549 0.0 2.1323492628 0.0 0.0 1.404119212 2.4288325543 0.0 1.1310335881 0.0 1.0232347554 1.6044845468 0.0 1.9537422305 0.0 1.5662500215 1.2595444543 1.3732404467 0.0 1.0199336705 1.4039808751 0.0 1.4056504216 0.0 2.2315841963 0.0 0.0 0.0 0.0 0.0 0.0 1.3938282986 3.012019272 1.6094630007 1.1598288788 1.6346600731 1.1713753513 0.0 0.0
9.4892230764 4.5901443161 4.9538766822 0.0 16.385899795 15.502562879 10.096472476 14.268737504 11.371568053 0.0 0.0 9.9534587744 14.826998082 9.0574028789 5.7173312705 0.0 7.0329322295 12.28304073 6.5235224676 6.6101680914 4.7558763028 6.7912988872 8.9724264268 6.9054863422 10.03524681 12.172382705 10.904426173 13.630532716 12.917630626 5.3297155911 0.0 0.0 6.0527507406 8.8211254412 0.0 12.404237614 7.1837012685 9.1761038853 0.0 0.0 0.0 13.604427729 8.0751427748 13.968308022 16.867444605 6.504617008 8.3685131096 5.8846618375 9.2274514054 15.46032516 11.236045574 0.0 9.0075632017 7.2436878674 7.8975578264 10.039614795 5.865677173 8.0743471943 7.4122330438 8.0839488193 5.2036936064 0.0 7.8737440574 31.343885465 7.3704335645 7.8028094262 8.4319109362 6.8800423984 8.0159593423 17.322236926 9.2560826819 0.0 9.4009919998 6.7366240161 9.472862347 8.9264139836
4.5678448042 0.0 2.3846567502 0.0 0.0 0.0 0.0 0.0 0.0 0.0 0.0 0.0 7.1372993981 4.3599787197 0.0 4.432142253 3.3854555515 5.9127099579 0.0 3.181948799 2.2893449426 3.269140064 4.3190734484 0.0 0.0 0.0 5.2490837276 0.0 0.0 0.0 4.8270643714 4.7188638375 0.0 0.0 0.0 0.0 0.0 0.0 3.5666170525 5.9031694819 4.6820777262 6.5487884536 0.0 6.723950181 8.1195129022 0.0 0.0 0.0 0.0 7.4421652209 5.4087159698 0.0 0.0 0.0 3.8016619688 4.8327878804 2.8235718333 0.0 0.0 3.8913853447 0.0 6.1778902517 0.0 0.0 0.0 0.0 0.0 3.3118586916 3.8586571248 0.0 4.4556175827 3.2108560082 4.5253728482 3.2428211206 0.0 0.0
4.9189031586 2.379380819 2.5679277917 5.3390322878 8.4939150033 8.0360220112 5.233681404 7.3964472553 5.8946492842 4.6330445473 5.1714056883 5.1595477743 7.6858312963 4.695061679 2.9636777024 4.7727712876 3.645642249 6.3671269349 3.3815808747 3.4264951347 0.0 3.5203874204 4.6510126631 3.5795784657 5.2019440195 6.309765431 5.6524981986 7.0656227483 6.6960776003 2.7627504006 5.1980448551 5.0815286486 3.1375481951 4.5725831763 3.1133711008 6.4299514392 3.7237959921 4.7565924018 3.8407267841 6.3568532327 5.0419153678 7.0520907758 4.1858901389 7.240714429 0.0 3.3717809022 4.3379637338 3.0504164004 4.7832092784 8.0141273578 5.8243988594 3.9020917797 4.669226419 3.7548910847 4.0938359047 5.2042082401 3.0405753707 4.1854777359 3.8422593965 4.1904549046 2.6974247218 6.6526874653 4.081491625 16.247645985 3.8205919124 0.0 4.3708270954 3.5663891567 4.1552113814 8.9792815749 4.7980507965 3.4576239862 4.8731670516 3.4920457538 4.9104222911 4.6271613161
3.6057654069 0.0 0.0 3.913737943 6.2264012729 0.0 0.0 5.4219106957 0.0 0.0 3.7908605099 3.7821681542 5.6340415165 3.4416800737 2.172501916 3.4986445248 2.672410959 4.6673750841 2.4788427309 0.0 1.8071631485 2.5805938377 0.0 0.0 3.8132464066 0.0 0.0 0.0 4.9085099248 2.0252136505 0.0 3.7249768139 2.2999563886 0.0 2.2822335493 4.7134281201 0.0 3.4867847128 0.0 0.0 3.6959385927 5.1694827375 3.06843566 0.0 0.0 0.0 0.0 2.236085074 0.0 5.8746965048 0.0 0.0 0.0 0.0 3.0009559877 3.8149061767 0.0 0.0 2.8165396979 0.0 0.0 4.8767031088 0.0 0.0 0.0 0.0 0.0 0.0 0.0 0.0 0.0 2.5345855687 0.0 2.5598181896 0.0 3.3919062172
3.0043904353 0.0 1.5684508207 0.0 5.1879527145 4.9082787137 0.0 4.5176362844 3.6003611695 2.8297923897 3.1586150989 3.1513724673 0.0 2.8676715004 0.0 2.9151353348 2.2267022444 3.8889432556 2.0654176162 2.0928505558 0.0 2.1501985205 0.0 2.1863515011 3.1772674421 3.8539077307 3.4524590088 4.315573761 4.0898612653 1.6874454753 3.1748858925 0.0 1.9163662068 2.7928635137 0.0 0.0 2.2744373493 0.0 0.0 3.8826682362 0.0 4.3073086402 2.5566773508 4.4225170681 0.0 2.0594319436 0.0 1.863147446 0.0 4.8949057959 3.5574532899 2.3833376756 2.8518917208 0.0 2.5004520396 3.1786503933 1.8571366963 2.5564254614 0.0 2.5594654395 1.6475455549 0.0 0.0 0.0 2.3335588094 0.0 0.0 2.1782956739 2.5379392373 5.4844071553 2.9305756703 2.1118635797 2.9764555242 2.1328878663 2.9992104518 2.8261990025
4.8460562579 2.3441431831 2.529897854 5.2599634503 8.3681236709 0.0 5.1561727691 7.2869089617 5.8073519911 4.5644310932 5.0948193307 5.0831370275 7.572007346 4.6255297771 0.0 4.7020885389 0.0 6.2728324452 3.3315010748 3.3757501734 2.4287809374 3.4682519535 4.5821331087 3.5265664042 5.1249054019 6.2163204412 5.5687870619 0.0 6.5969114886 2.7218352214 0.0 5.0062733324 0.0 4.5048651299 3.0672633756 6.3347265449 3.6686481292 4.6861492557 3.7838472251 6.2627108923 4.9672467077 6.9476522578 4.1238988548 7.1334824735 8.61404404 3.3218462358 4.2737203033 3.005241008 0.0 7.8954414799 5.7381419457 3.8443034308 4.6000771265 3.6992827166 4.0332079053 5.1271360904 0.0 4.1234925593 0.0 4.1283960182 2.6574769886 6.5541639435 0.0 16.007025136 3.7640105424 0.0 4.3060969723 0.0 4.0936744369 8.8463021664 4.7269936688 3.4064180196 4.8009974836 0.0 4.8377009885 4.5586349902
8.3319940167 4.030367362 4.3497418644 9.0436391291 14.387607705 13.61199543 8.8651881808 12.52863744 9.9847833925 7.8477860211 8.7597010683 8.7396152758 13.018817063 7.9528351253 5.0200916929 8.084465282 6.175252577 10.785100218 5.7279663183 5.8040453411 4.1758880131 5.9630868869 7.8782217155 6.0633489615 8.8114291028 10.687937153 9.5746103658 11.968262957 11.342300652 4.6797464933 8.8048244161 8.6074608366 5.3146061116 7.745372177 5.2736532003 0.0 6.3076350408 8.057060315 6.5057008754 10.767697878 8.5403609957 11.945341523 7.0903635358 12.264845913 14.810427197 5.7113664159 0.0 5.1670159744 8.1021459059 13.574908682 9.8657881408 6.6096453443 7.9090734929 6.3603061582 6.9344354144 8.8152644036 5.1503465264 7.0896649778 6.5082969253 7.0980956662 4.5690931327 11.268803302 0.0 0.0 6.4715949731 6.8512417644 7.4036231317 6.0410079558 7.038397637 15.209756717 8.1272855431 5.8567736417 8.2545228901 5.9150797218 8.3176285098 7.8378205785
0.7476098543 0.3616352041 0.3902919127 0.8114640647 0.0 1.2213717269 0.7954520888 1.1241646109 0.0 0.7041630314 0.785986983 0.784184733 1.1681472537 0.0 0.4504407962 0.7253996942 0.5540906139 0.0 0.5139566899 0.5207830783 0.0 0.0 0.7068939533 0.5440497707 0.7906284156 0.9590029856 0.8591068412 1.0738835515 1.0177174541 0.0 0.7900357929 0.7723268319 0.4768668692 0.6949736826 0.0 0.9772697091 0.5659689751 0.7229407122 0.0 0.9661597243 0.766306124 1.0718268662 0.636201327 1.1004952293 1.3289041371 0.5124672204 0.6593145526 0.4636239599 0.7269861342 1.2180440219 0.0 0.5930676358 0.0 0.5706950282 0.6222102704 0.7909725479 0.4621282503 0.6361386471 0.5839738851 0.6368951125 0.4099737763 1.011122713 0.6203340991 2.4694326878 0.5806807069 0.6147455036 0.6643093598 0.5420451658 0.6315385515 1.3647350179 0.7292418536 0.5255142623 0.7406585558 0.5307459271 0.7463208718 0.7032688561
3.0794358223 0.0 1.6076284846 0.0 5.3175403722 0.0 0.0 4.6304803939 0.0 0.0 0.0 3.2300892558 4.8116467137 2.9393018435 0.0 2.9879512568 2.2823220899 3.9860835102 0.0 0.0 1.5433735444 0.0 0.0 2.2409634426 0.0 0.0 0.0 0.0 0.0 0.0 0.0 3.1812460722 0.0 0.0 0.0 4.0254142355 2.3312495496 0.0 2.4044530379 0.0 0.0 0.0 0.0 0.0 5.4738109464 0.0 2.7157438329 0.0 0.0 5.0171735597 0.0 2.4428700507 2.9231279075 0.0 0.0 0.0 1.9035253216 2.6202813225 0.0 2.6233972349 1.6886988925 0.0 0.0 0.0 2.3918477795 2.532162082 0.0 2.2327063923 0.0 0.0 0.0 2.1646149192 3.050803137 2.1861643624 0.0 2.8967934218
0.4977139056 0.2407550794 0.2598330012 0.540224218 0.8594476195 0.8131162114 0.0 0.7484015303 0.5964437239 0.4687896106 0.0 0.5220632712 0.0 0.4750647472 0.0 0.0 0.0 0.6442508649 0.34216161 0.0 0.2494477946 0.3562066005 0.470607695 0.3621957825 0.5263530895 0.6384468031 0.0 0.0 0.6775353828 0.0 0.0 0.5141689902 0.3174694268 0.4626718921 0.3150230936 0.0 0.3767882772 0.4812906669 0.3886197932 0.6432113314 0.5101607632 0.7135581917 0.4235447746 0.7326438724 0.8847048557 0.0 0.4389321771 0.0 0.4839838668 0.8109008246 0.0 0.394828944 0.0 0.0 0.0 0.5265821923 0.3076573363 0.0 0.3887748689 0.4240066555 0.0 0.6731449989 0.4129813237 0.0 0.0 0.0 0.4422574209 0.3608612365 0.0 0.908558912 0.4854855898 0.3498559502 0.493086147 0.3533388796 0.4968557782 0.0
2.5940722643 1.2548093731 0.0 0.0 0.0 4.2379410902 2.7600762472 3.9006498116 3.1086495755 2.4433195718 2.7272340257 2.720980541 4.053261703 2.4760254243 1.5629488689 2.5170069875 0.0 3.357819183 1.7833376413 1.8070239861 1.3001155848 0.0 0.0 1.8877552406 2.7433389652 3.3275685597 2.9809468347 3.7261835434 0.0 1.4569862338 0.0 2.6798357484 1.654642608 2.4114341777 0.0 3.390950818 0.0 2.5084747604 2.0254765146 3.3524011609 0.0 0.0 2.2075046327 3.818521298 4.6110592898 1.7781694491 2.2877033848 1.6086920851 0.0 4.2263945499 3.0716017474 0.0 2.4624007342 1.980209511 2.1589581727 0.0 1.6035022407 2.2072871446 0.0 2.2099119442 1.4225355593 0.0 2.1524481942 8.5684890412 2.014858027 2.133056769 2.305034471 1.8807996207 2.1913256369 4.7353860272 0.0 0.0 2.5699525037 1.8415932868 2.5895997259 2.4402169438
1.8078461257 0.8744946295 0.9437913615 1.9622563253 3.1217714266 2.9534818618 0.0 2.7184187375 0.0 0.0 1.900648465 1.8962903219 0.0 0.0 1.0892414588 0.0 0.0 0.0 1.2428335517 1.2593409047 0.9060691775 1.2938491679 0.0 1.3156036726 1.9118722281 0.0 2.0774645565 2.5968306956 2.4610116436 0.0 0.0 1.8676159265 1.1531441392 1.6805630266 0.0 2.3632022065 1.3686079884 1.7481919989 1.4115836016 2.3363363982 0.0 2.5918572853 1.538441605 0.0 0.0 0.0 1.5943332643 1.1211205615 1.7579745084 2.9454349125 0.0 1.434137099 1.7160823499 0.0 1.5046088815 1.9127043979 1.1175036846 1.5382900344 1.4121468832 0.0 0.9913854116 2.4450644528 0.0 5.9715027717 1.4041834254 1.4865578222 1.6064115466 1.3107562015 1.527166231 3.3001583653 1.7634292166 1.2707817019 1.791036719 1.2834327457 1.8047291496 1.7006221486
0.0 0.0 1.5248400559 3.1703267975 0.0 0.0 0.0 0.0 0.0 0.0 0.0 0.0 0.0 0.0 0.0 2.834080016 2.1647888032 3.7808112139 2.0079886929 2.0346588598 0.0 0.0 2.7617795298 2.125560012 3.0889235418 0.0 0.0 4.1955792609 0.0 0.0 0.0 0.0 0.0 0.0 0.0 0.0 2.2111966337 0.0 2.2806303445 3.7747106714 0.0 4.1875439518 0.0 0.0 0.0 2.002169452 2.575890523 1.8113426435 0.0 0.0 3.4585383246 0.0 2.7725948902 0.0 2.4309269871 3.09026804 0.0 2.4853440682 0.0 2.4882995198 1.6017355616 0.0 2.423596932 9.6478808679 2.2686742221 2.4017627254 0.0 0.0 0.0 5.3319132504 0.0 0.0 2.8936951979 0.0 2.9158174248 0.0
7.783507239 3.7650523362 0.0 8.4483054701 13.440485975 12.715931475 8.2816017681 11.703889851 0.0 7.3311741682 0.0 8.164295201 12.161801443 7.4293079957 4.6896241108 0.0 5.7687419169 10.075127928 5.3509000623 5.4219708796 3.9009935094 5.5705428806 0.0 5.6642048038 8.2313815961 0.0 0.0 11.180404256 10.595648419 0.0 8.2252116893 8.0408403555 4.9647509418 7.2355021244 0.0 10.174539315 5.8924097764 0.0 6.0774371366 10.058871167 7.9781576296 11.158991717 6.6236120426 11.457463454 13.835471685 5.3353929148 6.8642481944 4.8268765148 7.568789798 12.681286111 0.0 6.1745390457 7.3884271475 5.9416136072 6.4779485125 8.2349644228 4.8113043998 6.62295947 6.0798622911 6.6308351746 0.0 0.0 6.4584153387 25.709729601 6.0455763914 6.4002314167 0.0 5.643334484 0.0 14.208513745 7.5922745181 5.4712281293 0.0 5.5256959789 7.770087399 0.0
3.2349425248 0.0 1.6888112138 0.0 0.0 5.2849321274 3.441958093 4.8643124264 3.8766470946 3.0469461061 3.4010021411 0.0 0.0 3.0877319989 1.9490782234 0.0 2.3975757931 0.0 2.2239144419 2.2534525412 1.6213114994 2.3152012965 3.0587629319 2.3541285986 0.0 4.1496504112 0.0 4.64674395 4.4037106404 0.0 3.4185215292 0.0 2.0634250671 0.0 2.0475248739 0.0 2.4489740132 3.1281980023 2.5258741633 4.1806179516 3.315842151 4.6378445772 0.0 0.0 5.7502298555 2.2174694385 0.0 0.0 0.0 5.2705329935 0.0 0.0 0.0 2.4694238643 2.6923327072 3.4225749118 1.9996503793 0.0 2.526882094 0.0 0.0 0.0 2.6842144268 0.0 0.0 2.6600323149 2.8744974202 0.0 2.7326966122 5.905271739 3.1554633335 0.0 3.2048639336 2.2965622505 3.2293650377 0.0
5.3637239608 0.0 2.8001477935 0.0 9.2620273169 8.7627266529 0.0 8.065314581 0.0 0.0 0.0 5.6261302839 8.3808678791 5.1196402964 3.2316857218 5.2043772542 0.0 0.0 0.0 0.0 2.688229318 3.8387391963 5.0716078887 0.0 5.6723604593 0.0 0.0 0.0 7.3016098731 3.0125883847 0.0 5.541055819 3.4212794783 4.9860859534 3.3949160278 7.0114176859 0.0 5.1867352975 4.1880471346 0.0 0.0 7.6898176379 0.0 7.8954986964 0.0 0.0 4.7302496654 0.0 0.0 0.0 0.0 4.2549614215 5.0914687308 0.0 0.0 0.0 3.3155373149 4.5639742226 4.1897183425 4.5694014811 2.9413552465 7.2542959296 0.0 0.0 4.1660914484 0.0 4.7660848901 3.8889009107 4.5309708547 9.7912860207 0.0 3.7703000088 0.0 0.0 5.3544761608 5.0455996431
0.0 0.3664685139 0.3955082239 0.8223094062 0.0 1.237695547 0.8060834277 1.139189243 0.9078846673 0.7135742781 0.0 0.794665482 1.1837597206 0.7231260597 0.4564610065 0.7350947722 0.5614961198 0.9806549364 0.5208257997 0.5277434238 0.3797002449 0.5422045669 0.7163416992 0.5513210791 0.8011952854 0.9718202073 0.8705889357 1.0882361696 1.0313194036 0.4255144975 0.8005947422 0.7826490982 0.4832402679 0.7042621122 0.4795165496 0.9903310684 0.5735332371 0.0 0.5915427349 0.9790725969 0.7765479226 1.0861519964 0.6447042552 1.1152035166 1.3466651444 0.5193164233 0.6681263925 0.4698203651 0.7367024152 1.2343233667 0.8970648067 0.6009940756 0.7191469534 0.5783224546 0.6305262059 0.8015440171 0.4683046651 0.6446407375 0.5917787854 0.6454073132 0.4154531386 1.0246365229 0.6286249593 2.5024370338 0.5884415934 0.6229616713 0.6731879561 0.5492896824 0.6399791609 1.3829749104 0.7389882826 0.0 0.0 0.5378394277 0.7562955645 0.712668152
1.2446866638 0.6020821061 0.6497923161 1.3509967715 2.1493130455 2.0334471131 1.3243386252 1.8716081536 1.4915909331 1.1723525703 1.3085802843 1.3055797399 1.9448343272 1.1880454787 0.7499334696 1.2077092351 0.9224988056 1.6111473894 0.8556803177 0.8670454897 0.6238209136 0.8908041351 1.1768992494 0.9057819263 1.3163077496 1.5966325481 1.4303166577 1.7878958221 1.6943855612 0.6990905225 1.3153210991 1.2858376628 0.7939299209 1.1570533339 0.7878121125 1.6270445966 0.9422749464 1.2036153055 0.9718632901 1.6085477164 0.0 1.7844716714 1.0592039453 1.8322012847 2.2124765309 0.8532005179 1.0976848768 0.7718819603 0.0 0.0 0.0 0.0 1.1815080856 0.9501432955 1.0359104032 1.3168806914 0.7693917714 1.0590995902 0.9722511047 1.0603590205 0.6825604143 1.6834060561 1.0327867881 4.1113288114 0.9667683319 1.0234824026 0.0 0.9024444837 1.0514409463 2.2721309338 1.2141060001 0.8749223812 1.2331135305 0.8836325171 1.2425406524 1.1708638686
5.1420595026 0.0 0.0 0.0 8.8792592473 8.4005929806 5.4711183225 0.0 6.1620723949 0.0 0.0 5.3936214654 8.0345151304 0.0 0.0 4.9892980532 0.0 6.6559849838 0.0 0.0 2.5771339486 0.0 0.0 0.0 0.0 0.0 0.0 0.0 0.0 2.8880883589 5.4338650468 0.0 3.2798896403 0.0 0.0 0.0 0.0 0.0 4.0149693988 6.6452451936 0.0 7.372023644 0.0 0.0 0.0 3.5247488048 4.5347645441 3.1888049293 5.0002095853 8.3777050303 0.0 4.0791183459 4.8810556548 3.9252395831 0.0 5.4403080467 0.0 0.0 4.0165715414 0.0 2.8197990438 0.0 4.2666570409 0.0 3.9939210664 0.0 0.0 0.0 0.0 9.38664549 0.0 3.6144863401 0.0 0.0 0.0 4.8370821804
5.271909505 0.0 2.7522157881 5.7221893089 9.1034829914 8.6127291913 5.6092778919 0.0 0.0 4.9655361771 0.0 5.5298240433 0.0 5.0320039842 3.1763667927 5.1152904428 3.9072726998 6.824065432 3.6242608932 3.6723984366 0.0 0.0 4.9847937794 3.8364678321 5.5752628658 0.0 6.0581511812 7.5726889764 7.1766233261 2.9610198915 5.5710838769 5.446205855 3.3627151458 0.0 3.3368029762 0.0 3.9910351662 5.0979504752 4.1163575265 6.8130544349 5.4037497169 7.5581858785 4.486291618 7.7603461566 9.3710139201 3.6137576232 4.6492788134 3.2693303155 5.1264775186 8.5892632625 6.2423883369 0.0 5.0043146501 4.0243618062 4.387631088 5.5776895788 3.2587830418 4.4858496188 4.1180001273 0.0 2.8910060985 7.130119287 4.3744009179 17.413662465 4.0947776706 4.3349919006 4.6845006226 3.8223319889 4.4534111916 9.6236820194 0.0 3.7057612581 0.0 3.7426533127 0.0 4.9592307343
0.0 0.0 0.0 5.7571783266 0.0 0.0 5.6435764992 7.9757273484 0.0 4.9958985479 5.5764234307 5.5636368204 8.2877755698 0.0 0.0 5.1465685041 3.9311641907 6.8657920044 3.6464218743 3.6948537605 2.6583692273 3.7960995674 5.0152739031 0.0 5.6093534841 6.8039380224 6.0951944784 7.618993098 7.2205056564 2.9791254053 5.6051489422 5.4795073386 3.3832768738 4.9307019213 3.357206261 0.0 0.0 5.1291225092 0.0 6.8547136793 5.4367915973 7.6044013191 4.51372359 0.0 9.4283141167 0.0 4.6777073904 3.2893210307 5.1578239847 8.6417833502 0.0 4.2076985138 0.0 0.0 4.4144597883 5.6117950355 3.2787092644 0.0 0.0 0.0 2.9086835046 7.1737172627 4.4011487208 17.520140408 4.1198156833 4.3614987323 0.0 3.8457040996 0.0 9.6825271857 5.1738278712 3.728420583 0.0 3.7655382185 5.2950001545 4.9895545497
2.9869786867 0.0 1.5593609664 3.2420999433 5.1578862734 4.879833105 3.17812616 4.4914546184 3.5794955115 2.8133925128 0.0 0.0 4.6671815915 2.8510520976 1.7996780677 2.8982408584 2.213797537 3.866405139 2.0534476233 2.0807215771 0.0 2.1377371854 0.0 0.0 3.1588537962 0.0 0.0 0.0 4.0661587415 1.6776659953 3.1564860487 0.0 1.9052600316 2.7766776557 0.0 3.9045549966 2.2612559962 2.8884163131 2.3322616193 3.8601664861 3.0616772192 4.2823459144 2.5418602942 4.3968866593 5.309464972 2.0474966403 2.6342062039 1.8523496967 2.9045792747 4.8665376892 3.5368363018 2.3695251978 2.8353637686 2.2801383316 2.4859608331 0.0 1.8463737819 0.0 2.3331922903 2.5446322247 1.6379973123 4.0398103048 2.4784648327 0.0 2.3200348218 2.4561363207 2.6541623115 2.1656715036 2.5232307763 5.4526226319 2.9135917104 2.0996244123 0.0 0.0 0.0 0.0
1.805385703 0.8733044693 0.9425068907 1.9595857551 3.1175227922 2.9494622643 0.0 2.7147190537 2.1635139378 1.7004669776 1.8980617412 1.8937095294 2.8209317181 1.723229134 1.0877590349 1.7517509023 1.3380605762 0.0 1.2411420937 0.0 0.9048360454 0.0 1.7070618176 1.3138131767 1.9092702291 2.3158740742 2.0746371915 0.0 2.4576622829 1.0140126596 1.9078391183 1.865074159 1.1515747457 1.6782758323 1.1427010235 2.3599859614 1.3667453553 1.7458127636 0.0 0.0 1.8505348911 2.5883298477 1.5363478336 2.657560413 3.2091397886 0.0 1.592163426 1.1195947511 1.7555819595 2.9414262667 2.1377299147 1.4321852827 1.7137468149 1.3781581914 1.5025611553 1.9101012664 1.1159827966 1.5361964692 0.0 1.5380232401 0.0 2.4417367957 1.4980304326 5.9633757411 1.4022723752 1.484534663 1.6042252702 1.3089723028 1.525087805 3.2956669518 1.7610292439 1.2690522073 1.7885991734 1.2816860334 1.8022729691 1.6983076544
0.0 2.3006999307 2.4830120699 5.1624822376 8.2130399235 7.7702884451 5.0606150758 7.1518630191 5.6997262025 4.4798399583 5.000398681 4.9889328821 7.4316777666 4.5398063199 0.0 4.6149462427 3.5250888814 6.1565800569 3.2697594357 3.31318848 0.0 3.4039759543 0.0 3.461209682 5.0299271767 6.1011153717 5.4655825205 0.0 6.4746530476 2.6713923238 5.0261569491 4.9134936772 3.0337963799 4.4213779118 3.0104187689 0.0 3.6006582522 0.0 3.7137224002 6.1466460835 4.8751903204 6.8188936508 4.0474719623 7.0012799348 8.4544027294 3.2602835268 0.0 2.949545842 0.0 7.7491177997 5.6317988047 3.7730581904 4.5148253751 3.6307250985 3.958461759 5.0321165245 2.9400302335 4.0470731966 3.7152043325 4.0518857812 0.0 6.4326977289 0.0 0.0 0.0 3.9109713921 4.2262934606 3.4484565145 4.0178076838 8.6823564905 4.6393898139 3.3432879689 4.7120221398 0.0 4.7480454304 4.4741512726
3.9361453218 1.9039994034 0.0 4.2723359832 6.7968981551 6.430488551 4.1880333704 5.9186957585 4.7169451106 0.0 4.1381998488 4.1287110519 6.1502631634 0.0 0.0 3.8192094395 2.9172718431 5.0950254742 2.7059678369 2.741908584 0.0 2.8170419357 3.7217772225 2.8644070796 4.1626368636 5.0491243438 4.5231738913 5.6539673641 5.3582544056 2.2107747833 4.1595167213 4.0662795288 0.0 3.6590173251 2.4913442486 0.0 0.0 0.0 3.0733800353 5.0868043762 4.0345806672 5.6431389724 3.3495824895 5.7940771158 0.0 0.0 3.4712729863 2.440967398 3.8275620025 6.4129682757 4.6607301635 0.0 3.7363520144 3.0046936279 0.0 4.1644487109 0.0 3.3492524814 3.074606444 0.0 0.0 0.0 3.2660419706 0.0 3.0572679513 0.0 3.497570509 2.85385289 3.3250331044 7.1852923354 0.0 0.0 0.0 0.0 3.9293588643 3.7026911854
11.489429375 5.5576877597 5.998090235 12.470754642 19.839836931 18.770303943 12.224679146 17.276404032 13.768548487 10.821729235 12.07921736 12.051519993 0.0 10.966587028 6.9224712409 11.148098847 8.5153839781 14.872147892 7.8985971837 8.0035065917 5.7583539196 8.2228174319 10.863698632 8.3610741353 12.150547896 14.738164577 13.202939101 16.503673876 0.0 6.4531511568 12.141440342 11.869285213 7.3285928256 10.680505343 7.2721206797 15.018891522 8.6979331932 11.110308681 8.9710566993 14.84815088 11.776757676 16.472066292 9.7772791151 16.912647876 20.4228852 7.8757066961 10.132488147 7.1250729414 11.172479599 18.719163055 13.60445961 9.1143912518 10.906241787 8.7705641964 9.5622615413 12.155836596 7.1020865536 9.7763158364 8.9746365304 9.7879413606 6.3005653569 15.539151783 9.5334281358 37.950773787 8.9240262579 9.4475413958 10.209249421 8.3302669351 9.7056205754 20.973541899 11.207145981 8.0762164477 11.382600321 8.1566178005 11.469620014 10.807987357
2.3508209599 1.1371434079 1.227252963 0.0 4.0593751855 3.8405409437 2.5012584199 3.5348781377 2.8171453355 2.2142046466 2.4714958787 0.0 3.6731793092 2.2438436065 1.4163880517 2.2809822471 1.7423096034 3.0429498143 1.6161105315 0.0 1.1782011662 1.6824483565 2.2227918909 1.7107366853 2.4860906261 3.0155358521 2.7014175341 3.3767719177 3.2001604961 0.0 0.0 2.428542232 1.4994834869 2.1853092092 1.4879288744 0.0 1.7796605029 2.2732501039 1.8355435621 0.0 2.4096104238 0.0 2.0005025424 3.4604509778 4.1786711093 1.6114269709 2.0731808983 1.4578418358 2.2859707266 3.8300771454 2.7835715557 1.8648708559 2.2314965305 1.7945213353 1.9565083802 2.4871727327 1.4531386533 2.0003054485 1.8362760216 2.0026841155 1.2891415768 3.1794236701 1.9506088554 0.0 1.8259207912 0.0 2.0888868142 1.7044333077 1.9858406831 4.2913394818 2.2930637208 1.652452727 2.3289629572 1.6689034296 2.3467678204 0.0
0.0 0.0 4.6730267589 0.0 15.456934664 14.623676731 0.0 13.459800566 10.726880222 0.0 0.0 0.0 13.9864117 8.5439119166 0.0 8.6853251921 6.634214497 0.0 6.1536846814 0.0 4.4862516066 6.4062800637 8.463753031 0.0 0.0 11.482294322 0.0 0.0 0.0 0.0 9.4592234175 9.2471912286 0.0 0.0 0.0 0.0 6.7764359932 0.0 6.9892226306 11.567983085 0.0 12.833152477 0.0 13.17640332 15.911179274 6.1358510282 0.0 0.0 8.7043198891 0.0 10.599040912 0.0 8.4968977981 6.8330217743 0.0 0.0 5.5331345826 7.6165885668 6.9920116261 0.0 0.0 12.106332057 7.4273582151 29.566907879 6.9525818829 7.3604450781 7.9538809625 0.0 7.5615108948 0.0 0.0 6.2920653228 8.8680219539 0.0 0.0 0.0
7.3132619445 3.5375844236 3.8179098042 0.0 12.628470891 11.947690789 7.7812637915 10.996792271 8.7639688965 6.8882568496 7.6886743245 7.6710443716 11.427038858 6.9804618626 4.4062976355 7.0959979292 5.4202198872 9.4664329848 0.0 5.0943992317 3.6653126286 5.2339951654 0.0 5.3219984469 7.7340777016 9.3811498047 0.0 10.504933375 9.9555059152 4.1075655925 7.7282805534 7.5550481252 4.6648025128 6.7983648901 4.6288568115 9.5598383724 5.5364162782 7.0719436989 5.7102650985 9.4511583853 7.496152414 10.484814488 6.2234425175 10.765253874 12.999593301 5.0130519269 6.4495404907 4.5352578526 7.1115167874 11.915138545 8.6595228967 5.8015005371 6.9420508555 5.5826474298 6.0865793376 7.7374440697 4.5206265363 6.2228293705 5.7125437358 6.2302292596 0.0 9.8909949028 6.0682262723 24.156460747 5.6803292396 6.0135575671 6.498400646 5.3023890201 6.1778303592 13.350097799 7.133582664 0.0 7.2452630188 5.1918577163 7.3006528722 6.8795098568
5.2512638933 2.5401509605 2.7414376861 0.0 9.0678323463 8.5790004139 5.5873110935 7.8962108336 6.2929392899 4.9460903707 5.5208275287 0.0 8.2051479924 5.0122978796 3.1639276498 5.0952581755 3.8919712166 6.797341338 3.6100677279 0.0 2.6318657817 3.7582531623 4.9652725572 3.8214436316 5.5534292755 0.0 6.0344265257 0.0 7.148518561 2.9494240803 5.5492666522 0.0 0.0 4.8815437423 3.3237355405 6.8644107721 3.9754056563 0.0 4.1002372348 0.0 0.0 7.5285868556 4.4687226073 7.7299554427 0.0 3.5996055903 0.0 3.2565271132 5.1064014411 8.5556263812 6.2179421803 4.165748544 4.9847169812 4.0086017839 0.0 5.5558464852 3.2460211442 4.468282339 4.1018734029 4.4735958053 0.0 7.1021966389 4.3572700885 17.345467874 0.0 4.318015403 0.0 3.8073631466 4.4359709457 0.0 5.1222457718 3.6912489248 5.2024374864 0.0 0.0 4.939809621
1.8526559591 0.8961701239 0.9671844662 2.0108934177 3.1991486191 0.0 1.971214055 2.7857983054 2.2201610341 1.7449901559 1.947758526 0.0 2.8947919267 1.7683482918 1.1162397346 1.7976168431 1.3730948994 2.3981150428 1.2736388087 1.290555318 0.9285272885 1.3259189137 1.751757668 0.0 1.9592604847 2.3765104027 2.1289572358 2.6611965447 2.5220110396 0.0 0.0 1.9139072327 1.1817263266 1.7222179817 1.1726202645 2.4217772676 1.4025307295 1.7915232267 1.4465715495 2.394245555 0.0 2.6560998619 1.5765738946 2.7271430851 3.2931644152 1.2699477465 1.6338509019 1.1489090026 1.8015482085 3.0184413736 2.1937019102 0.0 1.758617698 1.4142423869 1.5419025827 1.9601132809 1.1452024767 1.5764185671 1.4471487927 1.5782931682 1.0159581972 2.5056685768 0.0 6.1195142871 0.0 0.0 1.6462285602 1.3432450102 1.5650190457 3.3819571116 1.8071381187 1.3022796904 1.8354299093 0.0 1.8494617247 1.7427742953
1.2784307727 0.6184048681 0.0 1.3876230032 0.0 2.0885749319 1.3602421406 1.9223484332 1.5320287463 1.2041356639 1.3440565828 1.340974692 0.0 1.2202540153 0.7702645596 1.2404508665 0.0 1.654826441 0.8788782603 0.8905515481 0.6407330261 0.9149543028 1.2088056059 0.9303381499 1.3519935437 1.6399180947 1.4690932932 1.8363666164 1.7403212433 0.7180432335 0.0 1.3206973969 0.0 0.0 0.8091701125 1.6711546298 0.9678205149 1.2362459483 0.9982110142 1.6521562894 1.310401842 1.8328496352 1.0879195203 1.8818732234 2.2724579312 0.8763312318 1.1274436901 0.7928080855 1.2431637169 2.0828844766 1.5137705489 1.0141598743 1.2135393901 0.975902179 1.0639944781 1.3525820183 0.7902503862 1.0878123361 0.9986093426 1.0891059102 0.7010649855 0.0 1.0607861801 4.2227890938 0.9929779289 1.0512295479 1.1359849302 0.9269102274 1.0799460624 2.3337295963 0.0 0.0 1.2665438856 0.9075882585 1.2762265817 1.2026066028
3.3563593864 1.6235442919 1.7521972418 3.6430298698 5.7957293383 5.4832910991 3.5711448548 5.0468843095 4.022149007 3.1613069118 0.0 3.5205605892 0.0 3.2036236185 2.0222328341 3.2566479139 2.4875638303 4.3445389274 2.3073844603 2.3380312108 1.6821640656 0.0 3.1735672577 2.4424859354 3.5494892 0.0 3.8569198811 4.8211498514 0.0 0.0 3.5468286481 0.0 0.0 0.0 2.1243744755 4.3874065359 0.0 3.2456084295 2.6206776139 4.3375287799 3.4402954123 4.8119164591 2.8561960269 4.940621731 5.9660528128 0.0 2.9599617692 2.0814180292 3.263770162 5.4683515235 0.0 2.6625493427 0.0 2.5621085699 0.0 3.551034166 2.074703111 2.8559146282 2.6217233751 2.8593107445 1.8405580456 4.5393880097 2.7849608509 11.086402263 2.6069388059 0.0 2.982385722 2.4334863557 2.8352627146 0.0 0.0 2.3592716397 3.3251518576 0.0 0.0 3.1572925538
0.0 3.8045975183 4.1060815593 8.5370399014 13.581654389 0.0 8.3685852733 0.0 0.0 0.0 0.0 8.2500466092 0.0 0.0 0.0 7.6315962755 5.8293322963 0.0 5.4071017557 0.0 3.9419665118 0.0 0.0 5.7236972066 8.3178376277 0.0 0.0 0.0 10.706936871 4.4176002571 0.0 0.0 5.0168968252 0.0 0.0 0.0 5.9542990668 7.6057264576 6.1412698105 0.0 0.0 0.0 6.6931813131 11.577803741 13.980788722 5.3914317332 6.9363449199 4.8775742724 7.6482864806 0.0 9.3131344379 6.2393916026 7.466029441 6.0040196964 0.0 0.0 4.8618386 0.0 0.0 6.7004803112 0.0 0.0 6.5262495114 25.979764609 0.0 6.4674544707 0.0 0.0 0.0 14.357748925 0.0 5.5286936551 7.7921277347 0.0 0.0 0.0
0.0 0.0 2.1815240833 4.53565227 7.2158104295 0.0 0.0 6.2834819074 5.0076639297 3.9358965979 4.3932489419 0.0 6.5293214738 0.0 0.0 0.0 3.097071651 0.0 0.0 0.0 0.0 0.0 3.9511609981 0.0 4.4191920798 5.3603163191 0.0 6.0024375448 0.0 0.0 4.4158796343 0.0 2.6654320158 0.0 0.0 0.0 0.0 4.0408538405 0.0 5.4003186797 0.0 0.0 3.5560268391 0.0 0.0 0.0 3.6852174694 2.5914112006 4.0634655967 0.0 4.9479842945 3.3149324605 0.0 3.1898814905 0.0 4.4211155965 2.5830509798 3.5556764917 0.0 3.559904731 0.0 0.0 0.0 13.802814522 0.0 0.0 3.7131357835 0.0 0.0 0.0 0.0 0.0 4.1398871571 0.0 4.1715364902 3.930898634
6.6972854022 0.0 3.4963374473 0.0 11.56480848 10.941368669 0.0 10.070561797 0.0 0.0 0.0 0.0 10.464569861 6.3925161832 0.0 6.4983209552 0.0 8.6691005902 4.6041589961 4.6653115759 0.0 4.7931497165 0.0 0.0 0.0 0.0 7.6961046906 0.0 9.1169802125 0.0 0.0 6.9187065779 0.0 6.2257567529 4.2389805517 0.0 0.0 6.4762927486 5.2293047038 8.6551125295 6.8647714954 9.601706536 0.0 9.8585252613 0.0 0.0 5.9063129021 0.0 0.0 0.0 7.930154386 0.0 6.3573404328 0.0 0.0 0.0 4.1398662239 5.6986970546 0.0 0.0 3.67265275 0.0 0.0 22.121826506 5.2018902624 0.0 0.0 0.0 0.0 12.225654678 6.5327400281 4.7076947649 0.0 4.7545613924 6.6857383584 0.0
0.0 0.510105461 0.5505272546 1.1446127096 1.8209747653 1.7228090098 1.1220269761 1.5856932639 1.263729104 0.9932589629 1.1086759469 1.1061337786 1.6477330931 1.0065545553 0.6353704159 1.0232143919 0.781573931 1.3650216033 0.724962922 0.7345919015 0.528523355 0.7547210743 0.0 0.767410794 1.1152229315 1.3527241114 1.2118153498 1.5147691872 1.4355439549 0.5922944555 1.114387006 1.0894075859 0.6726457807 0.9802969035 0.667462555 1.3784902849 0.7983289838 1.0197458686 0.0 1.3628190674 1.080915061 1.5118681245 0.8973954072 1.5523063573 1.8744891258 0.722861947 0.9299978266 0.6539659611 1.0254521489 1.718115107 0.0 0.0 1.0010158424 0.8049953301 0.8776602865 1.1157083483 0.6518561841 0.8973069939 0.0 0.0 0.5782895576 1.4262417261 0.8750138483 3.4832645868 0.8190806546 0.8671308406 0.9370432646 0.0 0.0 1.9250304662 1.0286339597 0.7412654853 1.0447378182 0.7486450235 0.0 0.9919976817
0.0 0.7607618738 0.0 0.0 0.0 0.0 1.6733703324 2.36487368 1.8847022718 0.0 0.0 1.6496675108 0.0 1.5011568943 0.9475797167 1.5260030673 1.1656249418 0.0 0.0 0.0 0.7882299811 0.0 0.0 1.1445023005 0.0 0.0 1.8072790564 2.2590988205 0.0 0.883337024 1.661976222 1.6247223756 0.0 1.4619967168 0.0 0.0 1.1906131184 1.5208301755 0.0 2.0324832151 1.6120567806 2.2547722291 1.3383589547 0.0 2.7955785005 1.078062972 1.3869816014 0.9753127697 0.0 2.5623651738 0.0 0.0 1.4928965601 1.2005551843 0.0 0.0 0.0 0.0 0.0 1.3398184519 0.8624503776 2.1270705982 1.3049795106 5.1948765435 0.0 1.2932229384 1.3974890378 0.0 1.328550004 0.0 0.0 0.0 1.5581027081 0.0 0.0 0.0
0.0 2.8649402324 3.09196392 0.0 10.227265274 9.6759302187 0.0 8.9058376655 0.0 5.5785083312 6.2267326425 0.0 0.0 5.6531812774 0.0 0.0 0.0 7.6664643066 4.0716589037 4.1257388011 0.0 0.0 0.0 0.0 6.2635029202 7.5973970606 6.8060015335 8.5075019168 0.0 3.3265439107 0.0 6.1185144267 0.0 5.5057086294 3.7487156549 0.0 4.4837097407 5.7272685534 4.6245025586 7.6540940536 6.0708172774 0.0 5.0401032788 0.0 0.0 0.0 5.2232104792 0.0 0.0 9.649567531 0.0 4.6983902875 5.6220738249 0.0 0.0 0.0 0.0 0.0 0.0 5.0455995746 3.2478872434 0.0 4.9144001966 0.0 0.0 4.8701263209 5.2627802555 0.0 5.003163918 10.811680432 5.7771873482 0.0 0.0 0.0 0.0 5.5714245111
0.0 0.4843979542 0.5227826328 1.086928287 1.729204093 1.6359855435 1.0654807944 1.5057799451 0.0 0.9432022325 1.0528026098 1.0503885577 1.5646931868 0.0 0.6033499995 0.9716480141 0.7421853758 0.0 0.0 0.0 0.0 0.0 0.0 0.0 1.0590196495 1.2845516119 0.0 0.0 0.0 0.0 0.0 0.0 0.0 0.930893415 0.6338248085 1.3090192617 0.7580960333 0.0 0.7819009812 1.294137818 0.0 1.435675331 0.0 1.4740756202 1.7800215194 0.6864322676 0.0 0.6210083952 0.9737729961 1.6315281967 1.1857399495 0.79439376 0.9505681928 0.7644264194 0.8334293196 1.059480603 0.6190049434 0.8520859026 0.7822129927 0.8530991621 0.5491458141 0.0 0.0 3.3077204007 0.7778018935 0.0 0.8898196062 0.0 0.8459242322 1.8280157554 0.9767944549 0.7039083328 0.992086736 0.0 0.9996712141 0.9420045154
0.0 1.8037318462 1.9466632242 4.047348154 6.4389629722 0.0 0.0 0.0 4.4685434762 0.0 3.9202758361 0.0 5.8263807806 0.0 0.0 0.0 2.76364379 0.0 0.0 0.0 0.0 0.0 0.0 2.7135629669 3.9434259599 4.7832296365 0.0 5.3562206867 5.0760804306 0.0 0.0 0.0 0.0 0.0 0.0 0.0 0.0 3.6058192644 2.9115310831 4.81892538 3.8221134011 5.3459625349 3.1731882883 5.4889520419 0.0 2.556038337 3.2884703751 2.3124222746 0.0 6.0752514349 0.0 0.0 0.0 0.0 0.0 0.0 0.0 0.0 0.0 0.0 0.0 0.0 0.0 0.0 0.0 0.0 0.0 0.0 0.0 6.8069037135 0.0 0.0 3.694190746 2.6472072416 3.7224327413 0.0
5.1017417641 2.4678238431 0.0 5.5374873472 8.8096389614 8.3347258098 5.4282205073 7.6713776734 6.1137569634 4.8052576153 5.3636299656 5.3513312858 7.9715182942 0.0 3.0738393952 0.0 3.7811529764 6.6037968942 0.0 3.5538600313 2.5569272177 3.65124235 4.8238936169 3.7126335623 5.395303425 6.5443032285 0.0 7.3282562194 6.9449748547 0.0 5.3912593263 5.270412142 3.2541727592 0.0 3.2290969877 6.6689566233 0.0 4.9333978184 3.9834889217 6.5931413123 5.2293264115 7.3142212553 4.3414822071 7.5098561638 9.0685344737 3.4971120377 4.4992084696 3.163802223 0.0 0.0 6.0408952878 4.0471348913 4.8427843891 3.8944626574 4.2460062613 5.3976518081 3.1535953963 4.3410544749 3.9850785022 4.3462166479 2.7976896302 6.8999718822 4.2332031373 16.851580813 3.9626056246 4.1950661721 4.5332933822 3.6989539987 4.3096631017 9.313046902 4.9763972466 3.586145961 5.0543056184 3.6218472066 5.0929456576 4.7991557009
0.0 2.614442658 0.0 5.8664815881 9.3330388901 0.0 5.7507229662 0.0 6.4769886433 5.0907484855 0.0 0.0 8.4451236401 5.1588923629 3.2564629201 5.2442789954 0.0 6.9961429187 0.0 3.7650026327 2.708839859 3.868170648 0.0 0.0 0.0 0.0 6.2109151662 0.0 7.3575910084 3.035685773 0.0 5.5835388606 3.4475102839 5.0243140644 3.420944706 7.0651739299 4.0916741926 0.0 4.2201567155 0.0 5.5400121369 0.0 0.0 0.0 9.6073159514 0.0 4.7665162903 3.3517706364 0.0 0.0 0.0 4.2875840315 0.0 0.0 0.0 5.7183381136 3.3409573998 4.5989660207 4.2218407366 0.0 2.9639064933 7.3099143108 4.4847069992 17.852770106 4.1980326961 0.0 4.8026262622 3.9187169501 4.5657096173 9.8663553981 0.0 3.7992067401 5.3545929755 0.0 5.395528704 0.0
8.9057195567 0.0 4.6492569618 0.0 15.378311489 14.549292002 9.4756284746 0.0 10.672316921 8.3881699032 0.0 9.341408854 13.915268481 8.5004524924 5.365765827 8.6411464558 6.6004689312 11.527742067 0.0 6.2037010586 4.4634318592 6.3736939081 8.4207013427 0.0 9.418167647 0.0 10.233900146 0.0 12.123310282 5.0019850929 0.0 0.0 5.6805599582 0.0 0.0 0.0 6.7419670042 8.6118544339 6.9536712821 11.509141434 9.1284342965 12.767875421 7.5785927208 13.109380286 15.830245541 0.0 7.8539233677 5.52280704 8.6600445345 14.50965153 10.545127878 7.0647731729 0.0 6.7982649563 7.4119276803 9.4222670394 5.504989765 7.5778460614 6.956446091 7.5868572712 4.8837123486 12.044752042 0.0 29.416512977 0.0 7.323005471 0.0 6.4569804762 7.5230485473 16.257072146 8.68691524 6.2600601315 8.8229139131 6.3223810593 8.8903648678 8.3775182589
1.3231528554 0.6400379156 0.690755821 1.4361648499 2.2848077158 2.1616374885 1.4078261496 1.9895960522 1.5856221967 1.2462587541 1.3910743884 1.3878846869 2.0674384711 1.2629409579 0.7972099649 1.2838443355 0.9806539783 1.712715602 0.0 0.9217048344 0.6631471575 0.9469612467 1.25109206 0.9628832516 1.3992890002 1.6972857317 1.5204851347 1.9006064183 1.8012011847 0.7431618317 1.3982401504 1.3668980511 0.843979993 1.2299950398 0.8374765124 1.7296149837 1.0016768253 1.2794923208 1.0331304454 1.7099520431 1.356242337 1.896966406 1.1259771357 1.947704938 2.3519530854 0.9069870629 1.1668839406 0.8205421087 1.2866520869 0.0 1.5667252908 1.0496372288 1.2559914415 1.0100412023 1.1012151474 1.3998980608 0.8178949359 1.125866202 1.0335427081 1.1272050279 0.7255896503 1.7895295215 1.0978946167 4.3705107592 1.0277142963 1.0880036742 1.1757239704 0.9593354136 1.1177247502 2.4153681567 1.2906443585 0.9300782924 1.310850141 0.9393375233 1.3208715573 1.2446762033
0.0 0.0 1.6502551639 3.4310799672 5.4585363114 5.1642755938 3.3633771912 0.0 3.7881421169 2.9773834426 3.3233562756 3.3157358963 0.0 3.0172381816 1.9045802022 3.0671775464 0.0 4.0917755311 2.1731418301 2.2020055659 0.0 2.2623445792 2.9889304869 2.3003831598 3.3429814531 4.0549126885 3.6325259501 4.5406574376 0.0 0.0 3.340475691 0.0 2.0163164742 2.9385284989 2.0007792871 4.1321491206 2.393063226 3.0567803344 2.4682077234 4.0851732309 3.2401405128 4.5319612401 2.690023777 4.653178495 5.6189504398 0.0 0.0 0.0 0.0 5.1502051963 3.7429963278 2.5076433731 3.0006353895 2.4130462011 2.6308659705 3.3444365337 0.0 2.68975875 2.4691926427 2.6929572817 0.0 4.2752883781 2.6229330328 10.441400173 2.4552682334 2.5993030054 2.8088718103 0.0 2.6703083558 5.7704526721 3.0834231902 2.2220102359 3.1316959603 2.2441310681 3.1556376971 0.0
12.493774002 0.0 0.0 13.56088149 21.574129643 20.411103787 0.0 18.786615115 14.972121549 11.767707078 13.135118107 13.104999584 19.521636458 11.925227567 0.0 0.0 9.2597534215 16.172191727 8.5890504158 8.7031304446 0.0 0.0 11.813345216 9.0919546354 13.212683978 16.026496306 14.357069608 0.0 17.007710366 0.0 13.202780291 0.0 7.9692193172 0.0 7.9078106775 16.331762903 9.4582601153 12.0815126 0.0 0.0 0.0 0.0 10.6319567 0.0 22.208144882 0.0 11.018216211 7.7479088104 0.0 20.355492435 14.793688898 0.0 11.859607267 0.0 0.0 13.218434988 0.0 0.0 0.0 10.643550982 6.851327171 16.897501541 10.366789569 0.0 9.7041170296 0.0 11.101687546 0.0 0.0 0.0 12.1868149 8.7821962084 12.377606522 8.8696258185 12.472233013 11.752763958
3.3703701275 1.6303215932 0.0 0.0 5.8199229522 5.506180475 3.5860521934 5.0679519549 4.0389390112 0.0 3.5433816619 0.0 0.0 0.0 2.0306744154 0.0 2.497947883 4.3626747117 2.3170163746 0.0 1.6891860684 0.0 0.0 2.4526818156 3.5643061395 0.0 0.0 0.0 4.5880675402 0.0 3.5616344815 3.481799053 2.1498082742 3.1330760631 0.0 4.4057212661 0.0 3.2591568532 0.0 0.0 3.4546565348 4.8320032578 0.0 4.9612457953 0.0 2.3103015576 2.9723177934 2.0901066723 0.0 0.0 3.9908043101 2.6736638525 3.1992947886 0.0 2.8050444977 0.0 2.0833637235 0.0 2.6326674615 2.8712466124 0.0 4.5583371694 0.0 11.13268119 0.0 0.0 0.0 0.0 2.8470981968 6.152489978 3.28756362 0.0 3.3390323264 0.0 3.3645591445 0.0
1.6654154173 0.8055977871 0.8694349933 1.8076604477 0.0 0.0 1.7719913197 0.0 1.9957782215 0.0 1.7509063474 0.0 0.0 0.0 1.0034258408 0.0 1.2343216794 2.1557471289 0.0 1.1601240441 0.0 1.1919135823 0.0 1.2119541638 1.7612458491 0.0 1.913792027 2.3922400337 0.0 0.9353969702 1.7599256912 0.0 0.0 1.5481602856 1.0541082156 2.1770179071 1.2607825477 0.0 0.0 2.1522687148 0.0 2.3876584522 1.4172358649 2.4515216205 0.0 1.1415991975 1.4687241137 1.0327933563 0.0 2.7133795539 0.0 1.3211489635 0.0 1.2713105547 1.3860686441 1.7620124565 1.0294614341 0.0 0.0 1.4187813784 0.913279358 0.0 1.3818891852 0.0 0.0 0.0 1.4798508115 0.0 0.0 0.0 0.0 0.0 1.6499303355 0.0 1.6625440114 1.5666390546
3.7455954529 0.0 1.9553990696 4.0655110327 6.4678584611 6.119186846 3.9852895324 0.0 4.488596511 3.527922797 3.9378684651 3.9288390236 5.8525272458 3.5751469604 2.2567506146 0.0 2.7760459173 4.848373901 2.5749711957 2.6091720415 1.8772441654 2.6806681671 3.5416049718 2.7257403515 3.9611224774 4.8046948568 4.3042058092 5.3802572616 5.0988598481 2.1037505729 0.0 3.8694298274 2.3891477173 3.4818832981 2.3707375938 4.8962128541 2.8355576204 3.6220007382 2.9245968694 4.8405507886 3.8392655164 5.3699530753 3.1874282874 5.5135842619 6.6579343016 2.5675088141 3.3032277141 2.3227995003 3.6422686818 6.102514732 4.4351029448 2.9713244509 3.5554741941 2.8592355896 3.1173317821 3.9628466127 0.0 3.187114255 2.9257639072 3.1909042179 2.0540070513 5.0658195773 3.1079319878 0.0 0.0 3.0799326005 3.3282521664 2.715697093 3.1640673447 6.8374503732 3.6535700474 2.632875717 3.7107687957 2.6590868482 3.7391375297 3.523442895
0.0 0.0 0.0 0.0 0.0 0.0 0.0 0.0 0.0 0.0 0.0 0.3260478796 0.0 0.2966955578 0.1872840165 0.0 0.0 0.4023585645 0.0 0.2165308903 0.0 0.0 0.0 0.0 0.3287270302 0.0 0.0 0.4464986886 0.4231459807 0.0 0.3284806299 0.3211176082 0.0 0.0 0.1967436082 0.4063286405 0.0 0.3005838757 0.2427074772 0.0 0.0 0.4456435611 0.2645194237 0.4575632768 0.0 0.2130733277 0.2741294274 0.0 0.3022658789 0.0 0.3680618886 0.0 0.2950629473 0.0 0.0 0.3288701134 0.1921434195 0.0 0.0 0.0 0.1704586621 0.0 0.0 0.0 0.241435092 0.2555985337 0.2762061655 0.0 0.2625807376 0.0 0.0 0.2184980193 0.0 0.2206732379 0.3103048651 0.2924047226
0.0 0.0 1.4001787633 2.9111409013 0.0 0.0 2.8536976699 4.0329593395 3.2140945596 2.5261966499 2.8197414447 2.8132758426 4.1907478061 2.5600118806 1.6159638887 2.6023835329 1.9878093427 3.4717159674 1.8438282192 1.8683180017 1.3442153342 0.0 2.5359938779 1.9517876497 2.8363926616 3.4404392469 3.0820601587 3.8525751984 3.6510783845 1.5064070149 2.8342666177 0.0 1.7107678673 2.4932297074 1.6975851547 0.0 2.0304231621 2.5935618939 2.0941804112 0.0 2.7491360338 0.0 2.2823828991 3.9480450375 4.7674658136 0.0 2.3653019823 0.0 0.0 4.3697532964 3.1757900741 2.1276400606 0.0 2.0473779568 2.2321897495 2.8376272421 1.6578928255 0.0 2.0950160777 2.2848718663 1.4707877781 3.6274196408 2.2254589534 8.8591310609 2.0832017459 2.2054097737 2.3832209367 1.9445960961 2.2656551138 0.0 2.616167344 1.8852912035 2.6571249541 1.9040598886 2.6774386075 2.5229887811
0.0 3.0130997689 3.2518639194 0.0 10.756165272 10.176318087 6.627608369 0.0 7.4646169517 0.0 0.0 0.0 0.0 5.9455338746 3.7530169736 0.0 0.0 0.0 4.2822235393 4.3391001626 3.121890904 0.0 0.0 0.0 0.0 7.9902942018 0.0 0.0 0.0 0.0 0.0 0.0 3.9731957432 0.0 3.9425793759 8.1424902819 4.7155834634 6.0234525522 4.8636573403 0.0 6.3847677968 8.9303288138 5.3007507287 9.1691900677 11.072264823 0.0 0.0 3.8628574618 6.0571585078 10.148592061 7.3756561863 4.9413661511 5.9128177094 4.7549603532 5.1841789762 0.0 3.8503953944 5.3002284872 4.8655981453 5.3065312638 3.4158507713 8.4245493215 5.1685469487 20.57500757 4.8381597919 5.1219834627 0.0 4.5162532445 0.0 11.370803287 0.0 0.0 6.1710754327 0.0 6.218253149 5.8595490814
0.0 3.724563495 0.0 8.357453586 13.295948887 12.579186144 8.1925425921 0.0 9.2271885884 7.2523357565 8.0950593076 0.0 12.031015148 0.0 4.6391925553 0.0 5.706705681 9.9667814253 0.0 5.3636637704 3.8590427761 0.0 7.2804621445 5.6032927452 8.1428624808 0.0 0.0 11.060171768 0.0 4.3246710262 8.1367589242 0.0 4.9113607113 0.0 4.8735150995 10.065123756 5.8290436338 0.0 6.0120812358 0.0 7.892361649 0.0 6.5523826541 11.33425151 13.686686977 5.2780168528 6.7904310387 0.0 7.4873961013 0.0 9.1172220939 6.1081389247 0.0 5.8777183335 6.4082855689 0.0 4.7595643117 6.5517370991 6.0144803105 6.5595281095 0.0 10.413783569 6.3889624521 25.433250799 5.9805631166 6.3314042318 6.841873698 5.5826468618 6.5043596645 14.055717395 7.51062827 5.4123913146 7.6282114915 0.0 7.6865289763 7.2431264412
0.4520037438 0.2186440764 0.2359698775 0.4906098991 0.7805157486 0.7384394279 0.0 0.6796681582 0.5416661925 0.4257358629 0.4752064956 0.474116858 0.706259995 0.4314346894 0.272335798 0.0 0.0 0.5850827144 0.3107374075 0.3148646312 0.0 0.0 0.427386974 0.3289316369 0.4780126984 0.579811699 0.519414647 0.0 0.0 0.2538723541 0.4776543996 0.4669475896 0.2883129602 0.420179997 0.2860912988 0.5908557313 0.3421839535 0.4370888192 0.3529288602 0.584138652 0.4633074791 0.64802484 0.3846463232 0.6653576874 0.0 0.3098368766 0.398620543 0.2803063181 0.439534675 0.7364275027 0.5352107991 0.3585677612 0.4290606572 0.3450413178 0.3761873523 0.4782207603 0.0 0.384608427 0.3530696938 0.3850657848 0.2478695013 0.6113232044 0.3750530221 1.4930151249 0.3510786434 0.371674166 0.4016403956 0.3277196559 0.3818272164 0.8251166485 0.4408984794 0.3177250977 0.4478009997 0.320888154 0.451224427 0.4251952459
0.0 2.6962750445 2.9099333598 0.0 9.6251641902 0.0 0.0 8.3815318647 6.6797192087 5.2500895583 0.0 5.8467143191 8.7094570803 5.3203663477 3.3583906222 5.4084255926 4.1311815826 0.0 3.8319515946 3.8828476922 0.0 3.9892448795 5.2704507304 4.0563191944 5.8947570439 7.1501219699 0.0 0.0 7.5878845395 0.0 0.0 0.0 3.5554177927 0.0 0.0 0.0 4.2197441134 5.3900919465 4.3522481556 0.0 0.0 7.9913127899 0.0 8.2050579982 9.9080261583 3.8208464277 4.9157088543 3.4566814821 0.0 9.0814767548 0.0 4.4217859551 0.0 0.0 4.6390672305 0.0 3.4455297898 0.0 4.3539848867 0.0 0.0 0.0 0.0 0.0 0.0 0.0 4.9529490729 4.0413732873 4.708616907 0.0 5.4370719146 0.0 0.0 3.9571285711 0.0 5.2434227779
2.8936128829 1.3997037081 1.5106190752 3.1407596596 4.9966630949 0.0 3.0787855437 0.0 0.0 0.0 0.0 0.0 4.5212966667 0.0 1.7434244392 0.0 0.0 0.0 1.9892617659 2.0156832012 1.4502414822 2.0709166381 2.7360225901 0.0 3.0601155879 3.7118068705 3.3251603215 4.1564504019 0.0 1.6252261721 0.0 2.9892795789 0.0 2.6898853587 1.8314836532 3.7825079537 2.1905745465 0.0 0.0 3.7395069218 0.0 4.1484900317 2.4624078259 4.2594505071 5.1435038063 1.9834967964 2.5518672235 0.0 2.8137890792 0.0 3.4262832651 0.0 2.7467370842 2.2088666653 0.0 3.061447547 1.7886605572 2.4621652241 2.2602622843 0.0 1.5867974371 3.9135355048 0.0 0.0 2.2475160867 2.3793633785 2.5711995509 2.0979777964 2.444360622 5.2821867003 2.8225198078 0.0 0.0 0.0 0.0 2.721991705
1.1636845562 0.0 0.6075049287 0.0 2.0094393795 0.0 0.0 1.7498070534 1.3945207123 1.0960578434 0.0 1.2206148136 0.0 1.1107294838 0.7011290649 1.1291135561 0.86246414 0.0 0.0 0.0 0.5832237013 0.0 1.1003086323 0.8468351671 1.2306446625 0.0 1.3372340633 0.0 0.0 0.0 0.0 1.2021575176 0.0 0.0 0.0 0.0 0.0 0.0 0.0 0.0 0.0 0.0 0.99027274 1.712964717 0.0 0.0 0.0 0.0 1.1315829133 1.895934101 1.3779012888 0.0 1.1046175332 0.0 0.0 1.2311803183 0.7193210533 0.0 0.0 0.0 0.0 0.0 0.9655747668 3.8437704703 0.9038526803 0.0 0.0 0.0 0.9830149439 0.0 0.0 0.817983909 0.0 0.826127204 1.1616782035 0.0
1.0848693687 0.5247749923 0.5663592294 1.1775292989 1.8733420664 1.7723532757 1.1542940484 1.6312943772 1.3000712235 1.0218229453 1.1405590725 1.1379437969 1.6951183379 1.0355008902 0.6536422968 1.0526398278 0.8040503091 1.4042766763 0.7458112897 0.755717178 0.5437225451 0.7764252223 1.0257858325 0.7894798708 1.1472943342 1.391625535 1.2466645418 1.5583306772 1.4768270984 0.6093275648 1.1464343693 1.120736595 0.6919896204 1.0084881251 0.6866573364 1.4181326881 0.821287201 1.0490715572 0.8470764126 1.4020108002 1.1119998434 1.5553461862 0.9232025608 1.5969473353 1.9283953843 0.7436498953 0.9567425553 0.6727726097 1.0549419378 1.7675243864 1.284577417 0.8606105282 1.0298028959 0.828145257 0.9028999007 1.1477937105 0.67060216 0.9231116049 0.8474144319 0.9242093248 0.5949199162 1.4672573576 0.0 3.5834357527 0.8426356451 0.8920676507 0.963990605 0.7865709546 0.9164363279 1.9803901845 1.0582152506 0.7625826796 1.0747822213 0.7701744373 1.0829989043 1.0205253924
8.080178602 0.0 4.21828089 0.0 0.0 13.200604079 8.5972581949 12.1499881 9.6830162085 7.6106046827 8.4949591886 8.4754804431 0.0 0.0 0.0 0.0 0.0 10.459145293 0.0 5.6286313787 0.0 0.0 7.6401205281 0.0 0.0 10.364918758 0.0 11.606549651 0.0 4.5383118857 8.5387187867 0.0 0.0 0.0 0.0 0.0 6.1170012345 7.8135541409 0.0 10.442268898 0.0 0.0 6.8760735554 11.894169067 0.0 5.5387534615 7.1258816464 5.010854764 7.8572771233 13.164638193 0.0 0.0 0.0 0.0 0.0 8.5488432494 4.9946891118 6.8753961097 0.0 6.8835719998 0.0 0.0 0.0 26.689665803 0.0 6.6441786913 7.1798655983 0.0 0.0 0.0 7.8816569725 0.0 0.0 0.0 8.0662472596 0.0
8.4640669608 4.0942539277 0.0 9.1869925739 14.615670004 0.0 0.0 0.0 10.143055198 7.9721836385 8.8985537255 0.0 0.0 8.0788979077 0.0 8.2126145737 0.0 0.0 5.8187620358 0.0 0.0 0.0 8.0031017783 6.1594609303 8.9511017167 10.85735486 9.7263803955 0.0 0.0 0.0 0.0 0.0 5.3988495321 0.0 5.3572474639 0.0 0.0 8.1847752022 0.0 0.0 8.6757368275 12.134690726 7.2027550216 0.0 0.0 5.8018990034 0.0 5.2489198993 0.0 13.790088644 10.022173717 6.7144168214 0.0 0.0 7.0443552366 0.0 0.0 7.2020453905 0.0 0.0 4.6415192027 11.447428494 7.0231141578 0.0 0.0 0.0 0.0 0.0 0.0 0.0 0.0 0.0 0.0 0.0 8.4494737419 7.9620602307
11.895493608 5.7541098919 6.2100772563 12.911501285 20.541024771 19.433691899 12.656728884 17.886993951 14.255162303 11.20419533 12.506126127 12.477449868 18.586817855 11.354172747 7.1671281235 11.542099633 8.8163382509 15.397765581 8.1777527189 8.2863698792 5.9618680795 8.5134316951 11.247648026 8.6565747249 12.579977657 15.259046973 13.669562913 17.086953641 16.193274338 6.6812211321 12.57054822 12.28877447 7.5876030276 11.057980243 7.5291350194 15.549695486 9.005339197 11.502973872 9.2881155486 15.372920458 12.192976787 17.054228969 10.122831815 17.510381772 21.144679376 8.154053226 10.490594794 7.3768902583 11.56734206 19.380743569 0.0 9.436515891 11.29169476 9.0805371555 9.9002150001 12.585453272 0.0 10.121834492 9.2918218995 10.13387089 6.5232425808 16.088343004 9.8703625522 39.292045955 9.2394229376 9.7814403671 10.570068997 8.6246787237 10.048640689 21.714797615 11.603233635 8.3616494774 11.784888957 8.4448924085 11.874984136 11.18996778
2.4879521155 0.0 1.2988426842 2.7004509434 4.2961719554 4.0645723891 2.6471650897 3.7410792615 2.9814787329 2.3433665211 2.6156664011 2.6096687384 3.8874479973 2.3747344194 1.4990106476 0.0 1.8439442805 3.2204551333 1.7103835997 1.7331009667 1.246929534 0.0 2.3524546878 1.8105296098 2.6311125083 3.191442024 2.8590001465 0.0 3.3868364336 1.3973828071 0.0 2.5702071262 1.5869533141 2.3127855174 1.5747246829 3.2522313959 1.8834739814 2.405856295 1.9426168842 3.2152587555 2.5501709631 3.5669057915 2.1171984669 0.0 4.4224268047 1.7054268316 0.0 1.5428825679 2.4193189537 4.0534982029 0.0 1.9736549359 0.0 1.8992016953 2.0706379799 0.0 1.5379050333 2.1169898759 0.0 2.1195072984 1.3643414653 0.0 2.0643943162 8.2179632118 0.0 2.0457961692 2.2107384854 1.8038585353 2.1016813329 4.5416674957 2.4268257057 1.7488457556 2.4648190632 1.766256082 2.4836625429 0.0
4.0544823052 0.0 2.116654355 0.0 0.0 0.0 0.0 0.0 0.0 0.0 4.262611436 0.0 0.0 3.86997749 2.4428573638 0.0 3.0049772304 5.2482032397 0.0 0.0 0.0 2.901733993 3.8336694047 0.0 0.0 0.0 4.6591594076 0.0 0.0 0.0 4.2845691828 0.0 0.0 3.7690226824 2.5662444718 0.0 3.0693966666 0.0 0.0 5.2397349812 0.0 0.0 0.0 5.9682712961 0.0 2.7792427629 0.0 0.0 3.9426345175 0.0 0.0 3.216359738 3.8486823758 0.0 3.3744078102 0.0 0.0 3.4499450125 0.0 0.0 0.0 0.0 3.364232846 0.0 0.0 3.333924442 3.6027221001 0.0 0.0 0.0 3.9548678693 2.8500002578 0.0 0.0 0.0 0.0
0.0 0.0 0.0 7.6047917958 0.0 11.446320413 7.4547324792 10.5353252 8.3961995545 6.5991994923 0.0 7.3491382838 10.94751701 0.0 4.2213926911 6.798222969 0.0 9.0691855879 4.8166441233 0.0 3.5115022227 5.0143568964 6.6247928531 5.0986672268 0.0 8.9874812133 8.0512852536 10.064106567 0.0 3.9351965764 7.4039726185 0.0 4.4690497242 6.51307974 0.0 0.0 5.3040872734 6.7751781454 0.0 0.0 0.0 10.044831944 5.9622832885 10.313503032 0.0 4.8026852733 0.0 4.3449412488 6.8130905972 11.415134185 0.0 5.5580475924 6.6507360978 5.3483783907 5.8311634062 0.0 0.0 5.9616958715 0.0 5.9687852332 0.0 9.4759312792 0.0 23.142764124 0.0 5.7612059059 6.2257031321 5.0798806858 5.9185851892 12.789877111 0.0 4.9249581396 6.9412243299 0.0 6.9942898152 0.0
13.697648317 6.625851459 7.1508973972 0.0 23.652968314 0.0 0.0 20.59685463 0.0 12.90161908 14.400791017 14.367770336 21.402701115 13.074317918 8.2529404592 13.290715529 10.152004178 17.730510793 9.4166736126 9.5417461579 6.8650847924 9.803207599 12.951654814 9.9680366465 0.0 17.570776462 0.0 19.675609059 18.646538286 7.6934190722 14.47497299 14.150510814 8.7371168669 12.733252562 8.6697910172 17.905457918 10.369638567 13.245662256 0.0 0.0 14.040199883 19.637926634 11.656430136 20.163186103 24.348075954 9.3893836717 12.079908817 8.4944813357 13.319782156 0.0 16.219178272 10.866138075 13.002374582 10.456228937 11.400087109 14.492136141 0.0 11.65528172 10.699523097 0.0 7.5115069373 18.525709965 0.0 45.244749389 10.639185747 11.263318245 12.171423278 9.9313084348 11.570999133 25.004566503 13.361111268 9.6284305358 0.0 9.7242846829 13.674031682 12.885236072
0.0 1.2918058582 1.3941711803 2.89865041 0.0 4.3628914834 0.0 0.0 0.0 2.5153577938 0.0 2.8012052495 4.1727670554 2.5490279375 1.6090304618 2.5912177908 1.979280482 3.4568202824 1.8359171214 0.0 1.3384478669 0.0 2.5251129861 1.9434133431 2.8242228839 0.0 3.0688363243 0.0 3.6354131302 1.4999436508 2.822105962 2.7588473542 0.0 2.4825322988 0.0 0.0 2.0217114633 2.5824340017 2.0851951566 3.4512425167 2.7373406379 3.8286986699 0.0 3.9311056231 4.7470106066 0.0 2.3551534582 1.6561223595 0.0 4.3510045078 3.1621640837 2.1185112447 2.5350015404 0.0 0.0 0.0 0.0 2.2723662457 0.0 2.2750684342 0.0 0.0 2.2159104374 8.8211202251 2.0742635962 0.0 2.3729955298 0.0 2.2559341329 4.8750029623 2.6049424613 0.0 2.6457243394 0.0 0.0 0.0
6.5490437157 3.1679153863 0.0 0.0 11.308826151 10.699185927 0.0 0.0 7.8481552912 0.0 0.0 6.8694387423 10.232940867 6.2510204393 0.0 6.3544832658 4.8538199861 8.477213577 0.0 4.562046803 0.0 4.6870552984 6.1923734358 4.7658624493 6.9258852414 8.4008422836 7.5257545457 0.0 8.9151795662 3.6783348982 6.9206938812 6.7655638238 4.1773419047 6.0879521612 4.1451524425 0.0 0.0 0.0 5.1135561726 0.0 6.7128225724 9.3891766699 5.5731077894 0.0 11.641167164 4.4892000953 5.7755790699 4.061334349 0.0 0.0 7.7546236464 5.195257728 6.2166232898 4.9992742424 5.4505464816 0.0 4.04823197 5.5725587148 5.1155966978 0.0 3.5913600762 0.0 5.4341112673 21.63216888 5.0867485387 5.38515531 5.8193334568 0.0 0.0 11.955044788 0.0 4.6034918574 0.0 4.6493211111 6.537752261 6.1606176746
4.9097269178 2.374942071 2.5631373084 5.3290722939 8.4780695584 8.0210307682 5.2239179427 0.0 5.8836527838 4.6244015773 5.1617584027 5.1499226097 7.671493336 4.6863030157 2.9581489455 4.7638676566 3.6388412835 6.3552490248 3.3752725171 3.4201029893 0.0 3.5138201184 4.6423361735 3.5729007425 5.1922397644 6.2979945291 5.6419534323 7.0524417904 6.6835860309 2.7575964746 5.188347874 5.0720490292 3.1316950818 4.5640529974 3.10756309 6.4179563297 3.7168492303 4.7477189527 3.8335618873 6.3449944883 5.0325096471 7.0389350619 4.1780813379 7.2272068367 8.7272209903 3.3654908265 4.3298712388 3.0447258319 4.7742861753 7.9991769594 5.8135334115 3.8948124062 4.6605159515 3.7478863149 4.0861988314 5.1944997612 3.0349031608 4.1776697043 3.8350916406 4.182637588 2.6923926612 6.6402768405 4.07387758 16.217335912 3.8134645773 4.0371759802 4.3626732936 3.5597360382 4.1474598118 8.962530676 0.0 3.4511737697 4.8640761319 3.4855313234 4.9012618714 4.6185293213
1.7883596059 0.8650685745 0.9336183668 1.9411054396 3.0881222902 2.9216466951 1.9028031476 2.6891172832 2.1431104315 1.6844303401 1.8801616418 1.8758504745 2.7943282851 1.7069778329 0.0 1.7352306202 1.3254416941 2.3148885532 0.0 1.2457666458 0.8963027849 1.2799029492 1.690962986 1.3014229652 1.8912644255 2.2940337013 2.0550718574 2.5688398218 2.4344847443 1.0044497845 1.8898468111 1.8474851564 0.0 1.6624484734 1.1319245237 2.3377295813 1.3538559549 1.7293484825 1.3963683399 2.3111533558 1.8330830043 2.5639200191 1.5218589587 2.63249769 3.1788752718 1.2258742591 1.5771481697 1.1090361602 1.7390255478 2.9136864827 2.1175695704 1.4186787363 1.697584939 0.0 0.0 1.8920876254 1.1054582691 1.5217090219 1.39692555 1.523518565 0.9806994073 2.418709446 1.4839029187 5.9071367809 1.3890479292 1.4705344239 1.5890962619 1.2966277442 1.5107051204 3.2645864211 1.7444214604 1.2570841242 1.7717313854 1.2695988042 1.7852762272 1.682291381
8.4995280961 4.1114072528 4.4372035209 9.2254824852 14.676903954 13.885696193 9.0434433664 12.780554776 10.185550639 8.0055839748 8.9358351907 8.9153455267 13.280590599 8.1127453351 5.1210322886 8.2470222216 6.2994203636 11.001959691 5.8431403764 5.9207491446 4.2598539344 6.0829885899 0.0 0.0 8.9886033374 0.0 9.7671301311 12.208912664 0.0 4.7738436589 0.0 8.7805338157 0.0 7.9011108626 5.3796922387 11.110516136 6.4344646842 8.2190662141 0.0 10.984207437 8.7120847768 12.185530341 0.0 12.511459108 0.0 5.8262066945 7.4957045192 5.2709108239 8.2650583555 13.84786373 10.064162711 6.7425476058 8.0681037734 6.4881948767 7.0738683342 0.0 5.2539061979 7.2322191482 6.6391613416 7.2408193551 4.6609653556 0.0 7.0525382635 0.0 6.6017214114 6.9890018827 7.5524901595 6.1624764427 0.0 15.51558418 8.2907034834 5.9745376701 8.4204992326 6.0340161293 8.4848737373 7.9954181538
5.5410467018 2.6803252299 2.8927196495 6.0143138206 9.5682265328 9.0524191726 0.0 8.3319509141 6.6402053307 5.2190326543 5.825485786 5.8121280814 8.6579362882 5.2888937213 0.0 5.3764320518 4.1067435785 0.0 3.8092836855 3.8598787073 0.0 3.965646502 5.2392733798 4.0323240388 5.8598866094 7.1078254244 0.0 0.0 7.5429984096 3.1121834485 5.8554942782 0.0 3.5343857193 0.0 3.5071507028 7.2432125753 4.1947822177 5.3582068584 4.3265024322 0.0 5.679617512 0.0 4.7153220953 8.1565209788 0.0 0.0 4.8866299793 0.0 5.3881902411 0.0 6.5610696225 4.3956288809 5.2597908141 0.0 4.6116248289 5.862437209 3.4251477589 4.7148575315 0.0 0.0 3.0385953689 7.4941202844 0.0 18.302650468 0.0 4.556298349 0.0 0.0 0.0 0.0 5.4049089165 3.8949447401 0.0 0.0 0.0 5.2124053112
0.0 2.1442955264 2.3142138627 4.8115303608 0.0 7.2420547025 4.7165882536 0.0 5.3122518217 4.1752949412 0.0 4.6497791034 6.9264631934 4.231184716 0.0 4.3012165346 3.285449014 5.7380481906 0.0 3.0879538619 0.0 3.1725694923 0.0 0.0 4.6879865555 0.0 5.0940255145 0.0 0.0 2.4897877958 0.0 0.0 2.8275551795 4.1208072163 0.0 5.7946655687 0.0 0.0 0.0 5.7287895408 4.5437689006 6.3553368936 3.7723198521 6.5253243343 7.8796620583 3.0386454523 0.0 2.7490320965 4.3106232411 7.2223232636 0.0 3.5165610651 0.0 3.3839039514 0.0 4.6900270688 2.7401633708 3.7719481949 3.4626401834 0.0 0.0 0.0 0.0 0.0 3.4431134692 0.0 3.9389848455 3.2140262094 3.7446721876 8.0921192431 4.3239984019 0.0 4.3916930931 0.0 0.0 0.0
7.5540151797 3.6540420182 3.9435957354 8.1992122322 0.0 12.341009835 8.0374236892 11.358807653 9.0524795339 7.1150188792 7.9417861687 0.0 11.803217996 7.2102592894 4.5513533465 7.3295988136 5.598654009 9.7780688025 5.1931319718 5.2621073086 3.7859750471 5.4062987529 7.1426127177 5.4971991102 7.988684229 9.6899780926 8.6806053746 10.850756718 10.283242057 4.2427870179 7.9826962382 7.803760983 4.8183682274 7.0221676684 4.7812391904 9.8745491039 5.7186755956 7.3047527159 5.8982475346 9.7622913619 7.7429264198 10.829975515 6.4283188 11.119646991 13.427541071 5.1780820432 6.6618599386 0.0 7.3456285541 12.307385968 8.9445951624 5.992486452 7.1705837885 5.7664286809 6.286950072 7.9921614182 4.6694459649 6.4276854681 5.9006011849 6.4353289622 0.0 10.216607337 6.2679928221 24.951693588 5.8673261845 6.2115244183 6.7123285745 5.4769441393 6.3812050854 13.789584209 0.0 5.3099122376 7.4837777233 5.3627741352 7.5409910156 7.1059839346
2.3258847696 1.1250812284 0.0 2.5245412407 0.0 3.7998026392 2.4747264734 0.0 2.7872626377 2.1907176055 2.4452796366 0.0 3.6342162831 2.2200421719 1.4013638016 2.2567868666 1.7238281603 3.0106719093 0.0 1.6202052755 1.165703469 0.0 2.1992137612 1.69259015 2.459719571 2.983548739 2.672762412 3.340953015 3.1662149883 1.3063560863 2.4578758659 2.402781618 1.483577807 0.0 1.4721457594 0.0 1.7607828623 2.2491367417 1.8160731455 3.0058140281 2.3840506279 3.3345544729 1.9792823334 3.4237444545 4.1343461097 1.5943338574 2.051189758 1.4423778672 2.2617224311 3.7894498351 2.7540449898 1.8450893517 2.2078260668 1.7754860594 1.9357548366 2.4607901992 1.4377245735 1.9790873302 0.0 0.0 1.2754670859 3.1456981269 1.9299178906 7.6826380028 1.8065524474 1.9125312429 2.0667290744 1.6863536351 1.9647759988 4.2458193593 2.2687401869 1.6349244352 2.3042586243 1.651200638 2.3218746235 2.1879357419
2.3622724814 1.1426827588 1.2332312633 2.5640368684 4.0791495634 3.8592493174 2.5134427653 0.0 2.8308684564 0.0 0.0 0.0 0.0 0.0 0.0 0.0 0.0 0.0 0.0 0.0 0.0 0.0 2.2336197462 0.0 0.0 0.0 0.0 3.3932211398 0.0 1.3267936029 2.4963285355 0.0 0.0 2.1959544756 1.4951770016 3.0879439688 1.7883297383 0.0 1.84448502 0.0 0.0 0.0 2.0102475626 0.0 0.0 1.6192766927 0.0 0.0 0.0 0.0 0.0 0.0 2.2423667885 0.0 0.0 2.4992884626 0.0 2.0100495086 1.8452210475 0.0 0.0 0.0 1.9601108291 0.0 0.0 1.942452173 0.0 0.0 0.0 0.0 2.3042338903 0.0 0.0 0.0 0.0 2.2221652859
1.3952133642 0.6748951565 0.0 1.514380129 2.4092411144 0.0 0.0 2.0979518656 0.0 0.0 0.0 1.4634705698 0.0 0.0 0.0 0.0 0.0 1.8059921704 0.0 0.0 0.6992629558 0.9985339044 0.0 1.0153230411 0.0 0.0 1.6032925987 0.0 0.0 0.7836353261 1.4743900044 1.4413409764 0.0 1.296982061 0.0 0.0 0.0 0.0 0.0 1.8030781048 0.0 0.0 0.0 2.0537793106 2.4800433022 0.0 0.0 0.8652298269 1.3567247197 2.2731526179 1.6520510498 0.0 0.0 1.0650492709 0.0 1.4761382066 0.0 0.0 1.0898306972 0.0 0.0 1.8869894691 0.0 4.6085340745 0.0 0.0 0.0 0.0 1.1785973953 2.5469120352 0.0 0.0 0.0 0.0 0.0 0.0
1.2996167064 0.6286529666 0.6784687056 1.4106184516 2.2441657184 2.1231864344 1.382783838 1.9542052589 1.5574172617 1.2240903919 1.3663300559 1.3631970926 2.0306630224 1.2404758538 0.7830292507 1.2610074037 0.963210175 1.6822499385 0.8934428788 0.9053096143 0.6513511429 0.9301167673 1.2288377233 0.9457555528 1.3743985468 1.6670945337 1.4934388531 1.8667985663 0.0 0.0 1.3733683539 1.3425837657 0.8289673368 1.2081159753 0.8225795396 1.6988487153 0.983859069 1.2567328023 1.0147531944 1.6795355376 1.3321175947 1.8632233023 1.1059483344 1.9130593009 2.3101167109 0.8908536414 1.1461274919 0.805946364 1.263765211 2.1174016778 1.5388564926 1.0309663563 1.2336499549 0.9920746611 1.0816268105 1.3749967735 0.8033462789 1.105839374 1.0151581239 1.107154385 0.7126829131 1.7576974975 1.0783653452 4.2927684242 1.0094333874 1.0686503421 1.1548102759 0.0 1.0978427417 2.3724037594 1.2676864683 0.9135341258 1.2875328318 0.9226286541 1.2973759879 1.2225359914
0.0 1.4459202787 1.5604979408 0.0 5.1616470349 4.8833911301 0.0 0.0 0.0 2.8154438372 3.1425992404 0.0 4.6705845662 0.0 1.8009902641 0.0 2.2154116797 3.8692242449 2.0549448503 0.0 0.0 0.0 2.8263628388 0.0 0.0 3.8343663688 0.0 0.0 0.0 0.0 3.1587875324 0.0 0.0 0.0 1.8919570899 3.9074019187 2.2629047422 2.8905223395 2.3339621375 3.8629810432 0.0 4.2854682945 0.0 4.4000925543 0.0 0.0 0.0 0.0 0.0 0.0 3.5394151096 2.371252886 0.0 2.2818008452 2.4877734178 3.1625329452 1.8477200255 0.0 0.0 2.5464875884 0.0 4.0427558454 2.4802719518 9.8734933996 0.0 0.0 2.6560975367 2.1672505563 2.5250705355 0.0 2.9157160929 2.1011553081 0.0 0.0 0.0 0.0
2.4332239307 1.1770035234 1.2702716751 2.641048362 4.2016678486 3.9751628433 2.5889346522 3.6587856853 2.9158943039 2.2918188265 2.5581288492 2.5522631187 3.8019347067 2.3224967163 1.4660364874 2.3609371721 1.8033825179 3.149613873 1.672759809 1.6949774557 1.2195004731 1.7414229637 2.3007070782 1.770702879 2.573235184 3.1212389732 2.7961099135 3.4951373919 3.3123352369 1.3666441832 2.5713063922 2.5136695548 0.0 2.2619105217 1.5400850197 3.1806911441 1.8420426727 2.3529339952 1.8998845924 3.1445318014 2.4940741328 3.4884435583 2.0706258548 3.5817496414 4.3251454343 1.6679120763 2.1458517941 1.5089433447 2.366100512 3.9643322591 2.8811436676 1.9302398913 2.3097168402 1.8574244196 2.0250895719 2.5743552215 1.5040753023 2.0704218522 1.9006427267 2.0728838982 1.3343296611 3.2908715261 2.0189832519 8.037190356 1.8899245159 2.0007942136 2.1621082471 1.7641785501 2.0554500555 4.4417631542 2.3734421359 1.710375902 2.4105997427 1.7274032485 2.4290287171 2.2889085804
9.1850418613 4.4430052232 4.7950779885 9.969546763 15.860642577 15.005621414 0.0 13.811346854 11.007047443 8.6512595877 9.6565385 9.6343962799 14.351712144 8.7670638499 0.0 8.9121705911 6.8074884967 11.889302462 6.3144080886 6.3982762488 4.6034245982 6.5736008174 8.6848113554 0.0 9.7135625643 11.782191629 10.554880001 13.193600001 12.5035503 5.1588692161 9.7062816753 9.488711579 5.8587271562 8.5383603893 0.0 12.006614327 0.0 8.8819598434 0.0 11.870118432 0.0 0.0 7.8162905251 13.520547771 16.326751257 6.2961086517 8.1002567449 5.6960264166 8.9316613961 14.964737644 10.875869196 7.2863553495 8.7188218054 7.01148827 7.6443981402 9.7177905316 5.677650314 7.8155204472 7.1746306567 7.8248142879 5.0368869214 12.422528131 7.621347732 30.339143445 7.1341710781 7.5526869416 0.0 6.6594996164 7.7590042435 16.76696501 8.9593748845 0.0 0.0 6.5206785733 9.1692055822 0.0
4.0969295666 0.0 2.138814072 4.4468529937 7.0745388537 6.693162096 0.0 6.1604635161 4.9096235804 0.0 0.0 4.2973612501 0.0 3.9104931301 2.4684321714 3.9752170702 3.0364369937 5.3031478264 2.8165016103 0.0 2.0533282949 2.9321128803 3.8738049275 2.9814128026 4.3326728683 5.2553717199 0.0 0.0 5.5771291721 2.3010808378 4.329425274 4.2323795148 2.6132480255 3.8084814046 2.593111046 5.3554740383 3.1015308511 3.961741758 3.1989219164 0.0 4.1993858135 5.8736507457 3.4864067292 6.0307544326 7.2824436689 2.8083392628 0.0 2.5406763944 3.9839108199 6.6749261499 0.0 3.250032511 3.8889750727 3.1274297965 3.409735223 4.3345587262 2.5324798505 3.4860632408 3.2001984216 3.4902086994 2.2466714102 5.5409897481 3.3994537349 13.532582179 0.0 3.3688280256 3.6404397851 0.0 3.4608545472 7.4787982167 0.0 0.0 4.0588361944 2.9085072495 4.0898658949 0.0
3.3163137501 1.6041733436 1.7312913002 3.59956389 0.0 0.0 0.0 4.9866685608 3.9741596537 0.0 0.0 3.4785558237 5.1817706483 3.1654003142 1.9981050244 3.2177919623 0.0 4.2927030523 0.0 0.0 1.6620937088 0.0 0.0 0.0 3.5071392794 0.0 3.8109019215 4.7636274018 4.5144808714 1.8626402769 0.0 3.4259554998 0.0 3.0828255756 2.0990279861 0.0 2.5105751126 0.0 2.5894095968 4.2857765448 3.3992483125 4.7545041756 2.8221179756 4.88167383 5.8948702147 2.273247309 2.9246456607 2.0565840648 3.2248292329 5.4031071348 3.926796971 2.6307817426 3.1479822384 0.0 2.7600552122 3.508665812 2.0499492641 0.0 2.5904428807 0.0 1.8185978472 4.4852273373 2.7517327259 10.954127384 0.0 2.7269423409 2.9468020672 0.0 0.0 6.0538119969 3.2348353519 2.3311225284 0.0 2.3543296089 3.3105959678 3.119622038
0.0 3.6107076109 3.8968274216 0.0 12.889506087 12.194654007 7.9421054116 11.224100062 8.9451233971 7.0306396837 0.0 7.8296077152 11.663240006 7.1247506086 0.0 7.2426748488 0.0 9.6621076796 0.0 0.0 3.7410760055 5.3421837945 7.0579062784 0.0 0.0 9.5750616645 0.0 0.0 10.16128993 0.0 0.0 7.7112137832 0.0 6.9388896239 4.7245370055 9.7574437914 0.0 7.2181234086 0.0 0.0 7.6511006758 10.701539507 6.3520833918 10.987775681 0.0 0.0 0.0 4.6290033212 7.2585144876 0.0 0.0 0.0 7.0855456317 0.0 6.212391199 0.0 0.0 6.3514575708 5.830624142 0.0 4.0933388616 0.0 0.0 0.0 5.7977437601 6.1378600413 6.6327250072 0.0 0.0 0.0 0.0 5.2469403565 0.0 5.2991753487 7.4515600856 7.0217118873
3.1503764285 1.5239058393 1.6446632357 3.4194536725 5.4400399336 5.1467763253 3.351980309 0.0 3.7753059088 2.9672945092 3.3120950052 3.3045004478 4.9224920615 3.0070141995 1.8981264876 3.0567843436 2.3348996794 4.0779104541 2.1657780882 2.1945440186 1.5789280619 2.2546785718 0.0 2.2925882577 3.3316536823 4.0411725221 3.620217051 4.5252713138 4.2885912479 1.7694399461 0.0 0.0 2.0094841387 2.9285712265 1.9939995997 4.1181472368 0.0 3.0464223628 2.4598441439 4.071330526 3.2291612209 4.5166045835 2.6809085686 4.6374110909 5.5999104949 2.1595015665 2.7783061089 1.9536794312 0.0 5.1327536056 3.7303130973 2.499146165 2.9904676663 2.4048695377 2.6219512197 3.3331038323 1.9473766139 2.6806444397 2.4608257257 2.683832133 1.7276012532 4.2608014635 0.0 10.406019244 2.4469484996 2.5904952065 2.7993538825 2.2841409907 2.6612599536 5.7508993584 3.0729749387 2.2144809023 3.1210841354 2.2365267775 3.144944745 2.9635265162
0.8745643658 0.4230458722 0.456568887 0.9492619058 0.0 1.4287775683 0.9305308745 0.0 1.0480487309 0.8237396703 0.0 0.9173501656 1.3665148421 0.0 0.5269318843 0.8485826127 0.0 0.0 0.6012336567 0.6092192604 0.4383203882 0.6259129916 0.0 0.0 0.9248880748 0.0 1.0049950859 1.2562438573 1.1905399783 0.4912076888 0.9241948165 0.0 0.0 0.0 0.5535468649 1.1432236458 0.6620783486 0.8457060615 0.0 1.1302270317 0.0 1.2538379183 0.744237127 1.2873745667 1.5545704717 0.5994912547 0.7712752985 0.5423537318 0.8504384523 0.0 1.0355584427 0.6937787374 0.8301726849 0.0 0.0 0.9252906455 0.54060403 0.0 0.6831407417 0.0 0.0 0.0 0.0 2.8887765724 0.6792883363 0.7191378074 0.0 0.634091945 0.7387825475 1.5964859325 0.0 0.6147538651 0.8664326405 0.6208739391 0.8730564962 0.8226936517
8.5619852142 4.141619124 0.0 9.293274137 14.784754309 13.987732513 9.1098973394 12.874470181 0.0 8.0644114412 0.0 8.9808581977 13.378180419 8.1723602558 5.1586631917 0.0 6.3457104208 11.082805438 0.0 0.0 0.0 6.1276882405 0.0 0.0 0.0 10.982960344 9.8389019746 0.0 0.0 4.8089233143 0.0 8.8450558493 0.0 7.9591706288 5.4192238538 0.0 0.0 0.0 6.6852802092 11.064922734 8.776103826 0.0 7.2860815352 12.603397116 15.219245048 0.0 0.0 0.0 8.3257925186 0.0 10.13811724 0.0 0.0 6.5358721064 7.1258492706 9.0585954972 5.292513499 7.2853636947 6.6879479188 0.0 4.6952155469 11.579860362 7.1043624601 0.0 6.6502328687 0.0 0.0 6.2077601943 0.0 0.0 0.0 6.0184403904 0.0 0.0 8.5472231707 8.0541709187
0.0 1.5633980923 1.6872849351 3.5080693375 5.5810194006 0.0 3.4388473915 0.0 0.0 3.0441924003 0.0 3.3901370823 0.0 3.0849414325 0.0 3.1360013775 0.0 0.0 0.0 2.2514159626 1.6198462242 0.0 3.0559985466 0.0 0.0 4.1459001262 0.0 0.0 0.0 0.0 0.0 0.0 0.0 3.0044655978 2.0456744044 4.2248696524 2.4467607302 3.1253708643 0.0 0.0 0.0 0.0 0.0 4.7575903087 0.0 0.0 0.0 2.0043093325 0.0 5.2657697005 0.0 2.5639119201 0.0 2.4671920996 2.6898994866 0.0 1.9978431767 2.7501137504 2.5245984009 2.7533840533 1.7723723039 4.3712207852 2.6817885432 0.0 2.5103615443 0.0 2.8718995666 2.3433348539 2.7302269124 0.0 0.0 2.2718695136 3.2019675082 2.2944867111 0.0 3.0403267592
1.6126701283 0.7800837396 0.8418991608 1.7504101234 2.7847433781 2.6346224413 1.7158706706 2.4249368527 1.9325700286 1.5189509335 1.6954534794 1.6915658437 2.5198118652 0.0 0.9716463908 1.5647605648 0.0 2.0874725686 1.1086566024 1.1233818131 0.8082494832 1.1541645464 1.5248418085 1.1735704236 1.7054655192 2.0686665094 1.8531804147 2.3164755184 2.195319561 0.9057720592 1.7041871721 1.6659871507 0.0 1.4991285781 1.0207236066 2.1080696811 1.2208523662 1.5594562917 0.0 2.0841043192 1.6529998744 2.31203904 1.3723506582 2.373879601 2.8665807345 1.105443666 1.4222082252 1.0000838092 1.5681826765 2.6274442448 1.9095383164 1.2793069203 1.530813217 1.2310469412 0.0 1.7062078475 0.9968574122 1.3722154513 1.2596907795 1.3738472238 0.8843549328 2.1810940371 1.3381234414 0.0 1.2525870608 1.3260682753 1.43298253 1.1692462879 1.3622925794 2.9438715711 1.5730484916 1.1335874559 1.5976754738 1.1448726865 1.6098896626 1.5170221069
0.0 0.0 0.936780009 1.9476788759 3.0985800298 0.0 0.0 2.6982238164 0.0 0.0 0.0 0.0 2.803791109 0.0 0.0 0.0 0.0 0.0 1.233600638 1.2499853592 0.8993380602 1.2842372632 0.0 0.0 1.8976690782 2.3018023079 2.0620312341 0.0 2.4427289798 0.0 1.8962466631 1.8537415533 0.0 1.6680782547 0.0 2.3456461613 0.0 1.7352048167 0.0 0.0 1.8392906292 0.0 0.0 0.0 0.0 0.0 1.5824890866 0.0 0.0 0.0 0.0 1.4234830062 0.0 0.0 0.0 0.0 1.1092018368 0.0 1.4016561539 0.0 0.0 0.0 0.0 0.0 0.0 1.4755142999 0.0 0.0 1.515821032 3.2756417458 0.0 0.0 1.7777312467 0.0 0.0 0.0
0.0 2.0906921885 0.0 0.0 7.4633541659 0.0 4.5986824562 0.0 0.0 0.0 4.54396261 4.5335434085 0.0 4.1254130902 2.604096735 0.0 3.2033189944 0.0 0.0 3.010760848 2.1661788282 0.0 4.0867085109 0.0 0.0 5.5442059518 0.0 0.0 5.8836471326 0.0 0.0 0.0 2.7568716409 4.0177948195 0.0 0.0 0.0 0.0 0.0 0.0 4.4301832606 0.0 0.0 6.3622035513 0.0 2.9626850555 3.8116415919 0.0 4.2028658022 0.0 0.0 3.4286536807 0.0 0.0 3.5971336235 0.0 0.0 0.0 3.3760807193 3.682029907 0.0 5.8455214927 0.0 14.276330326 3.357042136 3.5539781743 0.0 3.133681625 3.6510624561 0.0 4.2159066092 0.0 0.0 0.0 0.0 0.0
3.2793530188 1.5862946312 1.7119958422 3.5594463006 5.6627554782 5.3574856411 3.4892105737 4.9310915164 3.9298671476 0.0 0.0 3.4397868842 5.1240191667 3.130121532 1.9758358941 3.1819292687 2.4304906052 4.2448603403 2.2544451664 2.2843887757 0.0 2.3469852409 3.100754767 2.3864469515 3.4680517738 4.2066183552 3.7684289432 4.710536179 0.0 0.0 3.4654522641 3.3877727975 2.0917525338 3.0484670992 0.0 4.2867444191 2.4825944391 3.1711430678 2.5605503032 4.2380110295 3.3613632651 4.7015146323 2.790665118 4.827266965 5.8291711494 2.2479116836 2.8920501192 2.0336631783 3.188888108 5.3428888305 3.8830323279 2.6014613512 3.1128975829 2.5033250335 2.7292940519 3.469561293 0.0 2.7903901756 2.561572071 0.0 1.7983293469 4.435238918 2.7210643207 10.832042265 2.5471267105 0.0 2.9139595898 2.3776538529 2.7702120876 5.9863415055 3.1987827076 2.3051418765 3.2488614975 2.3280903111 3.2736989619 3.0848534605
2.4676135837 0.0 1.2882248941 0.0 4.2610515728 0.0 0.0 3.7104966553 2.9571057156 0.0 2.5942838295 2.5883351965 3.8556688548 2.3553214206 1.4867565228 0.0 0.0 3.1941285297 1.6964015415 0.0 0.0 1.7660351379 0.0 1.7957288771 2.6096036677 0.0 2.8356283681 3.5445354602 0.0 1.3859594704 2.6076476156 0.0 1.5739802749 0.0 1.5618516103 0.0 1.8680769425 2.3861888808 1.9267363634 3.1889746313 0.0 0.0 0.0 0.0 4.3862743129 0.0 2.1761799104 1.5302697985 0.0 0.0 2.9218639357 1.957520685 0.0 1.8836760853 2.0537109111 2.6107395351 1.5253329543 0.0 1.9275052127 0.0 0.0 3.3373826294 0.0 8.1507829372 0.0 2.0290721775 0.0 1.7891123374 2.0845004907 0.0 2.4069868706 1.7345492766 0.0 1.751817277 0.0 2.3212585711
6.5324022865 3.1598655638 3.4102597342 7.0903422166 0.0 10.671998791 6.9504341249 0.0 7.8282127583 0.0 0.0 6.8519831743 10.206938481 0.0 0.0 0.0 4.8414862004 0.0 4.4908073865 4.5504544268 3.2739558323 4.6751452698 6.1766383227 4.7537521679 6.9082862402 8.3794953469 7.5066312482 9.3832890603 8.8925256742 3.6689880756 0.0 6.7483722068 0.0 6.0724823875 4.1346194146 0.0 4.9452759424 6.3168503384 5.1005623851 8.4420288942 6.6957649734 9.3653183289 5.5589462595 9.6158143325 11.611586409 0.0 0.0 0.0 6.3521980855 0.0 7.7349187817 5.1820563329 0.0 4.9865708506 0.0 6.9112931707 0.0 0.0 0.0 0.0 3.5822342608 8.8349027027 5.4203029342 0.0 5.0738228706 0.0 5.8045462559 4.7362365004 5.5182042528 11.924666455 6.37190792 0.0 6.471663817 4.6375069668 6.521139524 6.1449632544
4.8848138001 2.3628910522 2.5501313423 5.3020313183 8.4350498246 7.9803301575 5.1974105453 7.3451878314 5.8537977354 4.600936268 5.1355664175 5.1237906822 7.6325663611 4.6625236039 2.9431385968 4.7396946634 3.6203769406 6.3230009854 3.3581455846 3.4027485764 2.448205718 3.4959901625 4.6187798598 3.5547709975 5.1658931096 6.2660370126 0.0 7.0166560297 6.6496719317 2.7436037767 5.1620209675 5.0463122506 3.1158041189 4.540893911 3.0917945786 6.3853900985 3.6979890566 4.7236279018 0.0 6.3127984828 5.0069735007 7.0032178376 0.0 7.1905342767 8.6829370032 3.3484135286 4.3079004462 3.0292761716 0.0 7.9585872401 5.7840341655 3.8750492052 4.6368673893 3.7288686517 0.0 5.1681416386 3.019503343 4.1564712183 3.8156314769 4.1614138939 0.0 6.6065825024 4.0532057599 16.135045307 3.7941141544 4.0166903927 4.3405360556 3.5416730941 4.126414618 8.9170526718 4.7647989783 0.0 0.0 3.4678449115 4.8763917074 4.5950938092
0.0 0.5710858032 0.6163398031 1.2814449533 2.0386624257 1.9287614863 1.2561592178 1.7752542964 1.4148010668 1.1119976867 0.0 1.2383660746 1.8447106508 1.1268826951 0.7113255044 1.1455341249 0.875006857 1.5282025352 0.0 0.8224083806 0.5917054566 0.0 0.0 0.8591505937 1.2485417865 1.5144349448 1.3566813047 1.6958516309 1.6071554516 0.6631000464 1.2476059307 1.2196403563 0.7530569368 1.0974860834 0.0 1.5432813247 0.8937648854 1.1416509584 0.9218299664 1.5257366981 1.2101325961 1.6926037618 1.0046741627 1.7378761661 2.0985741378 0.0 1.0411740245 0.0 1.1480393936 1.9235064528 1.397939949 0.0 1.1206818591 0.9012281573 0.9825798154 0.0 0.7297820567 0.0 0.9221978155 0.0 0.0 1.5967411918 0.0 3.8996699828 0.0 0.9707916313 1.0490617065 0.8559849688 0.9973108173 2.1551574214 0.0 0.0 1.16963056 0.8381414771 0.0 0.0
4.0337936678 0.0 2.1058537913 4.3783245858 6.9655163865 6.5900168509 4.2919305841 6.0655274439 4.8339636277 3.7993725745 4.2408607867 4.2311365908 6.3028395996 3.8502303176 0.0 3.9139568267 2.9896438586 0.0 2.7730977984 2.8099301677 0.0 2.8869274362 3.8141075 2.93546762 4.2659040378 5.1743836014 4.6353853096 0.0 5.4911825974 2.2656199385 4.2627064907 4.1671562592 0.0 3.7497906479 2.5531498033 5.2729432891 0.0 3.9006891765 3.1496248009 5.2129984044 4.1346710086 0.0 3.4326793173 0.0 7.1702172763 2.765061237 3.557388726 2.501523198 3.9225166011 6.5720619306 4.7763540936 3.1999477535 3.8290438651 0.0 0.0 4.2677608337 0.0 3.4323411223 0.0 3.4364226971 2.2120489896 5.4556001015 3.3470663156 13.324037774 3.1331130064 3.316912565 3.5843386406 2.9246516008 3.4075209083 7.3635458943 0.0 2.8354576806 0.0 0.0 0.0 3.7945479744
2.1734443282 1.0513424597 1.1346529733 0.0 3.7530829116 0.0 2.3125308217 3.2681607703 2.6045831033 0.0 2.2850139553 2.279774471 3.3960266954 0.0 1.309517241 2.1088751598 0.0 2.8133499436 1.4941700488 1.5140156608 1.0893022846 0.0 0.0 1.5816563699 0.0 0.0 0.0 0.0 0.0 1.2207364111 2.2967846172 0.0 0.0 0.0 0.0 2.8411092953 1.6453796746 2.1017264305 1.6970461861 0.0 0.0 0.0 0.0 3.1993493673 3.8633775931 1.4898398772 1.9167530584 0.0 2.1134872433 3.54108611 0.0 0.0 2.063123292 0.0 1.8088838387 2.2995079427 1.3434948973 0.0 1.6977233793 1.8515754735 1.1918719018 2.9395264295 1.803429451 7.1791114552 1.6881494826 0.0 0.0 0.0 1.8360029296 3.9675447923 0.0 0.0 2.1532355786 1.5429795613 2.1696970104 2.0445365956
1.5456958033 0.0 0.0 1.6777154449 0.0 2.5252063514 1.6446104185 2.3242290229 1.852310234 1.4558687745 1.6250411549 0.0 2.4151638682 0.0 0.9312938351 1.499775928 1.1455915563 2.0007796586 1.0626140011 1.0767276726 0.7746828147 1.1062319965 1.4615150009 1.124831946 1.6346373939 0.0 0.0 2.2202720968 2.1041477565 0.86815527 0.0 1.5967985653 0.9859301803 1.4368696431 0.0 2.0205213713 0.0 1.4946919418 0.0 0.0 1.5843506516 0.0 1.3153568209 2.2752921831 2.7475313974 0.0 0.0 0.0 1.5030559191 0.0 1.8302350308 1.2261771972 1.4672384163 1.179921459 1.2864300787 1.6353488932 0.9554578406 1.3152272291 1.2073757163 1.316791234 0.8476275986 2.0905130197 1.2825510632 5.1055931379 1.2005670156 1.2709965491 1.3734706459 1.120687392 1.3057164549 0.0 0.0 0.0 1.5313238781 1.0973260283 0.0 0.0
3.3916887095 1.6406338566 1.7706410184 0.0 5.8567356761 0.0 3.6087350279 5.1000082411 0.0 3.194583096 0.0 0.0 5.2995447136 0.0 0.0 3.2909276656 2.5137481378 0.0 2.3316721845 0.0 1.699870667 2.4273822602 3.2069724954 0.0 3.5868514239 4.3507179308 3.8975181463 0.0 4.6170884164 1.9049753652 0.0 3.5038224557 2.1634064436 0.0 2.1467358211 0.0 0.0 3.2797719786 0.0 4.3831859751 3.4765082531 0.0 2.8862605881 4.9926271337 0.0 0.0 2.9911185774 2.1033272116 3.298124883 0.0 0.0 0.0 3.2195312688 2.5890775416 2.8227872289 0.0 2.0965416116 0.0 2.6493198573 2.8894080915 0.0 0.0 2.8142755846 11.203098672 2.6343796645 0.0 0.0 0.0 0.0 6.1914062861 3.3083584265 0.0 3.3601526876 2.4078400762 3.3858409703 0.0
1.9696123222 0.9527444695 0.0 0.0 0.0 0.0 0.0 2.9616630343 0.0 0.0 0.0 0.0 3.0775373166 0.0 0.0 0.0 1.4597770406 2.5495057055 1.3540423839 0.0 0.0 1.409622881 1.8623444204 1.4333239803 2.0829466874 0.0 0.0 2.829195286 2.6812231358 0.0 2.0813853958 0.0 1.2563275566 0.0 1.2466466377 2.5746617035 0.0 1.90462034 0.0 0.0 2.0188684988 0.0 0.0 0.0 3.5010586716 1.3501183086 1.7369943151 0.0 1.9152781891 0.0 0.0 1.5624637859 0.0 0.0 1.6392413883 2.0838533198 1.2174979916 1.6759363332 1.538505884 1.677929276 1.0800946469 0.0 0.0 0.0 1.5298298555 1.619575119 1.750153363 1.4280427571 1.663817171 0.0 0.0 1.3844913366 1.9512988086 1.3982743966 1.9662164388 1.8527939362
0.0 0.9298236547 0.0 0.0 3.3192850123 0.0 2.0452382955 0.0 2.3035338845 1.8105190976 2.0209019501 2.0162680685 0.0 1.8347543926 1.1581574545 0.0 0.0 2.4881705313 0.0 0.0 0.0 1.3757106349 0.0 1.3988415409 0.0 2.4657545806 0.0 2.7611314314 0.0 0.0 0.0 0.0 0.0 0.0 0.0 0.0 1.4551994246 1.8587996069 0.0 2.4841557342 0.0 2.7558433548 1.6357783655 0.0 0.0 0.0 1.6952062741 1.192053539 0.0 0.0 0.0 1.5248745433 0.0 1.4673508854 1.5998050553 0.0 0.0 0.0 0.0 0.0 1.0541100832 0.0 0.0 0.0 1.4930257093 0.0 0.0 0.0 0.0 0.0 1.875000879 0.0 1.9043551002 0.0 0.0 1.8082200258
5.9823815222 2.8938085152 3.1231197842 6.4933435514 10.330319286 9.7734287587 6.3652155602 8.9955764452 7.1690862416 5.6347196107 6.2894756892 6.2750540665 9.3475259925 5.7101449913 3.604431751 5.804655599 4.433838627 7.743714665 4.1126865662 4.1673113942 2.9982925142 4.2815034115 5.6565724752 4.3534916992 6.3266164789 7.6739514698 6.8745815251 8.5932269063 8.1437852333 3.3600634967 6.3218743061 6.1801670234 3.8158934507 5.56118635 3.7864892121 7.820121974 4.528889392 5.7849788003 4.6711008947 7.7312197644 6.1319892586 8.5767692898 5.0908893738 8.8061738178 10.63390418 4.1007678167 5.2758416355 3.7099235583 5.8173503078 9.7468004301 7.0836475106 4.7457331458 5.6787240877 4.5667073164 4.9789327989 6.3293702294 3.697954875 5.0903878083 4.6729648615 5.0964410525 3.2806142534 8.0910140497 4.9639196571 19.760425035 4.6466128166 4.9191996601 5.3158101327 4.3374508308 5.0535777972 10.920623246 5.8354005969 4.2051703761 5.926757162 4.2470342104 5.9720670713 5.6275644112
0.0 5.8383120021 6.3009517129 13.100440265 20.841609512 0.0 12.841939681 18.148741235 14.463763594 0.0 12.689133096 0.0 18.858805932 0.0 7.2720074747 0.0 8.9453511302 15.623087026 8.2974209297 8.4076275268 0.0 0.0 11.4122392 8.7832497228 0.0 15.482338495 0.0 0.0 0.0 6.7789900188 12.754497903 0.0 7.6986353503 0.0 7.6393117572 0.0 9.1371178 11.671301327 9.4240321271 15.597878334 12.37140132 17.303790082 10.270963119 17.766617945 21.454097628 8.273374633 0.0 7.4848391397 0.0 0.0 14.29138938 0.0 0.0 9.2134161593 10.045088666 12.769621066 7.4606921006 0.0 9.4277927145 10.282163733 6.6186997064 16.323769934 10.014799376 0.0 0.0 0.0 0.0 0.0 10.195686326 22.032558627 11.77302823 0.0 0.0 8.5684697775 12.048755361 11.353714896
0.0 1.7560993353 1.8952562164 3.9404667707 6.2689244079 5.9309770005 3.8627126695 5.4589395717 4.3505392696 3.4194133134 3.8167501476 3.8079984276 0.0 0.0 2.1873389926 3.5225384768 2.6906621586 4.6992508679 2.4957719585 2.5289208775 1.8195051482 0.0 3.4326746611 0.0 0.0 4.6569152745 4.1718199334 5.2147749167 0.0 0.0 3.8364111547 3.7504164997 0.0 0.0 0.0 4.7456184226 0.0 0.0 2.8346440801 4.6916683735 3.7211799623 5.2047876597 3.0893915056 5.3440011346 6.4531540232 0.0 3.2016292512 2.251356391 3.5302422242 0.0 4.2986910226 2.8799344461 0.0 2.7712931388 3.0214509816 3.8409600341 2.2440932301 3.0890871321 2.835775223 3.0927605258 1.9908312798 4.9100084959 3.0123402999 11.991556832 2.8197835607 2.985202099 3.2258840183 0.0 0.0 0.0 3.54119599 2.5518954913 3.5966354575 2.5773004382 0.0 0.0
10.251655499 4.9589495201 5.3519067603 0.0 17.702460823 16.748150266 10.907695683 15.415190488 12.285241608 0.0 0.0 10.753191232 0.0 9.7851397618 6.1767027805 9.9470970336 7.5980085816 13.269948554 7.0476691761 7.1412765324 5.1379976064 0.0 0.0 7.4603227752 0.0 0.0 0.0 14.725707738 13.955525966 5.75794327 0.0 0.0 6.539072263 9.5298780956 6.4886839481 0.0 0.0 9.9133780607 8.0045909807 0.0 10.508029482 0.0 0.0 15.090622341 18.222696406 7.0272447158 0.0 0.0 9.9688512098 16.702518865 12.138830278 8.1324838817 0.0 0.0 0.0 10.846269647 0.0 8.7230983139 8.007785151 8.7334714026 0.0 0.0 0.0 33.862278631 7.9626272009 0.0 9.1093912983 7.432834482 8.660019162 0.0 9.999782929 7.2061532439 0.0 0.0 10.233980231 0.0
8.6644480888 4.1911826529 0.0 0.0 14.961686222 14.155126318 9.2189171806 13.028541368 10.383185251 0.0 9.1092210373 9.0883338035 13.5382796 8.2701604158 0.0 8.4070427345 0.0 0.0 0.0 6.0356319822 4.3425097092 6.2010194291 8.1925698637 6.3052820508 0.0 0.0 9.9566459503 12.445807438 0.0 4.8664725969 0.0 8.9509062831 0.0 0.0 5.4840767168 0.0 6.5593153649 0.0 6.7652842049 0.0 8.8811290981 12.421971418 0.0 12.754224321 0.0 5.9392550843 0.0 5.3731845695 0.0 14.116559776 0.0 6.8733761518 8.2246526548 0.0 0.0 0.0 5.3558499955 7.3725490014 6.7679838394 7.3813160818 4.7514040675 0.0 0.0 0.0 0.0 0.0 0.0 6.2820496188 7.3192360474 0.0 8.4515715625 0.0 0.0 0.0 0.0 8.1505566849
4.5419742198 2.1970520643 2.3711509359 4.9299094184 7.8430377112 7.4202324437 4.8326314313 6.8296674418 5.4429502311 4.2780205697 4.77512782 4.7641785621 7.0968763727 4.335285412 2.7365750629 4.4070402377 3.3662815827 5.8792225544 3.1224548766 3.1639274173 2.2763789391 3.2506248632 4.294611813 3.3052801783 4.8033260399 5.8262565854 5.2193548578 6.5241935722 6.1829661723 2.5510445501 4.7997256632 4.6921379371 2.8971220933 4.2221922724 2.8747976573 5.9372329014 3.4384465094 4.3921011183 3.546417052 5.8697361122 4.6555601687 6.5116985367 3.8651310028 6.6858682128 8.0735269827 3.1134058628 4.0055514025 2.816667091 4.4166783793 7.4000155482 5.3780830019 3.6030797305 4.3114298732 3.4671588269 3.7801307608 0.0 2.8075801662 3.8647502017 3.5478322224 3.8693459766 2.4907246903 6.1429009651 3.7687324067 15.002610708 3.5278250884 3.7347798625 4.0358964889 3.2931015483 3.8368031172 8.2912112947 4.4303826118 3.1926709067 4.4997428093 3.2244549805 4.5341432298 4.2725881627
0.0 1.9142666129 2.0659569905 4.2953743144 6.8335500456 6.4651645984 4.2106171045 0.0 4.7423809715 0.0 4.1605148584 0.0 6.1834281112 0.0 2.384346899 3.8398043113 0.0 0.0 2.7205596161 0.0 0.0 2.8322326757 0.0 2.8798532335 4.1850836484 5.0763514624 4.5475648518 5.6844560647 5.3871484908 2.2226962618 4.181946681 0.0 2.5242297107 0.0 2.5047786821 5.1730438712 2.9958795516 3.8267880255 3.0899530641 5.1142346823 4.0563369162 5.6735692816 3.3676449244 0.0 0.0 2.7126753127 3.4899916304 2.4541301772 3.8482019151 0.0 4.6858628884 3.1393226149 3.7565000822 3.0208962691 0.0 4.186905266 0.0 3.3673131368 3.0911860861 3.3713173835 2.1701402502 5.3522401289 3.283653918 0.0 3.0737540965 3.2540714503 3.516430961 2.8692421309 3.3429631582 7.2240386196 3.8601422579 2.7817380489 3.9205750134 0.0 3.9505477107 0.0
9.5808636443 4.634472859 0.0 0.0 0.0 15.65227626 10.193977453 14.406535425 11.48138705 9.0240784651 0.0 10.04958262 14.97018731 9.1448732162 5.7725454308 0.0 7.1008515838 12.401662119 6.5865222832 0.0 4.8018053743 6.8568847083 9.0590761184 6.9721749093 10.13216051 12.289935433 11.009733826 13.762167282 13.04238046 0.0 10.124565857 0.0 6.1112041578 8.9063139692 6.0641128783 0.0 0.0 9.2647205575 0.0 12.381651369 9.8204624258 13.73581019 8.1531271013 0.0 17.030339101 6.5674342472 0.0 5.9414919645 0.0 15.609630637 11.344555785 7.6003548075 0.0 7.3136425585 7.9738271562 0.0 5.9223239589 8.1523238375 0.0 8.1620181886 5.2539473978 0.0 7.9497834097 31.646583741 7.4416122808 7.8781637394 0.0 6.946485245 8.0933721147 0.0 9.3454717358 6.734636336 9.491780491 6.8016818238 9.5643449139 9.0126193178
4.9343944865 2.3868743124 2.5760150848 5.3558467476 8.5206652803 0.0 5.2501640775 7.4197412267 5.9132135742 0.0 5.187692234 5.1757969753 7.7100366382 4.7098480526 2.9730113489 4.7878023956 3.6571236378 6.3871792205 3.3922306428 3.4372863534 2.473054919 3.5314743383 0.0 3.5908517967 5.2183267409 6.3296370654 0.0 7.0878748389 6.7171658653 2.7714512574 5.2144152967 5.0975321404 3.1474294199 4.5869838227 3.1231761836 6.4502015809 3.735523514 4.771572557 3.8528225615 6.3768731629 5.0577941037 7.0743002496 4.1990729551 7.2635179439 8.7710685049 3.3823998068 4.3516254825 0.0 4.7982732592 8.0393666175 5.8427419065 3.9143808168 4.6839314284 3.7667165358 4.1067288103 5.2205980924 3.0501511946 4.1986592534 3.8543600007 4.2036520969 0.0 6.6736390798 4.0943456542 0.0 0.0 4.0574596573 4.3845923422 3.57762095 4.1682975796 9.0075604392 0.0 3.4685132404 4.8885143407 3.5030434141 4.9258869098 4.641733848
0.0 1.4454476623 1.5599878733 3.2434033585 5.1599598886 4.881794935 0.0 4.4932603093 0.0 2.8145235756 0.0 0.0 4.6690579296 2.8521983006 0.0 2.8994060326 0.0 0.0 2.0542731669 0.0 1.4976370699 0.0 0.0 0.0 3.1601237442 3.8331130601 0.0 4.2922880621 4.0677934515 1.6783404642 0.0 0.0 0.0 0.0 0.0 3.9061247374 0.0 2.8895775376 0.0 0.0 0.0 4.2840675377 0.0 4.3986543312 0.0 0.0 0.0 1.8530943933 2.9057469972 0.0 3.5382582093 0.0 2.8365036645 0.0 2.4869602592 3.1614992333 1.8471160761 2.5426316632 0.0 2.5456552384 0.0 0.0 2.4794612452 0.0 0.0 0.0 0.0 0.0 0.0 0.0 0.0 0.0 0.0 0.0 2.9830275024 0.0
7.1438123918 3.4556179764 0.0 7.7539735562 12.335867021 11.670860713 7.6009705544 10.741994679 8.560906211 0.0 7.5105264015 7.4933049376 11.162272378 6.8187233456 4.304202952 6.9315824215 0.0 9.247094084 0.0 0.0 0.0 5.112722586 6.7547501598 0.0 0.0 9.1637869301 8.2092257916 10.261532239 0.0 4.0123925824 7.5492149472 7.3799963445 0.0 6.6408455918 4.5216053931 9.3383352526 0.0 0.0 0.0 9.2321733997 0.0 0.0 6.0792442706 10.515821067 0.0 0.0 0.0 4.4301751384 6.9467417051 11.63906271 0.0 0.0 6.7812023283 5.4532965167 5.9455522344 7.5581661432 4.4158828323 0.0 0.0 0.0 3.9175189126 0.0 5.9276244128 23.596751345 5.5487150219 0.0 6.3478315714 5.1795317431 6.034688954 0.0 0.0 5.0215701107 7.077389013 5.071561469 7.1314954738 0.0
0.0 0.0 5.7543418828 11.963972354 19.033592382 18.007522711 0.0 16.574331398 13.209026893 10.381959481 11.588346231 0.0 17.222797726 0.0 0.0 0.0 8.1693386983 0.0 7.5776166761 7.6782628112 5.5243478903 7.8886613721 10.422223339 0.0 0.0 0.0 0.0 0.0 15.004907813 6.1909101935 11.648040617 11.386945235 7.0307759613 10.246474597 6.9765987113 0.0 8.3444695406 0.0 8.6064939464 14.244756772 11.298177801 15.802680061 0.0 0.0 0.0 0.0 0.0 6.835526649 10.718456171 17.95846007 13.051606204 8.7440037181 10.463037641 8.4141489897 9.173673607 11.66185184 6.8134743743 0.0 8.6099283015 0.0 6.0445251234 14.907677014 0.0 36.408543141 8.5613747121 9.0636154198 0.0 0.0 9.3112068654 20.121226232 0.0 0.0 10.920038078 7.8251519387 11.003521494 10.36877604
3.3946109847 1.6420474249 1.7721666007 3.6845485808 5.861781833 5.5457828124 3.61184431 0.0 4.067988445 3.1973355453 3.5688668774 3.560683548 5.3041107954 0.0 2.0452797218 3.2937631252 0.0 4.3940525637 2.3336811506 2.3646771747 1.7013352736 2.42947369 0.0 2.4703223439 3.5899418511 4.3544665046 0.0 4.8760953046 4.6210664946 1.9066166898 3.5872509776 3.5068413453 2.1652704322 0.0 2.1485854463 4.4374087237 2.5698490847 0.0 2.6505448289 4.3869625232 3.4795036088 4.8667566816 2.888747387 4.9969287757 6.034046442 2.3269180384 2.9936957219 2.105139436 3.3009665438 5.5306729742 4.0195075427 2.6928937594 3.2223052134 0.0 2.8252193393 3.5915044247 2.0983479895 0.0 2.6516025084 2.8918976023 1.8615344307 4.5911222928 0.0 11.212751249 2.6366494431 2.7913246824 3.0163752349 2.4612201982 2.867575503 6.1967407949 3.3112089045 2.3861596755 3.3630477915 2.4099146685 3.3887582072 3.1932754367
1.9524098888 0.0 0.0 0.0 0.0 0.0 0.0 2.935796111 2.3397028123 1.8389469558 2.0526331338 2.0479264933 3.0506583568 0.0 0.0 1.8944072608 0.0 2.5272385307 0.0 0.0 0.0 0.0 1.8460788561 1.4208054456 0.0 0.0 0.0 0.0 2.6578055517 0.0 2.0632067456 2.0169591602 0.0 1.8149486426 0.0 0.0 1.4780482324 0.0 1.524460375 2.5231606953 0.0 0.0 0.0 0.0 3.4704807108 1.3383264854 0.0 0.0 1.8985503057 3.1809655525 2.3118190302 1.5488173546 1.8533082559 1.4903904893 1.6249243878 2.0656531149 1.2068644635 1.661298842 0.0 1.6632743786 1.0706611884 2.6405831495 0.0 0.0 0.0 1.6054298821 1.7348676663 1.4155703482 0.0 3.5640543382 1.9044411976 0.0 0.0 1.3860619822 1.9490436649 1.8366117851
8.3213133837 4.0252009067 4.3441660087 9.032046251 14.36916449 13.594546458 8.8538240557 0.0 9.9719840785 7.8377260856 8.7484721653 8.7284121204 13.002128476 7.9426405292 5.0136565277 8.0741019516 6.167336632 10.771274992 5.7206237414 5.7966052399 4.1705350175 5.9554429133 7.868122765 6.0555764637 8.8001338906 10.674236478 9.5623368452 11.952921057 11.327761161 4.6737476106 8.7935376703 8.5964270876 5.3077934137 7.7354435239 0.0 10.877555268 6.2995493971 8.0467321145 6.4973613347 10.75389496 8.5294132608 11.930029005 7.0812745265 12.249123828 14.791441977 5.7040451182 7.3385375789 5.1603924697 8.0917599111 13.557507251 9.8531413647 6.601172559 7.898934994 6.3521529964 6.9255462866 8.8039642749 0.0 7.080576864 6.4999540567 7.0889967452 4.5632360945 11.254358026 6.9046634563 27.486158932 6.4632991521 6.842459281 7.3941325606 6.0332640965 7.0293752419 15.190259604 8.1168673221 5.849265949 8.2439415659 5.9074972877 8.3069662917 7.8277734175
4.1033794976 1.9848942243 2.1421812774 4.4538538207 7.085676533 0.0 4.3659694606 0.0 4.9173529623 3.8649144725 4.3140186726 4.3041267273 6.4115680968 3.9166495481 2.4723183054 0.0 3.0412173564 5.3114967465 2.8209357215 2.8584034755 2.0565609172 2.9367290021 3.8799035861 2.9861065389 4.3394939377 5.2636454245 4.7153490261 5.8941862826 5.5859094301 2.3047035051 4.3362412306 4.2390426892 2.6173621479 3.8144772222 2.597193466 5.3639053373 3.1064136931 3.9679788585 0.0 5.3029263605 4.2059970448 5.8828978274 3.491895494 6.0402488478 7.2939086596 2.8127605237 3.6187562293 2.5446762648 0.0 6.6854347058 4.8587496226 3.2551491441 3.8950976141 3.1323534121 3.4151032814 4.3413827646 2.5364668169 3.4915514649 3.2052365993 3.4957034498 2.250208419 5.5497131106 3.4048056067 13.553886968 3.1871614497 3.3741316824 3.6461710493 2.9751039356 3.4663030844 7.4905723348 4.0025637082 2.8843713563 4.0652261537 2.9130862082 4.0963047053 3.8600066446
0.0 0.0 0.0 0.0 0.0 0.0 7.8481594271 11.091331851 0.0 6.9474752918 0.0 0.0 0.0 7.0404729925 0.0 0.0 5.4668175947 0.0 0.0 0.0 3.6968233735 5.2789918964 6.974419354 5.3677517433 0.0 0.0 8.4761955494 0.0 0.0 0.0 0.0 0.0 4.7049058864 0.0 4.6686511594 9.642024439 5.5840129277 0.0 0.0 0.0 7.560596943 0.0 6.2769455414 10.857802915 0.0 5.0561492057 0.0 0.0 7.1726545985 12.017573161 0.0 5.8513761198 0.0 0.0 0.0 0.0 0.0 0.0 5.7616545556 6.2837906292 0.0 0.0 0.0 0.0 5.7291631109 0.0 0.0 0.0 0.0 0.0 0.0 0.0 7.3075506481 5.236492191 0.0 0.0
4.4645666495 2.1596083331 2.3307400873 4.8458903793 7.709371058 7.29377154 4.7502702731 6.7132713689 5.3501875838 4.2051114862 4.6937466795 4.6829840266 6.9759263342 4.2614003801 2.6899363951 4.3319323088 3.3089110065 5.7790246424 3.0692397694 3.1100055053 2.2375832626 3.1952253914 4.2214199696 3.2489492316 4.7214643251 5.7269613573 5.1304028826 6.4130036033 6.0775916445 2.507567826 4.7179253087 4.6121711695 2.8477472684 4.1502346545 2.8258033013 5.8360463356 3.379846047 4.3172477925 3.4859764784 5.7696998749 0.0 6.400721517 0.0 6.5719228691 7.9359321666 3.0603449753 3.9372859332 2.7686634377 4.3414061902 7.2738991953 5.2864258683 3.541673471 4.2379514044 3.4080690286 3.7157070711 4.7235194101 2.7597313787 3.798884367 3.4873675305 3.8034018175 0.0 6.0382092572 3.7045029759 14.746925495 3.4677013723 3.6711290752 3.9671138569 3.2369781585 3.7714135768 8.149906547 0.0 3.1382591276 4.4230549769 3.1695015146 4.4568691208 4.1997716621
0.0 2.8250822621 0.0 0.0 10.084980269 0.0 6.2140454281 8.7819367865 6.9988246527 5.5008983285 6.1401043345 0.0 0.0 0.0 3.5188286133 0.0 4.328537563 7.5598059885 4.015012675 0.0 2.9270848274 0.0 0.0 0.0 6.1763630523 7.4916996283 0.0 8.3891428129 0.0 3.2802639615 6.1717335033 6.0333916854 3.7252682218 0.0 3.6965623166 0.0 0.0 5.6475889506 4.5601649911 0.0 5.9863581142 0.0 4.9699837403 0.0 0.0 4.0033769889 0.0 0.0 5.6791916537 9.5153196428 6.9154150415 0.0 5.5438577249 4.458250699 0.0 0.0 3.610130618 4.9694940868 0.0 4.9754035699 0.0 0.0 4.8460294798 0.0 0.0 4.8023715566 0.0 4.2344389203 4.9335582918 10.661264856 5.696813259 4.1053000488 5.7860001593 4.1461696416 0.0 0.0
4.5776593531 2.2143137422 2.3897804642 4.9686424597 7.9046584585 7.4785313179 4.8706001842 6.8833263974 5.4857141032 4.3116318865 4.8126447817 4.8016094982 7.1526347207 4.369346644 2.7580756353 4.4416652291 3.3927295987 5.9254141068 3.1469872084 3.1887855882 2.294263868 3.2761641939 4.3283534829 3.3312489218 4.8410645478 0.0 5.260361998 6.5754524975 6.2315441609 2.5710874567 4.8374358839 4.7290028684 2.9198840428 4.2553649604 2.8973842094 5.9838802263 3.4654615069 4.4266087368 3.5742803465 5.9158531321 0.0 6.5628592916 3.8954983515 6.7383973745 8.1369586255 3.1378670988 4.0370219985 2.8387969261 4.4513790951 7.4581555834 5.4203372287 3.6313882091 4.3453036784 3.4943994097 3.8098302843 4.8431716905 2.8296386076 3.8951145585 3.5757066355 3.8997464413 0.0 6.1911641716 3.7983423762 15.120482394 0.0 3.7641230755 4.0676054985 3.3189746074 3.866947901 8.3563532276 4.4651909983 3.2177549079 4.5350961411 3.2497887011 4.569766837 4.3061567984
0.0 2.1923821139 0.0 4.9194306351 0.0 7.4044603471 4.8223594175 0.0 0.0 0.0 4.7649780332 0.0 7.0817915865 4.3260705335 0.0 0.0 3.3591263731 0.0 0.0 0.0 0.0 3.2437154881 4.2854833883 0.0 4.7931163163 5.8138725688 5.2082608429 6.5103260536 0.0 2.54562217 0.0 4.6821645497 2.890964107 4.2132177793 0.0 0.0 3.4311379095 4.3827654749 3.5388789549 5.8572596775 0.0 0.0 3.8569154623 6.6716570462 0.0 0.0 3.9970373911 0.0 0.0 0.0 0.0 0.0 4.3022657009 3.4597891974 0.0 4.7952025888 0.0 3.8565354706 0.0 0.0 0.0 6.1298439041 3.7607217665 0.0 0.0 3.7268413903 0.0 3.2861018867 3.8286477892 0.0 4.4209655992 3.1858847157 4.4901783679 3.2176012308 0.0 4.2635065505
1.9883897793 0.9618275353 1.0380447044 2.1582204183 3.4335324837 3.2484363929 2.1156339689 0.0 0.0 1.8728359002 2.0904599834 2.0856666069 0.0 0.0 1.198020425 1.9293182527 1.4736939422 2.5738116228 0.0 0.0 0.9965553298 0.0 0.0 1.4469886895 0.0 0.0 2.2849341171 2.8561676464 0.0 0.0 0.0 2.0541285938 1.2683048562 0.0 1.2585316434 0.0 0.0 0.0 1.5525538187 2.5696586392 0.0 0.0 1.6920807142 2.9269457238 0.0 0.0 0.0 1.233083189 1.9335376475 3.2395858212 2.3544222745 0.0 1.8874618567 1.5178560778 0.0 2.1037199027 0.0 0.0 0.0 0.0 1.0903918159 0.0 1.6498792454 6.5678571366 1.5444146113 0.0 0.0 0.0 1.6796793056 0.0 1.9395370994 1.3976904959 0.0 0.0 1.9849615211 0.0
0.0 1.3539030715 1.461189103 0.0 4.833163956 4.5726160338 2.9780425527 4.2086884861 3.3541431063 2.6362712487 2.9426067443 2.9358594149 4.3733523091 2.671559919 0.0 2.7157778419 2.0744246567 3.6229899161 1.9241698076 0.0 0.0 2.0031527964 2.6464953738 2.0368333814 2.9599835089 3.5903503673 3.2163555374 4.0204444217 0.0 1.5720460648 2.9577648264 2.8914653721 1.7853115837 2.6018678295 1.7715544575 3.6587379933 2.1188952987 2.7065718153 2.1854306584 3.6171440268 2.8689248262 4.0127445282 2.3818337404 4.120074192 4.9751997947 1.9185934775 2.4683658775 1.7357322968 2.7217172139 4.5601576504 3.3141695698 0.0 2.6568592718 2.1365888689 2.3294535121 2.9612718841 1.7301326045 0.0 2.1863027376 2.38443116 1.534874782 3.7854781047 2.3224294334 0.0 2.1739736169 2.3015066457 2.487065619 2.0293284685 2.3643770711 0.0 0.0 1.9674394689 2.7729045247 1.9870259666 2.79410331 2.6329236027
1.6247220455 0.785913515 0.8481908994 1.7634914085 2.8055545135 2.6543116826 1.7286938331 2.4430590573 1.9470126436 1.5303024619 1.7081240587 1.7042073697 2.5386430963 1.5507868256 0.9789077653 1.5764544409 1.2041618102 2.1030728119 1.116941891 1.1317771472 0.0 1.1627899282 1.536237361 1.1823408307 1.7182109212 2.08412621 1.8670297298 2.3337871623 2.2117257739 0.0 1.7169230206 1.6784375203 1.0363374836 1.5103319687 1.0283517484 2.1238238521 1.229976124 1.5711105276 1.2685985626 2.0996793907 1.6653531865 2.3293175289 1.3826066034 2.391620241 2.8880034625 0.0 0.0 1.0075577042 1.579902127 2.6470798415 1.9238088093 1.2888675246 1.5422533954 1.2402468857 1.3522009339 1.7189587972 1.0043071954 0.0 1.2691047871 1.3841143532 0.8909639548 2.1973939388 1.3481235974 5.3666249908 1.2619479804 1.3359783398 1.4436915934 1.1779843796 1.3724733578 2.9658719143 1.5848043055 1.1420590595 1.6096153319 1.1534286277 1.6219208005 1.5283592207
0.0 2.9327292384 3.1651246647 0.0 10.469258506 9.9048779939 6.4508255071 9.1165638358 7.2655079709 5.7105046398 6.374066961 6.3594513725 9.4732469828 0.0 3.6529101109 0.0 0.0 7.8478649479 4.1680007775 4.2233602905 3.0386185111 0.0 0.0 4.4120446562 6.4117072815 7.7771634619 0.0 0.0 8.2533163269 3.4052551881 6.4069013281 6.2632881315 3.8672158972 5.6359823822 0.0 7.9252999087 4.5898013873 5.8627847635 0.0 7.8352019951 6.2144623924 0.0 5.1593600744 8.9246138087 10.776926511 0.0 0.0 3.7598207465 5.8955916566 9.8778915234 7.1789201186 4.8095616146 0.0 4.6281279497 5.0458977223 0.0 0.0 5.158851763 0.0 0.0 3.3247373799 8.1998353891 0.0 0.0 0.0 4.9853611935 0.0 4.3957880437 5.12154667 0.0 5.9138847158 4.2617284627 0.0 4.304155351 6.052389307 0.0
6.3717046586 3.0821326137 3.3263670671 6.9159192209 11.002598761 10.409466752 6.7794528797 9.5809931429 7.6356380872 6.0014175057 0.0 6.6834238304 9.9558469635 6.0817514409 3.8390019918 6.1824126369 4.7223852458 0.0 4.3803331592 4.4385128775 3.1934162523 4.5601363156 6.0246925172 4.6368094776 6.7383418363 8.1733590792 7.3219675085 9.1524593856 8.6737688188 3.5787306703 6.733291051 6.5823617012 4.0642252564 5.9230988264 4.0329074404 8.3290421093 4.8236217517 6.1614553059 4.9750881352 8.2343542963 6.5310486101 9.1349307356 5.422195729 9.3792645172 11.325940438 4.367638758 5.619184367 3.9513590251 6.1959334956 10.381105497 7.5446391501 5.0545773253 6.0482857186 4.8639008018 0.0 6.7412747961 3.9386114404 5.4216615226 4.9770734058 5.4281087015 3.4941110064 8.617563377 5.2869630408 21.046399629 4.949006415 5.2393327431 5.6617539455 4.619724697 5.382455979 11.63131869 6.2151584665 4.4788356571 6.3124603603 4.5234239179 6.3607189609 5.9937966581
0.9300248699 0.4498733285 0.4855222056 0.0 1.6059580645 1.5193835058 0.9895404951 1.398458086 1.114510747 0.8759771261 0.9777659262 0.9755239315 1.4531723885 0.8877028042 0.5603472727 0.9023954839 0.6892873979 1.2038428504 0.6393608924 0.6478529032 0.4661164781 0.6656052675 0.8793743864 0.6767966129 0.9835398572 1.1929974194 1.0687268548 0.0 1.2660380777 0.5223576271 0.0 0.9607727309 0.5932212442 0.8645455982 0.5886500424 1.2157211797 0.7040640508 0.8993365161 0.7261723422 1.2019003852 0.9532829846 1.3333500569 0.7914329285 1.3690134321 1.6531535668 0.637507996 0.8201857258 0.5767470968 0.9043690115 1.5152438487 1.1012283871 0.7377747199 0.8828180903 0.7099432496 0.7740280876 0.983967957 0.5748864376 0.7913549548 0.7264621157 0.0 0.5100063968 1.2578342356 0.7716941349 0.0 0.7223654099 0.7647419355 0.826399254 0.6743028892 0.7856324469 1.6977270968 0.907175121 0.6537384849 0.9213774712 0.6602466634 0.0 0.8748647742
2.3960584799 1.1590257837 0.0 0.0 4.1374909029 3.9144455712 2.5493908509 0.0 0.0 2.2568132198 2.5190555807 2.5132794443 3.7438633489 0.0 1.443644012 2.3248758407 1.7758373653 3.1015061677 1.6472098086 1.6690880993 0.0 1.7148241913 0.0 0.0 0.0 0.0 0.0 3.4417521053 0.0 1.3457698417 2.5320318478 2.4752753646 1.5283384764 0.0 0.0 0.0 0.0 2.3169949056 1.8708654518 3.0965017205 0.0 0.0 0.0 3.5270414254 4.2590824723 0.0 2.1130757111 1.4858955031 0.0 0.0 2.8371366191 1.900757099 2.2744378563 1.8290538225 1.9941580304 2.5350341088 0.0 2.0387978983 0.0 2.0412223386 1.3139488967 3.2406062289 1.9881449793 7.9144290271 1.8610575071 0.0 0.0 1.7372322052 0.0 4.3739189545 0.0 1.6842513473 0.0 0.0 2.3919273446 2.2539474252
0.8713031895 0.42146837 0.0 0.9457221887 1.5045580274 1.423449778 0.9270610038 1.3101595775 1.0441406461 0.820668015 0.91602988 0.9139294446 1.3614192242 0.8316533348 0.524967 0.8454183202 0.0 1.1278323291 0.5989917074 0.6069475335 0.4366859286 0.6235790152 0.8238507726 0.0 0.9214392456 1.1176716775 1.0012475444 1.2515594306 0.0 0.0 0.9207485724 0.9001096334 0.5557653122 0.8099582726 0.5514827356 1.1389606619 0.0 0.8425524954 0.6803218907 0.0 0.893092789 1.2491624631 0.7414619299 1.2825740562 1.5487736103 0.5972558027 0.7683992783 0.0 0.8472672394 1.4195714985 1.0316969331 0.6911916953 0.8270770414 0.6651175013 0.7251560289 0.9218403152 0.5385881634 0.0 0.6805933679 0.7422705034 0.0 1.1784147035 0.7229694418 2.8780045696 0.6767553277 0.7164562035 0.774220485 0.0 0.7360276901 1.5905327719 0.8498961714 0.6124615001 0.8632017867 0.6185587528 0.8698009426 0.8196258968
7.9921782865 3.8659910764 4.1723400678 8.6747993497 13.800817147 13.056837786 8.5036264238 12.017663948 9.5775595691 7.5277184439 8.4024415444 8.3831749397 12.487851868 7.628483179 4.8153500522 7.7547448732 5.9233983438 10.345235919 5.4943544057 5.5673305881 4.0055767489 5.7198857131 7.5569128355 5.8160586549 8.4520598799 10.252035595 9.1841152206 11.480144026 10.879711244 4.4888856419 8.4457245617 8.2564103457 5.0978528646 7.4294814914 0.0 0.0 6.0503816627 0.0 6.2403694927 10.328543323 8.1920471344 11.45815743 6.8011870124 11.764631011 14.206392182 5.4784315211 7.0482744716 4.9562821089 7.7717044027 0.0 9.4634174724 6.3400746443 7.5865063404 6.1009046179 6.6516183325 8.45573876 4.940292515 6.8005169447 6.242859664 6.8086037922 4.3827452169 10.809211443 6.6315614863 26.398991657 0.0 6.5718176892 7.1016704903 5.7946288146 6.7513405138 14.58943527 7.7958187338 5.6179083943 7.9178667766 5.6738364935 7.9783986688 7.5181594364
0.0 1.7977238387 1.9401791299 4.0338669383 0.0 6.0715578702 3.9542698458 5.5883318241 4.4536593111 3.5004630456 3.9072178826 3.8982587221 0.0 3.5473196376 2.2391850911 3.606032566 2.7544384346 4.810636357 2.5549287875 0.0 1.862632548 2.6598030616 3.5140387246 2.7045244245 3.9302908962 4.7672972907 4.2707038229 5.3383797787 5.059172635 0.0 3.9273449109 3.8393119402 2.3705516748 3.4547818974 2.3522848474 4.8581029534 0.0 0.0 0.0 0.0 3.8093824145 5.3281557955 3.1626187909 5.4706690221 6.60611196 2.5475244897 3.2775168874 0.0 3.6139189139 6.0550155244 0.0 2.9481970087 3.5277999951 0.0 0.0 0.0 0.0 3.1623072028 2.9029910876 3.1660676663 2.0380195918 0.0 3.0837412545 12.275790524 2.8866203779 3.0559598017 3.3023465607 2.6945593382 3.1394396792 6.7842307599 3.6251323148 2.6123826063 3.681885854 2.638389722 3.7100337787 3.4960180132
0.0 0.0 2.8176072923 5.8581461505 0.0 0.0 0.0 0.0 0.0 0.0 0.0 5.6612103661 0.0 0.0 3.2518359486 5.2368276194 4.0001078765 6.9862023927 0.0 3.7596530984 2.7049909821 0.0 0.0 0.0 5.7077287962 0.0 0.0 7.7526129217 0.0 0.0 5.7034505163 0.0 0.0 0.0 3.4160840292 7.0551353207 0.0 0.0 4.2141604719 0.0 0.0 7.7377652363 4.5928840437 0.0 0.0 0.0 0.0 0.0 0.0 0.0 6.3907048915 0.0 0.0 0.0 0.0 5.7102131669 0.0 0.0 4.2158421002 4.5978926414 0.0 0.0 0.0 0.0 4.1920678875 4.437989508 0.0 0.0 0.0 0.0 5.2645650538 3.7938086067 5.346984859 0.0 0.0 0.0
0.0 0.0 1.0732489752 2.2314143529 3.5499773796 0.0 2.1873836257 0.0 0.0 0.0 2.1613558891 0.0 3.2122439693 1.962270961 0.0 0.0 0.0 2.6610999266 0.0 1.4320816979 1.0303525291 0.0 0.0 1.4960618957 0.0 0.0 2.3624254229 2.9530317786 2.7985827506 0.0 2.1724895583 2.123792356 0.0 1.9110818552 0.0 2.6873570259 1.5563366873 0.0 0.0 2.6568060986 2.107236239 2.9473761774 1.7494659766 3.0262102252 0.0 0.0 0.0 1.2749019993 0.0 3.3494532058 0.0 1.6308542699 0.0 0.0 1.7109924989 2.1750655056 0.0 1.7492936154 0.0 0.0 0.0 2.7804481215 0.0 6.7905995876 1.5967919223 1.6904654189 1.8267591933 0.0 1.7366439864 0.0 0.0 0.0 0.0 0.0 2.0522795496 1.9338924392
0.0 0.0 0.4073630917 0.8469571094 1.3474317649 0.0 0.8302447774 0.0 0.9350973827 0.0 0.0 0.0 1.2192414481 0.0 0.0 0.0 0.0 1.0100488503 0.5364369062 0.5435618775 0.0 0.5584564754 0.0 0.0 0.0 1.0009493111 0.8966837578 0.0 0.0 0.0 0.8245915753 0.0 0.4977247948 0.7253714944 0.4938894627 0.0 0.5907241836 0.7545617883 0.6092734937 1.008419082 0.0 0.0 0.0 1.148630357 0.0 0.0 0.0 0.4839026471 0.7587841552 0.0 0.9239532102 0.0 0.0 0.595656952 0.0 0.8255693036 0.0 0.663963043 0.6095166196 0.6647525959 0.0 0.0 0.0 2.577444476 0.6060793994 0.6416341738 0.0 0.5657539584 0.6591617414 1.4244278658 0.7611385386 0.0 0.0 0.5539604966 0.7789645848 0.7340294948
11.54720766 5.5856363772 6.0282535578 12.533467837 19.939607922 18.864696444 12.28615487 17.363283978 13.837788054 10.876149776 12.139961583 12.112124931 18.042617867 11.021736033 6.9572831105 11.204160642 8.5582063208 14.946937263 7.938317816 8.0437547947 5.7873116514 8.2641685099 0.0 8.4031204814 12.211650828 14.812280171 13.26933432 16.586667899 15.719154467 6.4856028996 12.202497474 11.928973725 7.3654470079 10.734215693 7.3086908737 15.094418841 8.7416735434 0.0 9.0161705387 14.922819575 11.835980884 16.554901367 9.8264473028 16.997698557 20.525588237 7.9153122162 10.183442617 7.1609036587 11.228664 18.813298378 13.672874004 0.0 10.961087326 8.8146697948 9.6103484441 0.0 7.1378016765 9.8254791799 9.0197683721 9.8371631668 6.332249773 15.617295397 0.0 38.14162144 8.9689035896 9.4950513915 10.26058991 0.0 9.7544284051 0.0 11.263504713 8.1168302956 11.439841382 8.1976359723 11.527298681 10.862338792
4.8106005094 0.0 2.5113880767 0.0 0.0 7.8590877547 5.1184480801 0.0 0.0 0.0 0.0 5.0459466981 7.5166074136 0.0 2.8984245075 4.6676861176 0.0 6.2269378129 3.3071264373 3.3510517912 2.4110109732 3.4428767901 0.0 3.5007645882 0.0 0.0 5.5280435164 6.9100543955 0.0 0.0 0.0 4.9696453696 3.0684667819 0.0 0.0 0.0 3.6418067847 4.6518634528 3.7561630364 6.2168903134 0.0 0.0 0.0 7.0812909703 0.0 0.0 0.0 0.0 0.0 0.0 5.6961593299 3.8161769195 4.5664210628 0.0 4.0036992909 5.0896238457 0.0 4.0933233851 3.7576619043 0.0 2.6380337897 6.5062109738 3.9916268032 0.0 0.0 0.0 4.2745917888 0.0 0.0 8.781578967 0.0 3.3814952588 4.7658714036 3.4151591402 4.8023063706 0.0
0.5513463411 0.266698259 0.2878319712 0.0 0.0 0.0 0.5866289698 0.8290474522 0.0 0.5193052347 0.0 0.0 0.0 0.0 0.3321904914 0.5349668212 0.4086300238 0.0 0.0 0.0 0.2763276801 0.3945905542 0.0 0.4012251159 0.0 0.0 0.6335729937 0.0 0.0 0.0 0.0 0.0 0.3516791572 0.0 0.0 0.7207155915 0.0 0.0 0.4304965134 0.0 0.5651344417 0.0 0.0 0.0 0.0 0.3779336579 0.0 0.3419127938 0.0 0.0 0.0 0.0 0.0 0.4208754257 0.0 0.0 0.3408097398 0.4691387004 0.4306682997 0.0 0.0 0.0 0.457483183 1.8211540005 0.0 0.0 0.4899140009 0.0 0.0 0.0 0.5378003319 0.0 0.5462199065 0.0 0.0 0.0
10.504220915 5.0811209242 5.4837592748 11.401398404 18.13858837 17.160766895 0.0 15.794967587 12.587907568 9.8937754748 0.0 11.018112757 16.412941513 10.026211839 6.3288754228 0.0 0.0 0.0 7.2212994248 7.3172129434 5.2645801375 7.517718072 9.9321460326 7.6441193847 0.0 0.0 12.070798689 15.088498362 14.299341969 5.8997991229 11.100322516 10.851504449 6.7001724389 9.7646614067 6.6485427298 13.731034788 0.0 0.0 0.0 13.574935006 10.766911067 15.059601101 8.9388860335 15.462403201 18.671640763 7.2003717763 0.0 6.5141042057 0.0 17.114011293 12.437889168 0.0 9.9710411499 8.0184960333 8.7423060275 11.113484303 6.4930888804 8.9380053551 8.2050693443 8.9486340009 5.7602974211 14.20668319 8.7159450611 34.696528326 0.0 0.0 9.3338152656 7.6159538748 8.8733721506 19.175079134 10.246143074 7.3836879932 10.406552358 7.4571950007 10.486110189 9.8812119504
10.359121051 5.0109329529 5.4080094659 11.243905395 17.88803131 16.923716954 11.02203834 15.57678409 12.414024736 9.7571079875 10.89088681 10.865914257 16.186221645 9.8877149448 6.2414516174 10.051369974 7.6776566132 13.40905412 7.1215481367 7.2161367557 5.1918579557 7.4138722103 9.7949485143 7.5385274808 10.955199982 13.288251831 11.904058932 14.880073664 14.101818269 5.8183023552 10.946988413 10.70160739 6.6076197289 9.6297774342 6.5567032059 13.541361389 7.842246982 10.017297534 8.0885011143 13.387417889 10.618182538 14.851575575 8.8154088941 15.248813576 18.413720394 7.100909572 9.1356731335 6.4241217459 0.0 16.87760721 12.266078613 8.2177346847 9.8333063546 7.9077326844 8.6215443424 0.0 6.4033967155 8.8145403809 8.0917287683 8.8250222081 5.6807276576 14.01043943 8.5955475128 34.217248464 8.0460974387 8.5181101478 9.2048827785 0.0 8.750799986 18.910204528 10.104608163 7.2816935536 10.262801637 7.3541851734 10.341260497 9.7447180091
11.031059121 5.3359640635 5.7587967025 11.973234463 19.048327554 18.021463535 11.736976137 16.587162693 13.219252882 10.389996848 11.597317542 11.57072516 17.236131042 10.529075546 6.6462995709 0.0 8.1756631281 14.27882424 7.5834830144 7.6842070664 5.5286246563 7.8947685108 10.430291877 8.0275094694 11.66580235 14.150186183 12.676208456 15.84526057 15.016524113 6.1957029899 11.657058141 11.395760629 7.0362189538 10.254407076 6.9819997615 14.419713539 8.3509295508 10.66706343 8.6131568072 14.255784588 11.306924474 15.81491397 9.387215017 16.237918571 19.60811514 7.5615057417 9.728253001 6.840818486 10.726754042 17.972362911 13.061710323 8.7507730344 10.471137776 8.4206629434 9.1807755594 11.670880057 6.8187491391 9.3862901683 8.6165938211 9.3974518927 6.0492045934 14.919218041 9.1530924612 36.436729422 8.5680026431 9.0706321688 9.8019518874 7.997931321 0.0 20.136803415 10.76003741 7.7540161661 10.928492008 7.8312099106 11.012040054 10.376803201
1.7154218092 0.8297869703 0.8955409766 1.8619379425 2.9621739994 2.8024880695 1.8251977999 2.5794423112 2.0557042116 0.0 1.8034797222 1.7993443848 2.6803623089 0.0 1.0335550838 1.6644596759 1.271383888 2.2204764058 1.1792949353 0.0 0.8597473013 1.2277024294 1.621997486 0.0 1.8141296816 2.2004721138 1.9712562687 0.0 2.3351948963 0.9634835527 0.0 1.772135939 1.0941908039 1.5946459306 1.0857592667 2.2423858684 0.0 0.0 0.0 2.2168935475 0.0 2.4593511861 1.4597903239 2.5251319339 3.0492256435 0.0 1.5128245783 1.0638043994 1.6680998282 2.7948525124 2.0312050282 1.3608182809 1.6283493642 1.3094834052 0.0 1.8149193076 0.0 1.4596465022 1.3399522928 1.4613822435 0.9407018287 2.3200629896 1.4233823114 5.6662156931 1.3323959588 1.4105590473 1.5242853705 1.2437451078 1.449091392 3.1314410851 0.0 1.2058142644 1.6994717665 0.0 1.7124641854 1.6136795502
6.3889730229 3.0904856984 0.0 0.0 11.032417607 0.0 6.7978263085 9.6069592052 7.6563319183 6.0176823312 6.7169387906 6.7015370048 9.9828289412 6.0982339844 3.8494063166 6.1991679888 4.7351836841 8.2700148608 4.3922045803 0.0 3.2020709339 4.5724950326 6.0410204217 4.6493759916 0.0 8.1955102224 7.3418112409 9.1772640512 0.0 0.0 0.0 6.6002009807 4.0752399732 5.9391513954 4.0438372808 8.3516151791 4.8366945575 6.17815386 4.9885714397 8.2566707465 6.5487488226 9.1596878957 5.4368907685 9.4046838618 11.356635594 4.3794757751 5.6344132779 0.0 0.0 10.409239995 7.5650863592 0.0 6.0646775646 4.8770827704 5.3173250848 6.7595447561 0.0 0.0 4.9905620908 5.442819766 3.5035806201 8.6409183867 0.0 0.0 4.9624190338 0.0 5.677098227 4.6322449083 5.3970433172 11.66284147 6.232002565 4.490974036 6.3295681629 4.5356831384 6.3779575521 6.0100408298
7.4205879309 3.5895003457 0.0 0.0 12.813800379 12.123029469 0.0 0.0 8.8925847746 0.0 0.0 0.0 0.0 7.0829038318 4.4709623835 0.0 0.0 9.6053578948 0.0 5.1691622344 0.0 5.3108068123 0.0 0.0 7.8475793818 0.0 0.0 0.0 10.101608229 4.1678462897 0.0 0.0 4.7332609565 0.0 0.0 9.7001340559 5.6176661148 7.1757282125 0.0 0.0 7.6061624148 10.638684685 0.0 0.0 13.190369207 0.0 0.0 0.0 0.0 0.0 0.0 0.0 7.0439291229 0.0 0.0 7.8509951531 0.0 0.0 5.796378336 6.3216611687 4.0692968919 0.0 0.0 0.0 0.0 0.0 0.0 5.3802043829 6.2684932867 0.0 0.0 0.0 0.0 0.0 7.4077938138 6.9804703019
0.0 2.1769961056 2.3495057023 4.8849063612 7.7714419383 7.3524962813 4.7885163837 6.7673222974 0.0 4.23896833 4.7315376985 4.7206883917 7.032091991 4.2957104258 2.711594027 4.366810232 3.3355522224 5.8255536192 3.0939513072 3.1350452625 2.2555988389 3.2209512842 4.2554081188 3.275107674 0.0 0.0 0.0 6.4646369695 6.1265244902 2.5277571438 4.7559109984 0.0 0.0 4.1836496655 2.8485548458 5.8830344143 0.0 0.0 3.5140433112 0.0 4.6130615297 0.0 3.8298478572 6.6248357507 7.9998271708 3.084984898 3.9689864185 2.7909549288 4.3763603911 7.3324639372 0.0 3.5701887401 0.0 3.435508601 0.0 4.76155014 2.7819509547 0.0 3.5154455632 3.8340243543 2.4679879184 6.0868250213 3.7343292431 14.865658222 0.0 0.0 3.9990544974 3.2630402176 3.801778565 8.2155243348 4.3899395235 3.1635263648 0.0 0.0 4.4927529547 0.0
0.0 0.0 0.0 11.292671169 17.965613224 16.997116554 11.069841858 0.0 12.467865418 9.7994253949 10.938121512 0.0 16.256422665 0.0 6.2685213241 0.0 7.7109552632 13.467210328 0.0 7.2474337547 5.2143754853 7.4460268049 9.8374300393 7.5712227159 11.002713617 13.345884109 0.0 14.94460981 14.162979055 5.8435368275 0.0 10.748021172 0.0 0.0 0.0 0.0 7.8762594743 10.060743405 8.1235816318 13.445480259 10.664234499 14.915988122 8.8536420725 0.0 0.0 0.0 9.1752953251 6.4519837085 0.0 16.950806828 12.319277639 8.2533756992 0.0 7.9420291939 8.6589367138 0.0 0.0 8.8527697925 8.1268232844 8.8632970802 5.7053654567 0.0 8.6328271336 34.365651581 0.0 8.5550539162 9.2448051382 0.0 8.78875295 18.992219694 10.148432708 0.0 10.307312281 0.0 10.386111424 9.7869816802
0.0 1.1599651016 1.2518830942 2.6028162793 4.1408440808 3.9176179848 0.0 0.0 0.0 0.0 2.5210971178 2.5153163003 0.0 0.0 1.4448139953 2.3267600073 0.0 0.0 1.6485447692 0.0 1.2018468612 0.0 0.0 0.0 0.0 3.0760556029 0.0 0.0 3.2643855377 0.0 2.5340839014 0.0 1.5295770992 0.0 1.5177905935 0.0 0.0 0.0 1.8723816713 3.0990112417 0.0 0.0 2.040651266 0.0 0.0 1.6437672128 0.0 1.4870997285 0.0 0.0 2.8394359411 0.0 0.0 0.0 0.0 2.5370885955 0.0 2.0404502166 0.0 2.0428766217 0.0 3.2432325378 0.0 7.9208431774 0.0 0.0 2.1308093499 0.0 0.0 0.0 2.339083948 1.6856163278 0.0 0.0 0.0 0.0
12.407613202 6.0018333174 6.4774307896 13.467361598 21.425347996 20.270342713 13.201620847 18.657057001 14.868869324 11.686553452 13.044534406 13.014623589 19.387009418 11.842987633 7.4756841926 12.039005065 9.1958953939 16.060663459 0.0 8.6431110554 0.0 8.8799482375 11.731876856 9.0292537984 13.12156536 0.0 14.258058964 17.822573705 16.890420111 6.9688581457 13.111729971 12.817825421 7.9142611986 11.534043578 0.0 16.219134184 9.3930331262 11.998194878 9.6879834418 16.034748714 12.717903497 17.788440185 10.558635548 18.264231079 0.0 8.5050979635 10.942231298 7.6944769152 12.065334217 20.215114875 14.691667197 9.8427726509 11.77781987 9.4714684744 10.326434732 13.127276709 7.6696535581 10.557595289 0.0 10.570149873 6.8040783708 16.780971319 10.295297089 40.983629953 9.6371945378 10.202546665 11.02512699 8.9959846245 10.481250379 22.649653596 12.102770981 8.7216315581 12.292246848 8.8084582275 12.386220766 11.671713385
4.5008871406 2.1771773473 0.0 0.0 0.0 7.3531083995 0.0 6.7678856981 5.3937128475 0.0 4.7319316138 0.0 0.0 4.296068057 0.0 4.3671737826 0.0 0.0 0.0 0.0 2.2557866246 3.2212194384 0.0 0.0 0.0 5.7735517804 5.1721401366 0.0 6.1270345424 0.0 0.0 0.0 0.0 0.0 2.8487919969 5.8835241952 3.4073420343 0.0 3.5143358663 5.8166379877 4.6134455815 6.4527931663 3.830166704 0.0 0.0 0.0 3.969316849 2.7911872845 4.3767247367 7.3330743877 5.3294324126 3.5704859694 4.2724283175 3.4357946178 3.7459353813 0.0 0.0 3.8297893476 3.515738235 0.0 2.4681933861 6.0873317684 0.0 14.866895834 0.0 0.0 3.9993874312 0.0 0.0 0.0 4.3903049997 3.1637897382 4.4590377589 0.0 0.0 4.2339379723
5.2486890871 0.0 2.740093501 0.0 0.0 8.5747939477 5.5845715162 7.8923391537 6.2898537281 4.9436651975 5.5181205496 0.0 0.0 5.0098402435 3.1623763089 0.0 3.8900629004 6.7940084572 3.608297635 0.0 2.630575322 3.756410411 4.9628379786 3.8195698967 5.5507063112 6.7328011738 6.0314677182 7.5393346477 0.0 2.9479779151 0.0 0.0 3.3479038804 0.0 3.3221058423 0.0 3.9734564304 5.0754962695 4.0982268014 6.7830459586 5.3799486015 7.5248954295 4.4665314976 7.7261652814 9.3297387694 3.5978406272 4.628800807 3.2549303688 5.103897664 8.5514313759 6.2148933912 4.163705989 0.0 4.0066362813 4.3683055235 5.5531223356 3.2444295511 0.0 0.0 0.0 2.8782725018 0.0 4.3551336264 0.0 0.0 0.0 4.6638674797 3.8054963156 4.4337958949 9.5812939781 5.1197342259 0.0 0.0 0.0 5.2396396231 0.0
0.580412131 0.280758016 0.0 0.6299857931 0.0 0.948220469 0.0 0.8727530457 0.6955465156 0.5466818866 0.6102064828 0.6088072934 0.9068992776 0.5539996756 0.0 0.0 0.0 0.0 0.3990138651 0.0 0.2908950793 0.0 0.5488020569 0.4223768385 0.6138098914 0.7445286645 0.0 0.8337169942 0.7901120522 0.0 0.0 0.5996013291 0.3702189239 0.5395476715 0.0 0.7587101629 0.0 0.0 0.453191361 0.7500848486 0.5949271105 0.8321202721 0.0 0.0 0.0 0.3978575051 0.5118634569 0.3599376988 0.0 0.945636982 0.0 0.4604322004 0.0 0.4430630703 0.0 0.0 0.3587764941 0.4938706808 0.4533722036 0.0 0.3182860041 0.7849921789 0.4816007096 0.0 0.4508155217 0.4772619645 0.5157412103 0.4208205495 0.4902993645 1.0595215611 0.5661520053 0.0 0.5750154418 0.4120483067 0.5794114204 0.0
10.815014913 5.2314587647 5.6460101914 11.738737673 18.675264479 17.668511677 11.507106485 16.262301735 12.960352717 0.0 11.370183116 11.344111548 16.898559986 10.322862728 6.5161312425 10.493720041 8.0155420876 13.999172282 7.4349598705 7.5337112336 5.4203460838 7.7401488146 10.226013746 7.8702900305 11.437326643 13.873053613 12.427943862 15.534929827 14.722424242 6.0743596328 11.428753691 11.172573711 0.0 10.053573663 6.845256717 14.137302253 8.1873759028 10.458148108 8.4444674167 13.976583864 11.08547742 15.505177568 9.2033656322 15.919897589 19.224088578 7.4134130245 9.537724359 6.7068404884 10.516669674 17.620372692 12.805895643 8.5793884186 0.0 8.2557435612 9.0009693085 11.442304903 6.6852033715 9.2024588967 8.4478371163 9.2134020179 5.9307304196 14.627023918 8.9738283861 0.0 8.4001976006 8.8929830853 9.6099798466 7.8412911726 9.135913355 19.742422449 10.549301185 7.6021531163 10.714456585 7.6778350149 10.796368336 10.17357265
0.0 1.7428704249 1.8809790202 0.0 0.0 5.8862982276 3.833614384 0.0 4.3177661268 3.393654456 0.0 3.7793123111 0.0 3.4390813267 0.0 3.496002765 2.6703930725 4.6638508381 2.476971004 2.5098702082 0.0 0.0 0.0 2.6220020738 3.810367097 4.6218341639 4.1403931052 5.1754913815 4.9048036025 2.0236844503 0.0 0.0 2.2982197353 3.3493671631 2.2805102782 0.0 2.7276398344 3.4841519082 2.8132903606 0.0 0.0 5.1655793597 0.0 5.3037441225 6.4045416271 2.4697926313 3.1775109877 2.2343966488 0.0 5.8702606335 4.266308459 0.0 0.0 0.0 2.998690023 3.8120256138 0.0 3.0658166621 0.0 0.0 1.9758341051 0.0 0.0 11.901222972 2.7985417873 0.0 0.0 0.0 3.0436468884 0.0 3.5145197288 2.5326717514 0.0 2.5578853197 0.0 0.0
7.7857958863 0.0 0.0 0.0 0.0 0.0 0.0 11.70733124 9.3302377926 7.3333298124 8.1854648966 0.0 12.165377475 7.4314924949 0.0 0.0 5.7704381465 0.0 0.0 5.4235651454 3.9021405499 0.0 7.3617703158 0.0 0.0 9.9872967921 0.0 0.0 0.0 0.0 8.2276302144 0.0 0.0 0.0 0.0 10.177531017 5.8941423691 7.528885274 0.0 0.0 7.9805035114 11.162272885 6.6255596366 11.460832384 13.83953984 0.0 0.0 4.8282958002 0.0 0.0 0.0 0.0 0.0 5.9433606677 0.0 0.0 4.8127191063 0.0 0.0 6.6327848925 0.0 10.530084661 6.4603143585 25.71728924 0.0 6.4021133283 6.9182837154 0.0 6.5770003265 14.212691589 0.0 0.0 0.0 0.0 0.0 0.0
3.7304119624 1.8044816871 0.0 4.0490307029 6.4416397547 6.0943815469 3.9691343959 5.6093389991 0.0 3.5136216844 3.921905559 3.91291272 5.8288029026 3.5606544156 2.2476024425 3.6195880526 2.764792682 4.8287200862 2.5645330554 0.0 0.0 2.6698015638 3.5272483959 2.7146910395 3.9450653067 4.7852181035 4.2867578844 5.3584473554 5.0781906404 2.0952226159 3.9421082471 3.8537443505 2.3794628482 3.4677688155 2.3611273537 4.876365115 0.0 3.6073182626 2.9127414543 4.8209286863 3.8237023163 5.3481849392 3.1745074347 0.0 6.6309450862 0.0 3.2898374461 2.3133835864 3.6275040462 6.0777770165 4.4171244032 2.9592796166 3.5410613966 2.8476451291 3.104695079 3.9467824529 2.305920318 3.1741946753 0.0 3.1779692748 2.0456807392 0.0 3.0953333886 12.321936616 2.8974715122 3.0674475022 3.3147604571 2.7046884933 3.1512411901 6.8097334549 3.6387595995 0.0 0.0 2.648307729 3.7239802176 0.0
5.1131385578 2.473336721 0.0 0.0 8.8293188359 0.0 0.0 7.6885147832 0.0 4.8159920923 5.375611792 0.0 0.0 0.0 0.0 0.0 0.0 6.6185491326 3.5151111944 0.0 0.0 3.6593988695 4.8346697249 0.0 5.4073560068 6.5589225638 0.0 0.0 0.0 2.8718446254 0.0 0.0 3.2614422639 4.7531432504 3.2363104756 0.0 3.8708395459 0.0 0.0 0.0 0.0 0.0 0.0 0.0 9.0887926956 0.0 4.5092592626 3.1708698487 0.0 0.0 0.0 0.0 4.8536026972 0.0 0.0 5.409709636 0.0 4.3507519673 3.9939807791 0.0 0.0 0.0 4.2426597004 0.0 0.0 0.0 4.5434203177 0.0 0.0 9.3338513408 4.9875140329 0.0 0.0 0.0 0.0 0.0
0.87964553 0.0 0.0 0.954777058 1.5189635014 0.0 0.9359372007 1.3227037728 0.0 0.0 0.9248004588 0.9226799126 1.3744542078 0.0 0.5299933256 0.0 0.651948779 1.1386308221 0.0 0.6127587862 0.4408670022 0.0 0.0 0.0 0.0 1.1283728868 0.0 1.2635425555 0.0 0.4940615747 0.0 0.0 0.5610865179 0.8177132629 0.5567629376 0.0 0.0 0.8506195608 0.0 1.13679358 0.9016437553 0.0 0.0 1.2948541324 0.0 0.6029742614 0.0 0.5455047731 0.0 1.4331632642 1.0415749724 0.0 0.0 0.0 0.7320990754 0.0 0.5437449056 0.7484873482 0.6871097467 0.0 0.0 1.1896975002 0.7298915526 0.0 0.683234959 0.0 0.0 0.0 0.7430748279 0.0 0.8580335493 0.0 0.0 0.0 0.8781288998 0.0
10.066977695 4.8696168351 5.2554951717 10.926809742 17.383560953 16.446441764 10.711199683 15.137494506 12.063929894 9.4819423378 10.58374683 10.559478543 0.0 0.0 6.0654329558 0.0 0.0 13.030897899 0.0 7.0126304543 5.0454394709 0.0 9.5187157028 0.0 10.646246272 12.913502422 11.56834592 14.4604324 13.704125019 5.6542171622 10.638266281 10.399805386 0.0 9.3582027045 6.3717939582 13.159473897 7.6210833966 0.0 7.8603927786 0.0 10.318733244 14.432738001 8.5668006264 14.818773271 17.894424785 6.9006528568 8.8780329151 6.242951502 9.7892679651 16.401632387 11.920156082 0.0 9.5559917923 0.0 8.3784033571 10.650880203 6.2228109497 8.5659566066 7.8635294078 0.0 5.5205222854 13.615323206 8.3531396786 33.252268737 0.0 8.2778861679 8.9452907402 7.2989361516 8.5040137901 0.0 9.8196424667 0.0 0.0 7.1467856916 10.049620836 9.4699017761
5.0114099231 2.42412836 2.6162212189 5.4394401606 8.6536548009 8.187150499 5.332108008 7.5355476568 0.0 4.7201753459 5.2686611115 5.256580193 7.8303739642 4.7833587955 3.019413753 4.8625298405 0.0 0.0 3.4451761714 3.4909351061 2.5116540632 3.5865931657 4.738481377 3.6468973804 5.2997737581 6.4284292807 5.7588012306 7.1985015382 6.8220065836 2.8147077359 5.2958012645 5.17709381 3.1965541203 4.6585769154 3.1719223424 6.5508755527 3.7938271165 4.8460466885 3.9129569534 0.0 5.1367355467 0.0 4.2646115816 7.3768860598 8.9079662889 3.4351918969 4.4195451305 3.107783692 4.8731641321 8.1648440864 5.9339347206 3.9754760025 4.7570376677 3.8255069952 4.1708261404 5.3020805605 3.0977575881 4.2641914228 3.9145183888 4.269262194 2.7481535175 6.7778004372 4.1582497095 16.553205398 3.8924434177 4.1207880004 4.453026533 3.6334600282 4.2333558678 9.1481493609 4.8882847655 3.5226493785 4.9648136855 3.557718495 5.0027695612 4.7141814725
5.4653872372 0.0 0.0 0.0 9.4375784918 8.9288141526 5.8151369577 8.2181834295 6.5495375548 0.0 0.0 5.7327671731 0.0 0.0 0.0 0.0 0.0 0.0 3.7572703422 3.8071745212 0.0 0.0 0.0 0.0 5.7798735889 7.0107725939 6.280483782 7.8506047276 7.440003569 3.0696885651 5.7755412321 0.0 0.0 0.0 3.459262793 7.1443111195 0.0 5.2850439554 0.0 0.0 5.6020659512 0.0 0.0 8.0451488783 9.7149277373 0.0 4.8199061583 3.389313903 0.0 0.0 6.4714823944 4.3356093673 0.0 0.0 0.0 5.7823893616 3.3783795471 4.650479154 0.0 0.0 2.9971052839 7.3917928436 0.0 18.052739429 4.2450549651 0.0 4.8564205989 0.0 0.0 0.0 0.0 3.8417617497 5.4145699051 0.0 5.4559641557 0.0
0.754104758 0.0 0.0 0.0 0.0 0.0 0.8023626246 1.1339308556 0.0 0.7102804882 0.7928152902 0.790997383 0.0 0.0 0.0 0.7317016458 0.0 0.9761283281 0.0 0.5253074112 0.3779475853 0.539701803 0.0 0.5487762343 0.0 0.0 0.8665703813 1.0832129767 0.0 0.4235503638 0.0 0.7790364657 0.4810096776 0.7010113064 0.0 0.0 0.0 0.7292213012 0.0 0.9745532925 0.0 1.0811384238 0.0 1.110055845 0.0 0.0 0.6650423857 0.4676517197 0.7333018681 1.2286258494 0.8929240423 0.598219945 0.0 0.5756529741 0.6276157579 0.7978441674 0.4661430161 0.0 0.5890471918 0.6424281755 0.0 0.0 0.0 2.4908860264 0.0 0.0 0.0 0.5467542143 0.0 0.0 0.7355771842 0.5300796977 0.7470930696 0.0 0.0 0.7093785447
1.154865636 0.0 0.6029009856 1.2535040272 1.9942109523 1.8867063188 1.2287696278 0.0 1.3839524128 0.0 1.2141484649 1.2113644505 1.8044881475 0.0 0.6958155964 1.1205566304 0.8559280024 1.494881249 0.0 0.0 0.5788037721 0.8265205323 0.0 0.8404174728 1.2213182888 1.4814138503 1.3270999076 1.6588748845 1.5721126575 0.6486416576 0.0 1.1930470321 0.7366371069 1.0735562396 0.7309607814 1.509631257 0.8742770264 1.1167581333 0.0 1.4924691776 1.1837465813 1.6556978327 0.0 1.6999831069 2.0528163354 0.7916305263 1.0184720221 0.7161802058 1.1230072736 1.8815658673 1.3674589387 0.0 1.0962462492 0.8815775674 0.9611554148 0.0 0.0 0.0 0.9020899982 0.9838397326 0.0 1.5619254726 0.9582572109 3.8146406646 0.8970028818 0.949624263 1.0261877192 0.8373208719 0.9755652185 0.0 1.126491782 0.8117848624 1.1441276612 0.0 1.1528744883 1.0863701569
2.1901227389 1.0594101709 1.1433599864 2.37718362 0.0 3.5780079358 2.3302765436 3.2932397321 2.6245699537 2.0628452901 2.3025485204 2.2972688297 3.422086865 0.0 1.3195661141 2.1250580845 1.6232082092 2.8349388129 1.5056358965 1.5256337983 1.097661289 1.5674389778 2.0708455246 0.0 2.3161455951 2.8093988236 2.5167531128 3.145941391 2.9814028332 1.2301040047 2.3144095071 2.2625311137 1.3969812832 2.0359250969 1.3862165248 2.8629111822 1.6580058631 2.1178544978 1.7100688492 2.8303644865 2.2448934525 3.1399163323 1.8637515072 3.2239002894 0.0 1.5012724964 1.9314616912 1.3581861863 2.1297055599 3.5682594254 2.5932912218 1.7373913778 2.0789551295 1.6718508337 1.822764713 2.3171537306 1.3538045056 1.8635678863 1.710751239 0.0 0.0 2.9620835423 0.0 7.2342019709 1.7011038749 1.8008966818 1.9460939768 1.5879210742 1.8500919082 3.9979906336 2.1363136888 1.5394937998 2.1697589129 1.5548199596 2.1863466652 2.060225804
3.5918029678 0.0 1.8751112527 0.0 0.0 5.8679357529 3.8216553149 5.4009156811 0.0 3.3830678544 3.7761813356 0.0 5.6122250775 3.4283530147 2.164089437 0.0 2.6620627054 4.6493018228 0.0 2.5020405967 1.800165354 0.0 0.0 2.6138226637 3.7984805485 4.6074162208 0.0 0.0 4.8895029282 0.0 3.7956333629 3.710552758 0.0 3.338918717 0.0 4.6951765298 0.0 3.4732829972 2.8045142214 0.0 3.6816269802 5.149465188 3.0565538981 5.2871989419 0.0 0.0 3.1675986518 2.2274263849 0.0 0.0 0.0 2.8493231892 3.4094880034 0.0 0.0 0.0 2.2202404252 3.0562527598 0.0 3.0598871085 1.9696704344 0.0 0.0 11.864096769 0.0 2.9534719364 0.0 2.604191777 3.0341521454 6.5567076988 0.0 2.5247710099 0.0 2.5499059237 0.0 3.3787718953
1.5918434654 0.7700094282 0.8310265405 1.7278046314 2.7487800955 2.6005978801 1.6937112349 2.3936202546 1.9076120512 1.4993345975 1.6735577194 1.6697202901 2.4872700134 1.5194044307 0.9590981632 0.0 1.1797938696 2.0605141183 1.0943389704 1.1088740139 0.7978114282 1.1392592068 1.5051493954 1.1584144688 0.0 0.0 1.8292477064 2.286559633 0.0 0.0 0.0 1.6444719306 1.0153657087 1.4797682358 0.0 2.0808452315 1.2050857936 1.5393168535 1.2429266519 2.0571893678 1.6316523771 2.282180449 1.3546275765 0.0 0.0 1.0911675272 1.403841263 0.9871683295 0.0 2.5935123857 1.8848777798 1.2627854424 0.0 1.2151487118 1.3248372093 0.0 0.9839835994 0.0 1.2434226322 1.3561048148 0.8729340218 2.152926522 1.3208423835 5.2580236398 1.2364106537 1.3089429026 1.4144764241 1.1541461767 1.3446993917 0.0 1.5527335182 1.118947857 1.5770424578 1.1300873457 1.5890989077 1.4974306806
8.7273544733 4.221611844 4.556140948 9.4727677731 15.070312366 14.257896605 9.2858491701 13.123132324 10.458570161 8.2201703816 9.1753566012 9.1543177201 0.0 8.3302041584 5.2582994663 8.468080282 6.4682737521 11.296862724 5.9997633664 6.0794524059 4.3740375783 6.2460406131 8.2520502766 6.3510602115 9.2295391766 11.195089186 10.028934063 0.0 11.88050281 4.9018045873 9.2226210917 9.0158924364 5.5667888537 8.1128969104 5.5238926907 11.40832898 0.0 8.4393749251 6.8144021135 11.278634628 8.945608649 12.512158502 0.0 12.846823657 15.513195015 5.982375784 0.0 5.4121954345 8.4865998671 14.219050059 10.33392848 6.923278839 8.2843659979 6.6621082888 7.263480484 9.2335564657 5.3947350065 7.426075827 6.8171213481 7.4349065589 4.7859006272 11.803517947 7.2415786695 0.0 6.778677856 7.1763392221 7.7549315718 6.3276591054 7.3723758057 15.931473073 8.5129324022 6.1346827107 8.6462072734 6.1957554658 8.7123073104 8.20973207
1.0325099652 0.0 0.0 0.0 0.0 0.0 0.0 1.5525626856 1.2373254628 0.0 0.0 1.083022845 0.0 0.9855241737 0.6220953458 0.0 0.0 1.3365016139 0.0 0.7192437538 0.0 0.738952359 0.976277997 0.0 0.0 0.0 1.1864963652 1.4831204565 0.0 0.0 1.0911036342 1.0666461199 0.0 0.0 0.0 0.0 0.7816491495 0.9984398751 0.806193688 1.3343450966 1.058331033 0.0 0.0 0.0 1.8353246101 0.0 0.9105669779 0.0 0.0 0.0 0.0 0.0 0.0 0.7881762129 0.0 0.0 0.0 0.0 0.0 0.0 0.0 1.3964426381 0.8567318038 0.0 0.8019672466 0.0 0.9174652126 0.0 0.0 1.8848099683 1.0071422635 0.0 0.0 0.0 1.0307297756 0.9712714431
11.23577644 0.0 0.0 12.195436921 0.0 18.355910632 11.954794051 16.894991654 13.46457928 0.0 0.0 11.785457745 17.556003731 10.72447692 6.7696433599 10.90198149 8.3273892514 14.543814444 7.7242193021 0.0 5.631226338 8.0412817173 10.623859999 0.0 0.0 0.0 12.911456892 16.139321115 15.295204747 0.0 0.0 11.607246175 0.0 10.44471108 0.0 14.687318405 8.5059083148 10.865025621 8.7730020541 14.520347216 11.516761375 0.0 9.5614254413 16.539266168 19.972007738 7.7018341694 9.9087924986 6.9677722086 10.925823987 18.305898785 0.0 8.9131721997 10.665463926 8.5769358382 0.0 11.887471343 6.9452932928 9.560483429 8.776502853 0.0 6.1614673355 15.196092844 9.3229579771 37.112931904 8.7270099071 9.2389673647 9.9838591085 8.1463590503 0.0 20.51050755 10.959725036 7.8979172533 11.131305859 0.0 0.0 0.0
1.7238815449 0.8338791291 0.0 1.8711202339 0.0 0.0 0.0 2.5921630311 2.0658420764 1.6236993765 1.8123737223 0.0 0.0 0.0 1.0386521409 1.6726680879 1.2776538163 0.0 0.0 0.0 0.0 0.0 0.0 1.2545010659 0.0 2.2113239128 1.9809776719 0.0 2.3467110911 0.0 1.8217096996 1.7808753649 0.0 1.6025100507 1.0911137728 0.0 1.3050436207 1.6669980266 1.3460232513 2.22782633 1.7669924724 2.4714796672 1.4669893931 2.537584818 3.0642631363 1.1816762159 1.52028519 0.0 1.676326192 0.0 2.0412220733 1.3675292619 1.6363796955 1.3159412242 1.4347280148 1.8238697229 1.0656017406 1.4668448621 0.0 1.4685891635 0.0 0.0 0.0 5.6941590754 0.0 1.4175153287 0.0 1.2498787333 0.0 0.0 1.6815275587 0.0 1.7078528434 0.0 0.0 0.0
4.4169681794 0.0 2.3058911666 4.7942264695 7.6271784742 7.2160098233 0.0 6.6416985888 0.0 4.1602791677 4.6437048324 4.6330569243 6.901553288 0.0 2.6612579438 4.2857479045 3.2736334276 5.7174122277 3.0365174182 0.0 2.2137275228 3.1611598589 4.1764137801 3.2143109284 4.6711269696 5.6659040094 5.0757056751 6.3446320939 6.0127960916 2.4808336764 0.0 4.5629990305 0.0 4.1059873992 0.0 5.7738259905 3.3438122023 4.2712199455 0.0 5.7081868751 0.0 0.0 3.7587533134 6.50185706 7.8513241273 3.027717455 0.0 2.7391456469 4.2951207813 7.1963493453 0.0 3.5039143216 4.192768967 3.3717342878 3.6760924823 0.0 2.7303088161 3.7583829929 3.4501873577 3.762852281 0.0 5.9738335751 3.6650078382 14.589702824 0.0 3.6319897496 3.9248189232 3.2024674836 3.7312050794 8.0630172441 4.3084478405 3.1048009344 0.0 0.0 0.0 0.0
4.7170818361 2.2817554403 0.0 5.119973176 8.1454118709 7.7063061096 5.0189448117 7.0929729403 5.652793351 0.0 4.9592242525 4.9478528656 7.3704836291 0.0 2.842078774 4.5769457179 3.4960624919 6.1058853661 3.2428354873 3.2859069269 2.3641406195 3.3759468364 4.4601828182 3.4327092884 4.9885096038 6.0508773898 5.4205776617 6.7757220771 6.4213392708 2.6493954673 4.9847704211 4.8730348445 3.0088154054 4.384971273 0.0 6.1661321972 0.0 4.5614306477 0.0 6.0960331912 4.8350468862 0.0 4.0141441507 6.9436297916 8.3847872401 3.2334376052 4.1599782055 2.9252586057 4.5869554406 7.6853097882 5.5854252829 3.7419899647 4.4776492684 3.6008288761 3.9258668779 4.9906809241 0.0 4.0137486686 0.0 4.0185216253 2.5867500841 6.3797294218 3.9140290808 15.581009279 3.6638340158 3.8787675576 4.1914931919 3.4200611334 3.9847241347 0.0 4.6011880152 3.3157585697 4.6732222698 0.0 4.7089489364 4.4373100858
0.175112042 0.0847055168 0.0914177541 0.1900685613 0.302381802 0.2860808963 0.1863180893 0.2633121533 0.2098484235 0.1649355284 0.1841010854 0.1836789458 0.2736141716 0.0 0.1055063777 0.1699097745 0.1297841893 0.2266685404 0.1203836533 0.1219825926 0.0877638985 0.1253251406 0.16557519 0.1274323309 0.1851882443 0.2246264815 0.2012278897 0.2515348621 0.2383791232 0.0983534029 0.1850494348 0.1809014794 0.111696135 0.1627831148 0.110835435 0.2289050812 0.1325664481 0.1693338091 0.1367291627 0.2263027985 0.1794912539 0.2510531264 0.1490169142 0.2577680935 0.3112681244 0.0 0.154430706 0.1085942593 0.170281365 0.2853014506 0.2073475214 0.1389137451 0.1662235963 0.1336734276 0.1457398005 0.0 0.1082439204 0.1490022327 0.1367837234 0.149179419 0.0960278208 0.2368344425 0.1453003464 0.5784131899 0.1360123649 0.1439913343 0.1556006356 0.1269627939 0.1479247561 0.3196607621 0.1708097203 0.123090774 0.1734838451 0.1243161825 0.1748101247 0.1647260864
9.1542811893 4.4281256148 4.7790192897 0.0 15.807525343 14.955367642 9.7400964571 13.765092703 10.970184881 0.0 9.6241987875 9.6021307216 14.303648312 0.0 5.5155261586 8.8823237641 6.7846902424 11.849485231 6.2932611587 6.3768484448 4.5880077459 6.551585852 0.0 6.6617428231 0.0 11.742733112 10.519531746 13.149414683 12.461675955 0.0 9.6737753731 9.4569339183 5.8391063001 0.0 5.7941117328 11.966404219 0.0 0.0 7.1477505898 11.830365448 0.0 13.124231125 7.7901137964 13.475267505 16.272073026 6.2750230066 0.0 5.6769504448 8.9017492944 0.0 10.839445949 7.2619533718 8.6896225028 6.9880068211 7.6187970785 9.6852456862 0.0 7.7893462975 7.1506028446 7.7986090132 0.0 12.380925129 7.595823866 30.237537763 7.110278765 0.0 8.1342890827 6.6371969762 7.7330193663 16.710812505 8.9293699704 6.4347805183 9.0691644123 6.4988408443 9.1384979459 8.6113376153
7.7796706182 3.763196479 4.0613998175 8.4441411591 13.433860935 12.70966358 8.2775196281 11.698120808 9.3228974758 7.3275605099 8.1790251995 8.1602708833 12.155806688 7.4256459656 4.6873125167 7.5485504301 5.7658984076 10.070161729 5.3482625142 5.4192982995 3.8990706445 0.0 7.3559786386 5.6614128225 8.2273242105 9.9794395516 8.9399145983 11.174893248 10.590425647 0.0 8.2211573449 8.0368768908 4.9623037331 7.2319356244 4.9240655682 10.169524114 5.8895053091 0.0 0.0 10.053912981 7.9742250623 0.0 6.6203471535 11.451815879 0.0 5.3327630104 6.8608646917 4.8244972667 7.5650590149 12.675035293 9.2117903553 6.1714955122 7.3847852682 5.9386848865 0.0 8.2309052712 4.8089328274 6.6196949026 0.0 0.0 4.2662104083 10.521800397 6.4552318778 25.697056845 6.0425964257 6.3970766356 6.9128409394 5.64055279 6.5718260462 14.201510131 7.588532159 5.4685312694 7.7073350108 5.5229722709 7.766257393 7.3182556712
9.6468729435 4.6664029977 0.0 10.470823365 0.0 15.760115785 10.264210923 14.505792166 11.56049039 9.0862516801 0.0 10.118821253 15.073327445 0.0 5.8123165509 9.3602814927 7.1497743379 0.0 6.6319014615 0.0 0.0 0.0 0.0 7.0202111195 10.201968081 12.374609431 0.0 13.856984519 0.0 5.4182611915 10.194321103 0.0 6.1533085358 8.9676758218 0.0 12.610316277 7.3030481888 9.3285517249 7.532370958 12.466957263 9.8881224893 13.830445835 0.0 14.200371478 17.147673069 6.6126819147 8.5075439838 0.0 9.3807523106 15.717176346 11.422716398 0.0 9.157210979 7.3640313792 0.0 10.206408633 0.0 8.2084909226 7.5353766926 8.2182520649 0.0 0.0 0.0 31.864619285 7.4928827747 0.0 8.5719950746 6.994344461 0.0 17.610021113 9.4098592548 6.7810359761 9.5571760338 6.8485433874 9.630240404 9.0747135828
2.0292593297 0.9815970289 1.0593807728 2.2025806836 3.5041056331 3.3152050599 2.1591189083 3.051352937 2.431796616 1.9113303453 2.1334274944 2.1285355944 3.170736313 1.9369150822 1.2226446495 1.9689736414 1.503984386 2.6267139888 1.3950477003 1.4135767663 1.0170386217 1.4523113765 1.9187429667 1.4767302311 2.1460258708 2.6030498989 2.3318988677 2.9148735847 2.7624203008 1.1397534868 2.1444172976 2.096349346 1.2943737134 1.8863874267 1.2843996211 2.6526318017 1.5362261698 1.9622991545 1.5844651558 2.6224756444 2.0800071622 2.9092910634 1.7268599002 2.9871064413 3.6070834313 1.3910047897 1.7895968055 1.2584280968 1.973279762 3.3061725727 2.4028152912 1.6097808585 1.9262569251 1.5490542343 1.6888835653 2.1469599593 1.2543682484 1.7266897662 1.5850974244 1.7287430626 1.1128038318 2.744520002 1.6837910185 6.7028534895 1.5761586544 1.66862173 1.803154357 1.4712890733 1.7142035919 3.7043402407 1.9794025273 1.4264187577 2.0103912165 1.4406192188 2.0257606068 1.9089032592
6.4160872389 3.1036014365 3.3495371231 6.9640925681 11.079238177 10.481974663 6.8266756605 9.6477302597 7.6888246894 6.0432208236 6.7454448633 6.7299777138 10.025195152 6.1241143306 3.8657428443 6.2254766897 4.7552793697 8.3051120461 4.4108446941 4.4694296674 3.2156602295 4.5919002826 6.0666579588 4.6691075172 6.7852782551 8.2302912168 7.3729692151 9.2162115189 8.7341865975 3.6036585836 6.7801922882 6.6282116288 4.0925349183 5.9643566097 4.0609989557 8.3870586686 4.857221046 6.2043733789 5.0097424798 8.2917113006 6.5765411125 9.1985607718 5.4599644347 9.4445964783 11.404832115 4.398061869 5.6583252116 3.9788825088 6.2390917289 10.453415856 7.5971918925 5.0897853578 6.0904155005 4.8977806628 5.3398913252 6.7882316447 3.9660461299 5.4594265072 5.011741579 5.4659185944 3.5184494952 8.6775896525 5.3237897731 21.192999883 4.9834790854 5.2758277031 5.7011913117 4.6519037313 5.4199478745 11.712337501 6.2584506128 4.5100333183 6.3564302702 4.554932162 6.4050250196 6.0355468924
0.68675545 0.0 0.3585226928 0.7454120162 1.1858827531 0.0 0.7307033929 1.032659172 0.0 0.6468451381 0.0 0.7203531843 1.0730616888 0.655503695 0.4137755407 0.666353166 0.5089884071 0.8889500326 0.4721213287 0.4783920586 0.3441929802 0.4915008832 0.6493537667 0.4997648745 0.72627236 0.8809414737 0.0 0.9864709211 0.934876666 0.0 0.0 0.7094604998 0.438050568 0.6384037895 0.0 0.8977213113 0.5198998861 0.6640943417 0.5362252449 0.0 0.7039298692 0.9845816471 0.5844154221 0.0 0.0 0.4707531 0.6056472632 0.4258856131 0.667810472 0.0 0.0 0.0 0.0 0.0 0.5715632181 0.7265884805 0.4245116522 0.5843578442 0.0 0.0 0.37660248 0.9288187277 0.0 2.2684242949 0.0 0.5647060729 0.6102355 0.4979234417 0.58013219 0.0 0.669882579 0.0 0.6803699775 0.4875439454 0.6855713888 0.6460237474
5.0558367387 2.4456185804 0.0 5.4876615212 8.7303706019 8.2597306773 5.3793778548 7.6023512892 6.058745914 4.7620203283 5.3153684931 5.3031804758 7.8997912711 4.8257639075 0.0 4.9056368144 3.7471304933 0.0 3.4757181165 3.5218827102 2.5339202106 3.6183887913 4.7804886448 3.6792276108 5.3467569575 6.4854181614 5.8098537696 0.0 6.8824845795 2.8396604944 5.3427492473 0.0 3.2248919979 4.6998758195 3.200041856 6.6089499359 3.8274598985 0.0 0.0 6.5338168044 5.1822733907 7.2484085334 4.3024179306 7.4422831361 8.9869365951 3.46564533 4.458724986 3.1353346078 4.9163653804 8.2372265154 5.9865398413 4.0107191261 4.7992094395 3.8594206237 4.207801069 5.3490842101 0.0 0.0 3.9492211151 4.3071097713 2.772516264 6.8378865398 4.1951131464 0.0 3.9269504464 4.1573193342 4.4925032056 3.6656711347 4.2708851307 9.229248922 4.9316200603 0.0 5.0088274193 3.5892581428 0.0 4.7559733184
4.3501766648 2.1042754008 2.271022461 4.7217302155 7.5118435247 7.1068923913 4.6285600633 6.5412656471 0.0 4.0973691953 4.5734847027 4.5629978077 0.0 4.1522158696 2.6210155329 4.2209406472 3.224130935 5.6309559512 2.9906004931 0.0 2.1802524766 3.1133581438 4.1132598269 3.1657054854 0.0 5.5802266183 0.0 0.0 5.921873146 2.4433195645 4.5970438332 4.4939992995 2.7747830163 0.0 0.0 0.0 3.2932484961 4.2066323738 0.0 0.0 0.0 0.0 3.7019150442 6.4035387424 0.0 0.0 3.8364058001 2.6977254513 4.2301717913 0.0 0.0 3.4509296192 4.1293676976 3.3207483557 3.620504175 0.0 0.0 3.7015503235 0.0 3.705952029 0.0 5.8834998041 3.6095871482 0.0 0.0 3.5770683451 3.8654694804 0.0 3.6747833828 7.9410917261 4.2432973244 0.0 0.0 3.0882933575 0.0 4.0921661868
5.9715957695 2.8885912112 3.1174890505 6.4816365752 10.311694552 9.7558080528 6.3537395885 0.0 7.1561609557 0.0 6.2781362704 6.2637406487 9.330673155 5.6998500592 3.5979332504 5.7941902718 4.4258447726 7.7297533703 4.1052717231 4.1597980669 2.9928868339 4.2737842052 5.64637413 4.3456427038 6.3152100983 7.6601159525 6.8621872075 8.5777340094 8.1291026435 3.3540055724 6.3104764752 6.1690246793 0.0 5.5511599783 3.7796624766 7.8060229231 4.5207241687 5.7745489488 4.6626792755 7.717280997 6.1209337752 8.5613060646 5.0817109097 0.0 10.614732106 4.0933744621 5.2663297174 3.7032348645 5.8068620931 9.7292277328 7.0708762639 4.7371769707 5.6684858049 4.5584739104 4.9699561835 6.3179588839 3.6912877597 5.0812102485 4.6645398817 5.0872525792 3.2746995697 8.0764266021 0.0 19.724798578 4.6382353474 4.9103307388 5.3062261546 0.0 5.0444666029 10.90093424 5.8248798389 4.1975887922 5.9160716955 4.2393771493 0.0 5.6174183652
4.4961984603 2.1749093304 2.3472535667 4.8802238991 0.0 7.3454484931 4.7839263169 0.0 5.3880940896 0.0 4.7270022491 4.7161633419 7.0253513287 0.0 0.0 4.3626243947 0.0 0.0 3.0909855779 3.1320401424 0.0 0.0 4.2513290668 0.0 0.0 5.7675373353 0.0 6.4584402453 6.1206518661 0.0 4.7513521858 4.6448487701 0.0 4.1796393981 2.8458243431 5.8773951893 3.4037925258 4.3478358374 0.0 5.8105786587 4.6086396465 6.4460711395 3.826176729 6.6184854668 0.0 0.0 3.965181918 0.0 4.3721653994 7.3254353512 5.3238806172 0.0 0.0 3.4322154695 3.7420331521 4.7569859219 2.7792842957 3.8257997658 3.5120758076 0.0 2.4656222109 0.0 0.0 14.851408639 0.0 0.0 3.995221175 3.2599124069 0.0 8.2076492849 4.3857315154 3.1604939439 0.0 3.1919576856 0.0 4.2295273793
3.8780623447 0.0 2.0245537982 0.0 0.0 6.3355982743 4.1262334554 5.8313576544 0.0 3.6526914681 4.0771352926 0.0 0.0 0.0 0.0 0.0 2.874223678 5.0198417034 0.0 0.0 0.0 0.0 3.6668575273 0.0 4.1012117073 0.0 4.4564285392 5.570535674 5.2791863473 2.1781519072 4.0981376068 0.0 2.4736424194 0.0 0.0 5.069372531 0.0 0.0 0.0 0.0 0.0 5.5598670694 0.0 0.0 6.8933990959 2.6583114426 0.0 0.0 0.0 0.0 4.5919549885 3.0764084408 0.0 0.0 3.2275794736 0.0 0.0 0.0 0.0 3.3037538753 0.0 0.0 3.2178472457 12.809641103 3.0121539604 0.0 0.0 2.8117405546 0.0 0.0 0.0 2.7259901142 3.8420040064 0.0 0.0 0.0
2.7469163451 1.328743391 1.4340357183 2.9815336032 0.0 4.4876427733 2.9227013687 0.0 0.0 2.587281226 2.8879240665 2.8813021232 4.2920819811 2.6219141243 0.0 2.6653103423 2.0358754705 3.5556636277 1.8884128184 0.0 1.3767190682 0.0 2.5973153554 1.9989827567 2.9049779174 0.0 3.1565857656 3.945732207 3.7393631091 0.0 2.9028004648 2.8377330582 1.7521350071 2.553517128 0.0 0.0 0.0 2.656275392 0.0 0.0 2.8156113849 3.9381754011 2.3375719486 0.0 0.0 1.8829401136 0.0 1.7034770557 2.6711393425 0.0 3.2525821126 0.0 0.0 0.0 0.0 0.0 1.6979814229 0.0 2.1456745129 2.3401211001 1.5063520909 3.7151322863 0.0 9.0733488517 2.1335745051 2.2587375782 2.4408482955 0.0 2.3204396779 5.0143974236 0.0 0.0 0.0 1.9501009168 2.7421802825 2.5839957895
1.6019176781 0.7748825448 0.8362858127 1.7387392941 2.7661761498 2.6170561417 1.7044301326 2.4087686282 0.0 1.5088233544 0.0 1.6802873576 2.5030110632 0.0 0.9651679553 1.5543275508 1.1872603665 2.0735543814 1.1012646536 1.1158916843 0.8028604937 1.1464691743 0.0 1.1657456631 1.6940943574 2.0548737113 1.8408243663 2.3010304579 2.1806823058 0.8997328397 1.6928245336 1.6548792102 1.0217915982 1.4891331642 1.0139179496 2.0940141629 1.2127123542 1.5490586439 1.2507926938 2.0702085897 1.6419785263 2.2966235596 1.3632005339 2.3580517998 2.847467857 1.0980731395 1.4127256765 0.9934157677 1.5577268456 2.6099258057 1.8968065027 1.2707771635 1.5206065463 1.222838957 0.0 1.6948317362 0.9902108826 1.3630662285 1.251291813 1.3646871212 0.8784585116 2.1665516304 1.3292015265 5.2912998065 1.2442354582 1.317226738 1.4234281437 1.1614503585 1.3532095172 2.9242433583 1.5625602179 1.1260292812 1.5870230002 1.1372392677 1.5991557511 0.0
10.365782629 5.0141553035 0.0 11.251135946 17.89953446 0.0 0.0 15.58680096 0.0 0.0 0.0 0.0 16.196630421 0.0 6.2454652703 10.057833649 0.0 13.417677 7.1261277481 7.2207771935 5.1951966527 7.4186398048 0.0 7.5433752365 0.0 13.296797027 0.0 0.0 14.110886641 0.0 10.954028027 10.708489209 6.6118688514 9.6359699975 0.0 13.550069351 7.8472900488 0.0 8.0937025382 13.396026856 10.625010709 14.861126089 8.8210777664 0.0 0.0 7.1054759114 9.1415479561 6.4282528674 0.0 16.888460592 12.273966487 8.2230192141 0.0 0.0 8.6270885474 10.967016351 6.4075145094 8.8202086947 8.0969322679 8.8306972623 0.0 14.019449039 0.0 34.239252345 8.0512715944 0.0 9.2108021073 0.0 8.7564273105 0.0 0.0 7.2863761487 10.269401275 0.0 0.0 9.7509844865
2.5352492632 1.2263554036 1.3235342986 2.7517877944 4.3778442184 4.1418418346 2.6974889514 3.8121989495 3.0381580553 2.3879150282 2.6653914578 2.6592797767 3.9613502244 0.0 1.5275075498 0.0 0.0 3.2816775102 1.7428988017 1.7660480366 1.2706342548 1.8144410097 2.3971759652 1.8449486349 0.0 0.0 2.9133510929 0.0 0.0 0.0 2.6791215366 0.0 0.0 2.3567526651 1.6046609447 3.3140578546 1.9192797135 0.0 1.9795469509 0.0 0.0 3.6347143595 2.1574474122 3.7319327763 4.5064992321 1.7378478031 2.235827583 1.572213496 2.4653113525 0.0 3.0019503212 0.0 0.0 1.9353064187 0.0 0.0 1.5671413361 2.1572348558 1.9803368739 0.0 0.0 3.4288581114 0.0 0.0 1.9691692474 2.084687723 0.0 1.8381507401 0.0 4.6280067451 2.4729608115 0.0 2.5116764406 1.7998334464 2.5308781438 2.3848827552
6.6253303399 3.2048168914 3.4587730964 7.1912073609 11.440557165 10.823815539 7.0493089775 9.9623645409 7.9395746341 0.0 6.9654290605 6.9494574923 10.352139417 6.3238355354 3.9918134524 6.4285035499 0.0 8.5759605139 4.5546923051 4.6151878668 3.3205301749 4.7416525254 6.2645053814 4.8213776624 0.0 8.4986996084 7.6134183992 9.516772999 0.0 0.0 0.0 6.8443725854 0.0 6.1588677542 4.1934373068 0.0 5.0156259984 6.4067120125 5.1731215007 8.5621227398 0.0 9.4985466211 0.0 9.752606108 11.776769457 4.5414926032 5.8428559808 4.108642857 6.4425626063 10.794325365 7.8449534846 0.0 6.2890377102 5.0575083559 5.5140372459 7.0096112154 4.0953878548 5.6374707402 5.175185795 5.6441745491 0.0 8.9605854566 5.4974105858 21.884151492 5.1460015977 5.4478843643 5.8871200412 4.8036128221 5.5967046201 12.094303289 6.4625528272 0.0 6.5637278225 4.7034787909 0.0 6.2323797128
2.7009649684 1.3065157071 1.4100466676 0.0 0.0 0.0 2.8738093986 0.0 3.2367462226 0.0 2.8396138634 2.8331026942 4.2202825336 0.0 0.0 2.6207240993 2.0018186341 3.4961832438 0.0 0.0 1.3536888304 1.9330413287 2.5538665564 1.9655430745 2.8563824315 0.0 0.0 0.0 3.676809736 1.5170235737 2.8542414041 2.7902624678 0.0 0.0 1.7095490612 3.5306801183 2.0447327788 2.6118402888 2.1089393637 3.4905419638 2.7685108536 3.8722962265 2.298468228 3.9758692921 4.8010650207 1.8514416333 2.381971692 1.6749806961 2.62645559 0.0 3.1981717822 0.0 2.5638677121 2.0618070641 2.247921337 2.8576257128 1.6695769962 2.298241778 0.0 0.0 1.4811533066 0.0 0.0 8.9215667009 0.0 2.2209526266 2.4000169321 1.9583008377 0.0 0.0 0.0 1.8985779877 0.0 1.917478947 0.0 0.0
0.7909277549 0.382589018 0.4129061495 0.8584817966 1.3657664945 1.2921402684 0.8415420571 1.1893007919 0.9478214094 0.7449635425 0.8315285255 0.8296218498 1.2358318706 0.7549354954 0.4765401708 0.7674306969 0.586195651 1.0237927541 0.543736293 0.550958215 0.3964027968 0.5660554862 0.7478526991 0.5755730227 0.8364388913 0.0 0.0 1.1361063548 0.0 0.4442323626 0.8358119309 0.8170768799 0.5044974194 0.7352417458 0.0 0.0 0.5987622665 0.7648292369 0.0 1.0221408093 0.8107073211 0.0 0.0 1.1642599626 1.4059033058 0.542160521 0.6975164597 0.4904871914 0.7691090582 1.28861975 0.9365255963 0.6274310738 0.750781353 0.6037621559 0.6582622867 0.8368029633 0.4889048176 0.6729976993 0.6178104143 0.0 0.4337284168 1.069709037 0.6562774065 2.6125161946 0.0 0.6503649974 0.7028006753 0.0 0.6681310656 1.4438102942 0.7714954782 0.0 0.7835736853 0.5614983298 0.7895640864 0.744017557
5.4947337545 2.6579226464 2.8685418398 5.9640452317 0.0 0.0 5.8463614639 0.0 0.0 5.1754111515 0.0 5.7635493929 8.5855718833 0.0 3.3106201493 0.0 4.0724187643 7.112493611 3.7774450882 3.8276172288 2.7538897381 3.9325009995 5.1954827018 3.9986212349 0.0 0.0 0.0 7.8927587228 7.4799528323 3.0861713256 5.8065531282 5.676396971 3.5048447628 5.10787188 3.4778373809 7.1826726557 0.0 5.3134221155 4.2903408386 0.0 5.6321463679 7.8776426322 0.0 8.0883474826 9.7670922561 3.7664978835 4.8457867508 3.4075128988 5.3431548923 8.9522998697 0.0 4.3588895174 5.2158286481 0.0 4.5730801371 5.8134380289 3.3965198306 4.6754500044 4.2920528661 4.6810098245 3.0131983068 7.4314832383 4.5592907763 18.149674012 4.2678488814 4.5182160846 4.8824972564 3.9838879216 0.0 10.030439708 5.3597338304 3.8623901742 0.0 3.9008415204 5.4852600756 5.1688392008
8.4675075094 0.0 0.0 0.0 0.0 13.833384096 0.0 0.0 10.147178237 0.0 0.0 8.8817584156 0.0 0.0 5.1017396342 8.2159529097 6.2756883242 0.0 5.8211272975 0.0 0.0 6.0600719219 0.0 6.1619646823 0.0 0.0 9.7303340604 12.162917575 0.0 4.755858981 8.9480281326 0.0 5.4010441041 0.0 5.3594251251 11.068659077 6.4102238873 0.0 0.0 0.0 0.0 12.139623342 0.0 12.464324225 0.0 5.8042574104 7.4674656743 0.0 0.0 13.795694161 10.026247619 6.7171461568 8.0377085076 6.46375166 7.0472186883 8.9586379185 0.0 0.0 6.6141493834 7.2135407485 4.6434059284 11.452081746 0.0 27.969053253 6.5768505021 6.9626719574 0.0 6.1392603172 7.1528717767 0.0 8.2594696094 0.0 0.0 0.0 8.4529083585 7.9652967192
0.0 0.9174463724 0.9901466878 2.0586346521 3.2751005829 0.0 2.0180132495 0.0 0.0 0.0 0.0 1.9894286576 2.9635180654 1.8103311883 0.0 1.8402946132 1.4056939645 0.0 0.0 0.0 0.9505717383 0.0 0.0 0.0 2.0057758859 2.4329318615 0.0 0.0 2.5818868735 1.0652667755 2.0042724383 0.0 1.209782052 1.7631056845 1.2004598001 2.4792734208 1.4358286396 1.8340563264 1.4809150462 0.0 0.0 2.7191591394 1.6140038166 2.7918890214 3.3713484367 1.3000979635 1.6726406548 1.1761856019 1.8443193144 3.0901031115 2.2457832568 1.5045762828 1.8003695775 1.4478183471 0.0 0.0 0.0 1.6138448015 0.0 1.6157639081 1.0400783708 2.5651564192 0.0 0.0 0.0 0.0 0.0 0.0 1.6021746405 0.0 0.0 0.0 0.0 1.3464699234 1.89337036 1.7841500318
2.8460842954 0.0 1.485806637 3.0891716013 4.9145911838 0.0 3.0282154315 0.0 3.4106523779 2.6806861003 0.0 0.0 0.0 0.0 1.7147880927 0.0 2.1093737398 3.6840286121 0.0 0.0 0.0 0.0 0.0 0.0 3.0098521361 0.0 0.0 4.0881792734 0.0 1.5985312729 0.0 2.940179633 0.0 2.6457030659 0.0 0.0 2.1545936056 0.0 2.2222499266 0.0 2.9172593329 0.0 0.0 4.1894875665 0.0 0.0 0.0 1.7649752255 0.0 0.0 0.0 0.0 0.0 2.17258527 2.3686992202 0.0 1.7592811919 0.0 0.0 0.0 1.5607337431 3.8492543371 0.0 9.4009108502 2.2105998614 2.3402815161 0.0 0.0 2.4042111575 5.1954249657 2.7761589485 0.0 2.8196213195 0.0 0.0 0.0
0.0 0.0 0.0 0.0 1.114127839 0.0 0.0 0.9701754484 0.7731879665 0.0 0.6783217211 0.0 1.008133306 0.0 0.0 0.6260337381 0.0 0.8351618035 0.4435544023 0.0 0.3233666905 0.4617613465 0.0 0.0 0.0 0.0 0.74142555 0.0 0.0 0.3623837927 0.0 0.6665327508 0.4115451813 0.5997755112 0.0 0.0 0.4884419941 0.0 0.5037795446 0.8338142249 0.6613367653 0.9250069789 0.5490538501 0.9497483218 1.1468695551 0.0 0.5690010035 0.4001162987 0.0 0.0 0.7639733753 0.5118286539 0.6124519892 0.0 0.536979302 0.0 0.3988254728 0.0 0.0 0.5496526002 0.0 0.8726181397 0.5353601304 2.1311673949 0.0 0.0 0.0 0.0 0.545029786 0.0 0.0 0.0 0.639202426 0.4580438335 0.6440891125 0.0
0.0 0.0 1.8032626762 0.0 0.0 0.0 0.0 5.1939689719 4.1393691357 0.0 3.6314895191 0.0 5.3971816331 0.0 0.0 0.0 0.0 0.0 0.0 2.4061699892 1.7311884771 0.0 0.0 2.5136689064 3.6529342937 4.4308740044 0.0 4.9616557862 4.7021520047 1.9400719511 0.0 0.0 0.0 0.0 0.0 0.0 2.6149420354 0.0 2.6970537418 4.4639402284 3.5405581998 4.9521532991 2.9394360226 0.0 6.1399254062 2.3677482961 0.0 0.0 3.3588883582 5.6277192815 0.0 2.7401457659 0.0 2.6367777818 2.8747932529 3.6545242857 0.0 0.0 0.0 0.0 0.0 4.6716823743 0.0 0.0 0.0 0.0 0.0 2.504407046 0.0 6.3054745448 3.3693104409 0.0 0.0 2.452201262 0.0 0.0
8.9872552918 4.3473315426 0.0 9.754867017 0.0 14.682497097 0.0 0.0 10.770026623 8.4649672461 0.0 9.426933514 14.042668815 0.0 5.4148917463 8.7202599091 0.0 0.0 0.0 6.2604986394 0.0 0.0 0.0 0.0 0.0 0.0 0.0 12.90949494 12.234304459 0.0 0.0 0.0 5.7325679548 8.3544991684 0.0 0.0 0.0 0.0 0.0 0.0 0.0 12.884770873 0.0 0.0 15.975178323 6.1605310735 7.9258294513 5.57337074 8.7393310079 0.0 10.641673109 7.1294542433 8.5310746094 6.8605060281 0.0 0.0 5.55539034 0.0 7.0201353799 0.0 0.0 12.155026985 0.0 29.685833945 0.0 0.0 0.0 6.5160969402 0.0 0.0 8.7664477264 0.0 0.0 6.3802652071 0.0 0.0
1.8367277112 0.8884652828 0.9588690778 1.99360472 0.0 3.0006657663 1.9542665014 2.7618473469 2.2010731537 1.7299875669 1.9310126318 0.0 2.8699038933 0.0 1.1066428404 1.7821617951 1.3612896876 2.3774971991 0.0 1.279459742 0.9205442559 1.3145192985 1.7366968952 1.3366213463 1.9424157022 2.3560783054 0.0 2.6383168524 0.0 1.0316162072 1.9409597468 1.8974523757 1.1715664101 1.707411177 1.1625386375 2.4009559874 0.0 1.7761205687 0.0 2.3736609793 1.882660702 0.0 0.0 0.0 3.2648513661 1.2590293445 1.619803835 0.0 1.7860593606 2.9924902615 2.1748415127 0.0 1.743497946 1.4020834087 1.5286460434 1.9432611664 1.1353565747 1.5628652759 1.4347069011 0.0 1.0072234756 2.4841260394 0.0 0.0 0.0 1.510306606 0.0 0.0 1.5515637621 3.3528806654 0.0 1.2910833138 0.0 0.0 1.8335609393 1.7277907573
0.0 5.1794721081 0.0 0.0 0.0 0.0 0.0 0.0 0.0 10.085281354 11.257194018 0.0 0.0 0.0 6.4513783901 0.0 0.0 0.0 0.0 7.4588463677 0.0 7.6632325133 0.0 0.0 0.0 0.0 0.0 15.380554327 14.576122867 6.0139968043 0.0 11.061548321 0.0 9.9536681286 0.0 13.99681542 0.0 0.0 0.0 0.0 10.975317533 0.0 9.1119088837 15.761696543 19.033052744 0.0 9.4429449823 6.6401924981 0.0 0.0 0.0 8.4941323286 0.0 0.0 0.0 0.0 0.0 9.1110111587 8.3638882931 9.1218455346 0.0 0.0 0.0 35.368121206 8.3167221862 0.0 9.5144824443 0.0 0.0 19.546235768 10.44446945 7.5266081218 0.0 0.0 0.0 0.0
2.2328701242 1.0800880142 1.165676384 2.4235821083 3.8556988087 3.6478444254 0.0 3.357518042 2.6757969928 2.1031084411 2.3474902614 2.3421075204 3.4888800466 2.1312602864 1.3453217488 0.0 1.6548904093 2.8902718862 1.5350232896 1.5554115156 1.1190857276 1.5980326595 2.1112648263 1.6249016408 2.3613527273 2.8642334007 2.5658757548 3.2073446935 3.0395946293 1.2541134947 2.3595827539 0.0 1.4242479273 2.0756628125 1.4132730596 2.9187902274 1.6903672529 2.1591913328 1.7434464178 2.8856082768 0.0 3.2012020361 1.9001286939 3.2868252139 3.969009141 1.5305747235 1.969160463 1.3846956176 2.171273707 3.6379056411 2.6439077545 1.7713022347 2.1195327165 1.7044824532 1.8583419088 0.0 1.3802284141 1.8999414891 1.7441421267 1.9022008081 1.2244597788 3.0198982595 1.8527383886 7.3754010068 1.7343064628 1.8360470517 1.9840783453 1.6189145308 1.8862024834 4.0760244549 2.1780108151 1.5695420403 2.2121088318 1.5851673401 2.2290203481 2.1004378272
3.9641830749 1.9175618765 2.0695133775 4.3027684728 6.8453134794 0.0 4.2178653599 0.0 4.7505446177 3.7338073524 0.0 0.0 6.1940724098 3.7837874508 0.0 3.8464142408 2.9380520077 5.1313181043 2.7252428514 2.7614396099 1.9867974642 2.8371081477 0.0 2.8848106806 4.1922879499 5.0850900133 0.0 5.6942414211 5.3964220549 0.0 0.0 4.0952442473 2.5285749791 3.6850810539 2.5090904671 5.1819488707 0.0 3.8333755485 3.095272182 0.0 4.0633195901 5.6833358972 3.3734420676 5.8353491956 0.0 2.7173449759 3.4959993841 2.4583547746 3.8548263004 6.45864881 4.693929243 3.1447267187 3.7629666098 0.0 3.2992548301 0.0 2.4504238108 3.3731097088 3.0965073265 3.3771208485 0.0 5.361453601 3.2893064771 13.094106784 3.0790453291 0.0 3.522484228 0.0 0.0 7.2364742497 3.8667871976 0.0 0.0 2.8142673738 3.9573482765 3.7290660097
8.1851684145 3.9593446135 4.273091129 8.8842729847 14.134070657 13.372126148 0.0 12.307858988 9.8088324939 7.7094930859 8.6053384533 8.5856066107 12.789400713 7.8126910248 4.9316281168 7.9420016075 6.0664328663 10.595046212 0.0 5.7017670088 4.1023009137 5.8580059397 7.7393924454 5.9565012056 8.6561549414 0.0 0.0 11.757359371 11.142427714 4.5972804479 8.6496666418 8.4557809844 5.2209526306 7.6088839688 5.1807213876 0.0 6.196482499 7.9150795682 6.3910580364 10.577950535 8.3898635705 11.734841857 6.9654178273 12.04871597 14.549439265 5.6107212628 7.2184718001 5.0759633127 7.9593706652 13.335692939 9.6919341651 6.4931708058 7.7697005557 6.248225451 6.8122374563 8.6599226568 5.0595876122 0.0 6.3936083389 6.9730137028 4.4885770102 11.070225527 6.7916962899 27.036458015 6.357553145 6.7305098369 7.2731571925 5.934553891 0.0 14.941731838 7.984067294 5.7535661363 8.1090624767 5.8108447523 8.1710560552 7.6997032534
0.0 0.4667137611 0.5036971083 1.0472471746 1.6660750505 1.5762596838 0.0 1.4508075757 1.1562310313 0.9087682093 1.0143673429 1.012041422 1.5075700381 0.0 0.5813231561 0.0 0.7150899899 1.2489071677 0.6632945496 0.672104448 0.4835649522 0.6905213493 0.9122926418 0.7021316284 1.0203574137 0.0 0.0 0.0 1.3134305937 0.5419114167 0.0 0.9967380291 0.6154277227 0.8969087568 0.6106854038 1.261230147 0.7304197879 0.9330020283 0.753355675 1.2468919887 0.9889679138 1.3832623108 0.8210592079 1.4202606987 1.715037256 0.6613722923 0.8508883293 0.5983368866 0.0 1.571965064 1.1424514632 0.7653923728 0.9158652563 0.0 0.8030028389 1.0208015388 0.0 0.8209783153 0.7536562958 0.8219545832 0.5290978339 1.3049196513 0.8005815177 0.0 0.749406235 0.7933690716 0.857334453 0.6995445553 0.8150415926 0.0 0.9411340612 0.0 0.9558680583 0.6849621527 0.9631756455 0.907614218
1.7719922611 0.0 0.9250737466 1.9233401413 3.0598593157 2.894907331 0.0 2.6645060644 2.1234963521 1.6690141722 1.8629541106 0.0 2.7687541589 1.6913553068 1.0676392244 1.7193495202 1.313311046 2.2937023338 1.2181852228 1.234365196 0.8880996827 1.2681890787 1.6754870303 1.2895121402 1.8739552799 2.2730383488 0.0 0.0 0.0 0.9952569041 0.0 1.8305766855 1.1302745635 1.6472334869 1.1215649747 2.3163343173 1.341465255 1.7135212168 1.3835885601 0.0 1.8163063441 2.5404546251 1.5079306693 2.6084046625 3.1497817119 1.2146548676 1.5627138648 1.0988860891 1.723109716 0.0 2.098189245 1.4056947683 1.6820483781 1.3526669928 0.0 0.0 1.0953409434 1.5077821047 1.3841406705 1.5095750866 0.9717238941 0.0 1.4703220088 5.8530737481 1.376335147 1.4570758646 1.5745526062 1.2847608058 1.4968789126 3.2347084194 1.7284562444 0.0 0.0 1.2579792388 1.7689371021 1.6668947891
2.9641000659 1.433799897 1.5474171154 3.2172672333 5.1183796894 4.842456256 3.1537834542 4.4570525359 3.5520785363 2.7918434669 3.1162565001 3.1091109959 4.6314335366 2.8292146 1.7858935193 2.8760419207 2.1968410603 3.8367905931 2.0377193391 2.0647843894 1.4855687498 2.1213632894 2.8026709404 2.1570314405 3.1346587062 3.8022249121 3.4061598171 4.2576997714 4.0350141925 0.0 3.1323090943 3.0620971621 1.8906667832 2.7554098256 1.8760978185 3.8746482438 2.2439360137 0.0 2.3143977726 3.8305997249 0.0 0.0 2.5223910365 4.3632089156 5.2687973782 0.0 2.6140296271 1.8381617125 2.8823317882 4.8292626758 3.5097460727 0.0 2.813646435 2.2626737207 2.4669197347 3.1360231113 0.0 2.522142525 2.3153213152 0.0 1.6254511499 4.0088675704 2.4594811495 9.7907291487 2.3022646257 2.4373236616 0.0 2.149083646 2.5039042104 5.4108585288 2.8912751936 0.0 2.9365397759 2.1042847796 2.9589895486 2.7882982689
0.0 0.0 2.0029574585 4.164390672 6.6251669782 0.0 4.0822180583 0.0 0.0 0.0 0.0 0.0 5.9948699374 0.0 0.0 3.7227128735 0.0 0.0 2.6375985557 0.0 1.9229017038 0.0 0.0 0.0 0.0 0.0 0.0 0.0 0.0 0.0 0.0 3.9635404627 0.0 0.0 2.4283976706 5.0152964717 2.9045228532 0.0 0.0 4.958280617 0.0 5.5005588021 0.0 5.6476833257 0.0 2.6299546772 3.383567421 0.0 3.7308543997 0.0 4.5429716422 3.0435917471 3.6419489332 2.928776708 0.0 4.0592292914 0.0 0.0 2.9969230992 3.2685120403 0.0 0.0 0.0 12.672997977 0.0 0.0 3.4092005075 2.7817471287 3.2410224521 7.0037479484 3.7424306323 0.0 3.8010205444 0.0 3.8300792508 0.0
0.0 2.2234871299 0.0 4.9892263917 7.9374056232 0.0 0.0 6.9118424204 5.508440143 4.3294939763 4.8325824516 4.8215014515 7.1822664256 4.3874478326 2.7695017023 4.4600660168 0.0 5.9499617217 3.1600244457 0.0 2.3037684705 3.2897365814 0.0 3.3450495126 0.0 5.8963584629 0.0 0.0 0.0 2.581738875 0.0 4.7485940293 2.9319804445 0.0 2.9093873995 6.0086700527 3.4798181093 0.0 3.58908776 5.940361138 4.711576155 6.5900476939 3.9116364966 0.0 8.1706681558 3.1508665536 4.0537464433 2.8505574026 4.4698201251 7.4890529903 0.0 3.6464322073 0.0 3.5088758951 0.0 0.0 2.8413611434 0.0 0.0 3.9159021853 0.0 0.0 0.0 0.0 3.5702720968 0.0 0.0 3.3327243486 3.8829677683 0.0 4.4836892478 3.2310853193 4.5538839915 0.0 0.0 4.3239962061
2.463431148 1.1916154137 0.0 2.6738356122 0.0 0.0 2.6210749376 3.7042076183 2.9520936244 2.3202705725 2.5898866965 2.583948146 3.8491337608 2.3513293125 1.4842365726 2.3902469866 1.8257705796 3.1887147011 1.6935262573 0.0 1.2346399411 1.7630418296 2.3292691673 1.79268524 2.6051805687 3.1599875416 2.8308221727 3.5385277159 0.0 1.3836103643 2.6032278319 2.5448754629 1.5713124864 2.2899909716 1.5592043791 3.2201777805 1.8649106803 0.0 1.9234706775 3.1835695382 2.5250367739 3.5317507818 0.0 3.6262152117 0.0 1.6886183426 2.1724914349 1.5276760963 2.3954744267 4.0135473948 0.0 1.9542028218 0.0 1.8804833837 2.0502300121 2.6063145108 1.5227476197 2.0961250693 0.0 2.0986176803 1.350894674 3.331725995 2.0440478853 8.1369679197 1.9133869518 2.0256330395 2.1889497033 1.7860799148 2.0809674055 4.4969053477 2.4029071931 1.7316093347 2.4405260924 1.7488480669 2.459183853 2.3173241972
0.0 0.9080314975 0.0 2.0375088532 0.0 0.0 0.0 2.8226700931 0.0 0.0 1.9735383315 0.0 2.9331063133 0.0 0.0 0.0 1.3912686715 0.0 0.0 1.307636627 0.9408169295 0.0 0.0 0.0 1.9851925259 0.0 2.1571353199 2.6964191499 0.0 1.0543349613 0.0 0.0 1.1973672157 0.0 0.0 2.4538310085 1.4210941033 0.0 1.4657178311 2.4259348964 0.0 0.0 0.0 2.7632385341 3.3367515115 1.2867563013 0.0 0.0 0.0 0.0 0.0 1.4891362551 0.0 0.0 1.5623106304 1.9860566094 0.0 1.5972834555 1.4663027145 0.0 0.0 0.0 1.5575997431 0.0 1.4580338582 0.0 0.0 0.0 1.5857330542 3.4267194349 0.0 0.0 0.0 0.0 0.0 0.0
4.624114662 2.236785189 2.4140325942 0.0 0.0 7.5544254497 0.0 6.9531802308 5.541384594 0.0 4.8614847854 4.8503375129 7.2252215669 4.4136879399 2.786065323 0.0 0.0 5.9855467907 3.1789236745 3.2211462354 2.31754667 3.3094115825 4.3722787693 0.0 4.8901929629 0.0 5.3137455555 0.0 0.0 2.5971795384 4.8865274743 0.0 2.9495158054 4.2985495398 0.0 6.0446062399 3.5006299352 4.4715311437 3.6105530974 5.9758887886 4.7397547837 0.0 0.0 6.8067804295 8.2195346533 3.1697110116 4.0779907752 0.0 0.0 0.0 5.4753442576 3.6682405059 4.3894009798 0.0 3.8484934588 0.0 0.0 0.0 0.0 3.939322109 2.5357688093 0.0 3.8368889684 0.0 3.5916249029 3.8023224011 0.0 3.3526564476 3.9061907203 8.4411557304 4.5105049483 0.0 4.5811195072 0.0 4.6161420505 0.0
0.9985179887 0.0 0.0 0.0 1.724231328 0.0 0.0 0.0 1.1965906133 0.9404898153 0.0 1.0473678989 1.5601935147 0.953079049 0.6016149136 0.9688537938 0.7400510335 1.2925017175 0.0 0.6955650315 0.5004443464 0.714624796 0.9441372721 0.0 1.0559741699 1.2808575579 1.1474348956 1.4342936195 1.3592774084 0.5608274618 1.0551826549 0.0 0.0 0.9282163948 0.0 1.3052548447 0.7559159358 0.9655695437 0.7796524266 0.0 0.0 0.0 0.8497192296 0.0 1.774902616 0.6844582575 0.0 0.619222528 0.0 1.6268363236 1.1823300535 0.7921092792 0.0 0.7622281173 0.8310325822 0.0 0.0 0.0 0.0 0.8506458591 0.0 0.0 0.828526742 0.0 0.0 0.0 0.8872607042 0.0 0.8434915625 0.0 0.9739854347 0.0 0.0 0.7088715492 0.996796406 0.9392955425
0.0 1.0066082487 0.0 0.0 3.5933906997 0.0 0.0 3.1291018061 0.0 0.0 2.1877875041 2.1827709578 0.0 1.9862679301 0.0 0.0 0.0 2.6936430024 0.0 0.0 0.0 1.489316459 1.9676327867 0.0 2.2007068887 2.6693759483 0.0 0.0 0.0 0.0 0.0 0.0 0.0 1.9344528233 0.0 2.7202212045 1.5753694121 0.0 0.0 0.0 2.1330060148 0.0 1.7708605147 0.0 0.0 0.0 0.0 1.2904930081 2.0235591866 3.3904142792 2.4640393369 1.6507982838 1.9753382018 0.0 0.0 2.2016647779 0.0 0.0 1.6254859127 1.7727916603 1.1411582179 2.8144507281 1.7266942323 0.0 0.0 1.7111384284 1.8490989642 0.0 0.0 0.0 0.0 0.0 2.0616162458 1.4773263836 0.0 0.0
4.1301423246 1.9978399879 2.1561528896 4.4829024913 0.0 6.7474218459 4.3944449369 0.0 0.0 3.8901219966 0.0 0.0 6.4533852595 3.9421944958 2.4884431185 4.0074431362 3.0610526102 0.0 2.8393342671 0.0 2.0699741012 2.955882768 3.9052088713 0.0 4.3677967369 5.2979756716 0.0 0.0 0.0 2.3197351104 4.3645228151 0.0 2.6344329576 0.0 2.6141327327 5.3988894939 3.1266741668 3.9938585832 0.0 0.0 4.2334291581 0.0 3.5146701351 6.0796442133 7.3414805735 2.8311057495 3.6423582742 2.5612730068 4.0162073639 6.7290380656 0.0 3.2763796916 0.0 3.1527830684 3.4373770726 4.369697883 0.0 0.0 0.0 3.5185029269 0.0 5.585909132 3.4270122351 0.0 3.2079485718 3.396138251 3.6699518975 0.0 3.4889108081 7.5394269172 4.0286690003 0.0 0.0 2.9320857724 0.0 0.0
8.6132594151 4.1664215741 0.0 9.3489277259 14.873294109 14.071499279 9.1644527602 12.951570077 10.321842453 8.1127058778 0.0 0.0 0.0 8.2213011534 0.0 8.3573747853 6.3837122654 0.0 0.0 5.9999740854 4.3168546057 6.1643844401 8.1441689983 6.268031089 9.1088789224 11.048732767 9.8978231037 12.37227888 11.725185794 4.8377219742 9.1020512795 0.0 5.494012722 8.0068348216 0.0 11.25918482 6.5205636002 0.0 6.7253155973 11.131185997 8.8286602951 12.348583681 0.0 12.678873667 15.310386834 5.9041665724 7.5960037773 0.0 8.3756522588 14.033160583 10.198830246 6.832768948 8.1760622476 6.5750127509 7.1685230452 9.1128436924 0.0 7.3289927354 6.7279992827 7.3377080208 4.7233332579 0.0 0.0 28.450486875 0.0 0.0 7.6535492605 6.2449359118 7.275994749 15.72319663 8.4016405416 6.0544823496 8.5331730745 6.114756684 8.5984089678 0.0
0.0 1.7659561009 1.9058940521 0.0 6.3041110954 0.0 0.0 0.0 0.0 0.0 0.0 0.0 0.0 0.0 0.0 0.0 0.0 0.0 0.0 0.0 1.8297178027 0.0 3.451941834 2.6567325331 3.8608383764 0.0 0.0 0.0 0.0 2.0504897268 0.0 0.0 2.3286614454 0.0 0.0 0.0 2.7637695481 0.0 2.8505545823 4.7180021204 0.0 5.2340014809 3.1067318732 5.3739963436 0.0 0.0 0.0 0.0 3.5500570316 0.0 4.3228190368 0.0 0.0 2.78684806 3.0384100075 3.8625188616 0.0 3.1064257912 0.0 0.0 0.0 0.0 3.0292481887 0.0 2.8356106526 3.0019576645 3.2439905012 2.6469435407 3.0839623616 0.0 3.5610722795 2.5662189611 3.6168229218 2.5917665027 0.0 3.4342395682
1.2687455801 0.6137199291 0.6623523438 1.3771105872 2.1908577524 2.0727522132 1.3499371578 1.9077850206 1.520422335 1.1950133195 1.3338742192 1.3308156764 0.0 1.2110095608 0.7644291552 1.2310534037 0.9403300575 1.6422897334 0.8722200154 0.8838048681 0.6358789324 0.9080227514 1.1996478827 0.9232900528 1.341751051 1.6274943304 1.457963671 1.8224545887 1.7271368404 0.7126034497 1.3407453293 1.3106919989 0.8092760269 0.0 0.8030399656 1.6584942224 0.9604884573 1.2268803414 0.9906487228 1.6396398104 1.3004744416 1.8189642516 1.0796776113 1.8676164447 2.2552421435 0.8696922828 1.1189023521 0.7868018948 1.2337457021 2.0671048679 1.5023024588 1.0064767569 1.2043458045 0.968508896 1.0559338215 1.3423350674 0.7842635722 1.0795712391 0.9910440336 1.0808550133 0.6957538262 1.7159451092 1.0527498291 4.1907979007 0.9854552826 0.0 1.1273788851 0.9198880998 1.071764559 2.316049624 1.2375738137 0.8918340144 1.2569487462 0.9007125111 1.2665580877 1.1934958423
5.5165544364 2.6684777865 2.8799333906 0.0 9.5259335227 9.0124061091 5.8695785294 0.0 6.6108546176 5.1959637397 5.7997362567 5.7864375952 0.0 5.2655160102 3.3237672811 5.352667408 4.0885911501 0.0 0.0 0.0 2.7648259826 0.0 0.0 4.014500556 5.8339850233 7.0764077597 6.3392819514 0.0 7.5096572144 3.0984271264 5.8296121068 5.6989390737 3.5187631992 0.0 0.0 7.211196479 0.0 5.3345227727 0.0 7.1292167729 5.6545127426 7.9089263197 4.6944796576 8.120467921 0.0 3.7814553966 4.8650303348 0.0 5.3643736243 8.9878512351 6.5320687013 0.0 5.2365417422 0.0 4.5912407489 5.8365243488 3.4100080871 4.6940171473 4.3090974626 0.0 3.0251643173 0.0 4.5773966278 18.221749981 4.2847973591 0.0 4.9018866252 0.0 4.6600734028 10.070272581 5.3810184006 3.8777284946 5.4652613502 3.9163325388 0.0 0.0
0.0 5.1896018961 0.0 11.644816106 0.0 0.0 0.0 16.132187162 12.856657017 0.0 0.0 11.253347383 0.0 0.0 6.4639957175 10.409759853 7.9514097858 0.0 0.0 7.4734340574 0.0 0.0 10.144195474 7.8073198895 0.0 13.762055398 12.328507961 0.0 0.0 0.0 0.0 0.0 6.8432198547 9.9731350831 0.0 0.0 0.0 10.374472531 0.0 0.0 10.996782585 0.0 9.1297295617 15.792522588 19.070276766 7.3540983535 0.0 6.6531790999 10.432525867 17.479392201 12.703435752 8.5107447859 10.183920995 8.1896894089 0.0 11.350755094 6.6317151014 9.128830081 8.3802460248 9.1396856463 5.8832786828 14.509993192 0.0 35.437292651 8.3329876725 0.0 9.5330904583 0.0 9.0628169697 19.584463452 10.464896293 7.541328337 10.628730285 0.0 10.709986661 0.0
1.4328525524 0.0 0.748024869 1.5552341232 0.0 2.3408541048 0.0 2.1545490908 1.7170826503 0.0 1.5064053105 0.0 0.0 1.3676486187 0.0 0.0 1.0619578457 1.8547130907 0.0 0.0 0.7181272317 0.0 1.3548173547 0.0 1.5153009777 0.0 0.0 0.0 1.9505348187 0.8047757468 0.0 0.0 0.9139525204 0.0 0.0 1.8730135631 1.0847236507 1.3855722188 0.0 1.8517204112 1.4686854103 0.0 0.0 2.1091848764 0.0 0.9821833681 0.0 0.0 1.3933255854 0.0 1.6966190435 1.136660346 1.3601229332 1.0937814999 1.1925144765 0.0 0.8857048086 1.219209296 0.0 0.0 0.0 0.0 1.1889186479 4.7328602067 1.1129198313 1.1782076691 1.2732006624 1.0388718056 0.0 2.6156210253 1.3976488474 0.0 1.419529847 0.0 1.4303821169 0.0
0.6283359111 0.3039397944 0.3280246016 0.0 1.0850044513 1.0265136453 0.6685453784 0.9448149873 0.0 0.5918206098 0.660590339 0.6590756206 0.9817806236 0.599742618 0.0 0.0 0.4656907994 0.8133306095 0.431959856 0.4376971599 0.3149138603 0.4496908693 0.5941158395 0.4572518759 0.6644912758 0.8060033067 0.7220446289 0.9025557862 0.8553504479 0.3529110524 0.6639932003 0.6491095333 0.4007873586 0.584097333 0.397699 0.8213557507 0.0 0.6076024928 0.4906107084 0.8120182568 0.6440493713 0.9008272252 0.5347015401 0.9249218274 1.1168902964 0.430708017 0.0 0.3896572277 0.0 1.0237168436 0.7440030524 0.0 0.596442447 0.0 0.5229426216 0.6647805051 0.3884001442 0.5346488601 0.4908064829 0.5352846388 0.3445664136 0.8498078343 0.5213657753 2.0754585148 0.4880386995 0.5166687864 0.5583252073 0.4555670864 0.5307826654 1.1470047057 0.6128983478 0.4416735292 0.6224936253 0.4460705323 0.6272525734 0.5910690916
0.2630141621 0.0 0.0 0.2854785017 0.0 0.4296867671 0.2798453811 0.3954886516 0.0 0.2477292783 0.2765154934 0.0 0.4109620404 0.0 0.1584680939 0.0 0.1949327951 0.3404508082 0.0 0.1832149806 0.0 0.0 0.0 0.1914003591 0.0 0.0 0.3022395501 0.3777994376 0.3580398277 0.1477244943 0.0 0.0 0.0 0.0 0.1664722124 0.3438100397 0.0 0.0 0.2053639814 0.3399014725 0.2695916352 0.0 0.2238198948 0.3871616044 0.4675173904 0.0 0.2319512826 0.1631060193 0.255758599 0.4285160582 0.3114310927 0.2086451729 0.249663926 0.0 0.2188977472 0.2782694486 0.1625798186 0.0 0.2054459304 0.2240639732 0.1442315248 0.3557197536 0.2182376976 0.8687629858 0.0 0.2162715922 0.2337084893 0.1906951256 0.0 0.4801229346 0.2565521762 0.0 0.0 0.0 0.2625606894 0.0
3.7771354926 0.0 1.9718646397 4.0997449431 6.5223215004 6.1707138724 4.0188479323 5.679596151 4.5263930413 0.0 0.0 3.9619220781 0.0 3.605251727 2.2757537356 0.0 2.7994217995 0.0 2.5966539147 2.631142751 0.0 2.7032409145 0.0 2.7486926323 3.9944773769 4.8451531146 4.3404496652 5.4255620815 5.141795142 2.1214653468 0.0 3.9020126228 0.0 0.0 0.0 0.0 2.859434625 0.0 2.949223635 0.0 0.0 0.0 0.0 0.0 6.7139978874 2.5891286956 3.3310427663 0.0 3.6729386514 0.0 4.4724490289 0.0 0.0 0.0 3.1435814851 3.9962160304 0.0 3.213951566 2.9504005 3.2177734425 0.0 0.0 0.0 12.47626927 0.0 0.0 3.3562779388 0.0 3.1907105877 6.8950255862 3.6843351809 0.0 3.7420155751 0.0 0.0 0.0
0.0 0.0 0.0 0.0 0.0 0.0 3.9106902685 5.5267434278 0.0 0.0 3.8641568599 0.0 5.7429758015 0.0 2.2145072761 0.0 0.0 4.7576188577 0.0 0.0 0.0 0.0 0.0 2.6747181554 3.8869755883 4.7147574265 0.0 5.2795460766 5.0034160445 0.0 0.0 0.0 0.0 0.0 2.3263605723 0.0 0.0 0.0 0.0 0.0 3.7673996259 0.0 0.0 5.4103773747 0.0 0.0 0.0 2.2793198155 0.0 5.9882838579 0.0 2.9157052506 3.4889204956 0.0 3.0589795208 0.0 2.2719664411 0.0 0.0 0.0 0.0 0.0 0.0 0.0 0.0 3.0222804016 3.265951759 2.6648628933 0.0 6.7094624916 3.5851801264 0.0 0.0 2.6093123162 0.0 3.4574887795
11.05069324 5.3454615154 5.7690467517 11.994545554 19.082231563 0.0 11.757866713 16.616686088 13.242781754 10.408489944 0.0 11.591319828 17.266809533 10.547816187 0.0 10.722396783 8.190214944 0.0 7.5969808123 7.6978841425 5.5384650236 7.908820364 10.448856694 8.0417975874 11.686566244 14.175372019 12.698770767 15.873463458 15.043251938 6.2067306861 11.677806472 0.0 7.0487426795 10.272658836 6.9944269828 14.445379105 8.3657933224 10.686049676 8.6284873156 14.281158377 0.0 15.843062844 9.4039232672 16.266820349 19.643015511 7.5749644224 9.7455682627 6.8529944196 10.74584653 18.004351817 13.084958786 8.7663484852 0.0 8.4356508331 9.1971163692 11.69165299 6.8308857915 0.0 0.0 9.4141783635 6.0599715379 14.945772672 9.169383998 36.501582948 8.5832527819 0.0 9.8193983253 8.0121667931 9.3350010854 20.172644796 10.779189139 0.0 0.0 7.8451486362 11.031640321 10.395272814
0.0 0.0 1.4522111344 0.0 4.8034675984 0.0 0.0 4.1828290865 3.3335342807 2.6200732355 2.9245265172 0.0 0.0 0.0 0.0 2.6990913172 2.0616787914 0.0 0.0 0.0 0.0 0.0 0.0 2.0243184879 2.9417965139 3.5682902159 3.1965933184 3.9957416481 0.0 0.0 0.0 0.0 0.0 2.5858812008 0.0 0.0 2.105876193 2.6899418551 0.0 0.0 0.0 0.0 2.3671990648 0.0 4.9446307278 0.0 0.0 1.7250674554 0.0 4.5321387225 0.0 2.2067057914 0.0 2.1234610487 0.0 2.943076973 0.0 0.0 2.1728694611 0.0 0.0 0.0 0.0 9.188347306 2.1606160941 0.0 0.0 2.0168596873 0.0 5.0779514611 2.7133873517 0.0 0.0 0.0 0.0 2.6167461584
1.6349411328 0.7908567105 0.8535258039 1.7745833197 0.0 2.6710066261 0.0 0.0 0.0 0.0 0.0 1.7149263994 0.0 1.5605408792 0.0 0.0 1.2117356809 2.1163006036 0.0 0.0 0.0 1.1701035802 0.0 0.0 1.7290180297 0.0 1.8787728707 0.0 0.0 0.0 1.7277220286 1.6889944642 0.0 1.5198315715 0.0 2.1371821625 1.2377123601 0.0 1.276577724 0.0 1.6758278333 2.343968342 1.3913028463 2.4066629224 0.0 1.1207098635 1.4418489472 1.0138949852 1.5898393084 2.6637292986 1.935909076 0.0 0.0 0.0 1.3607059329 1.7297706096 1.0106240315 0.0 0.0 0.0 0.8965678908 0.0 1.356602951 5.4003796933 0.0 0.0 0.0 1.1853936009 1.3811058652 2.9845264922 0.0 0.0 0.0 1.1606833996 0.0 0.0
0.0 1.8859128759 0.0 4.2317520828 6.732332859 6.3694038639 0.0 0.0 0.0 0.0 0.0 4.0894914777 6.0918404016 3.7213367457 0.0 3.7829298922 0.0 5.0466266574 0.0 0.0 1.9540057431 0.0 0.0 0.0 0.0 0.0 4.480207224 5.60025903 5.3073551168 0.0 4.120004517 0.0 2.4868413214 0.0 2.4676783976 0.0 0.0 3.770106401 0.0 0.0 0.0 5.5895334997 3.3177640364 0.0 6.9301810083 0.0 3.4382985673 0.0 3.7912031123 0.0 0.0 0.0 0.0 0.0 0.0 0.0 0.0 3.3174371631 3.0454000515 0.0 2.1379965636 5.2729638107 0.0 12.877990997 3.0282262611 3.20587279 0.0 0.0 0.0 0.0 3.8029665971 0.0 3.8625042347 0.0 0.0 0.0
5.3136616734 2.5703341287 2.7740126298 0.0 9.1755802371 0.0 5.6537019312 0.0 0.0 0.0 0.0 5.5736188285 0.0 5.0718561625 0.0 0.0 3.9382172954 6.8781102764 0.0 0.0 2.6631387448 0.0 5.024272065 0.0 5.6194175149 0.0 0.0 0.0 7.2334603385 0.0 0.0 0.0 0.0 0.0 3.3632295982 0.0 0.0 5.1383249328 0.0 0.0 0.0 0.0 4.5218218946 7.8218061037 9.445229942 0.0 0.0 0.0 0.0 0.0 6.2918264483 0.0 0.0 0.0 0.0 0.0 0.0 0.0 4.15061363 4.5267529981 0.0 7.1865879993 4.409045049 17.551574196 0.0 4.3693239224 4.7216006637 0.0 0.0 9.6998991077 5.183110503 3.7351099349 0.0 3.7722941651 0.0 0.0
0.0 0.0 0.0 3.9352304865 0.0 5.9230956293 0.0 5.4516854669 4.344758061 3.4148694304 0.0 0.0 0.0 0.0 0.0 0.0 0.0 4.6930062744 0.0 0.0 0.0 0.0 0.0 0.0 0.0 0.0 0.0 0.0 4.9354653226 2.0363352415 3.8313131446 3.7454327635 2.3125867469 0.0 0.0 0.0 0.0 3.5059326152 0.0 0.0 3.7162350771 0.0 3.0852861717 5.3368997656 0.0 0.0 0.0 0.0 0.0 0.0 0.0 2.8761074489 0.0 2.7676105095 0.0 0.0 2.2411111697 0.0 0.0 3.0886507149 0.0 4.9034838374 3.0083373554 0.0 2.8160364949 0.0 3.2215973064 0.0 3.0626738376 6.6183421818 3.5364902762 0.0 0.0 2.5738755958 0.0 0.0
0.0 0.0 0.0 1.0029949904 1.5956738483 1.5096536948 0.9832036868 0.0 0.0 0.0 0.9715045197 0.0 0.0 0.8820181429 0.5567589272 0.8966167338 0.684873347 1.1961336951 0.6352665603 0.6437041901 0.0 0.0 0.0 0.6724625504 0.0 0.0 1.0618829538 1.3273536923 1.2579306373 0.5190125592 0.0 0.0 0.0 0.8590092308 0.5848804519 1.2079359581 0.0 0.0 0.0 1.194203669 0.0 1.3248115648 0.0 1.3602465592 0.0 0.6334255294 0.8149334297 0.0 0.0 1.5055405472 0.0 0.0 0.8771647098 0.705396923 0.7690713752 0.9776668341 0.0 0.0 0.7218100058 0.7872222999 0.5067404235 1.2497793309 0.7667523687 0.0 0.7177395344 0.7598446897 0.8211071678 0.6699847959 0.0 1.6868552111 0.9013657631 0.0 0.9154771645 0.0 0.9224759644 0.869262325
6.2290337254 3.0131195693 0.0 6.7610626006 10.756235955 10.176384961 6.6276519221 0.0 7.4646660052 5.8670377939 0.0 0.0 9.732922322 0.0 0.0 6.0439802036 4.6166447656 0.0 0.0 0.0 3.1219114194 4.4580288045 0.0 0.0 6.5874614096 0.0 0.0 8.9475236594 8.4795516104 0.0 6.5825237181 6.434973877 3.9732218529 5.7904727739 3.9426052844 0.0 4.7156144517 6.0234921351 0.0 0.0 0.0 8.9303874992 5.3007855624 9.1692503227 0.0 4.269841523 5.493363363 3.8628828464 0.0 0.0 7.3757046552 0.0 0.0 0.0 5.1842130438 0.0 3.8504206971 0.0 0.0 5.3065661355 3.4158732184 0.0 0.0 0.0 0.0 0.0 5.5349797521 4.5162829229 5.2619356381 0.0 0.0 0.0 6.1711159857 4.4221384463 0.0 5.8595875872
6.024668024 2.9142634191 3.1451955763 6.5392417916 10.403339214 9.8425123021 6.4102081269 0.0 7.2197609733 5.6745486621 6.3339328881 0.0 9.4135990395 5.7505071875 0.0 5.845685844 4.4651792436 7.7984511614 0.0 0.0 3.0194859639 0.0 0.0 4.384264383 0.0 7.7281948446 0.0 8.6539681854 8.201349631 3.3838141269 6.3665605148 6.2238515733 3.8428661178 0.0 0.0 7.8753985559 4.5609018755 5.8258699598 4.7041186011 0.0 6.1753332637 8.6373942381 0.0 8.8684203135 10.709069999 4.1297541201 0.0 0.0 5.8584702854 0.0 7.1337183181 4.7792783907 5.718864185 4.5989871161 0.0 6.3741094231 3.7240938925 5.1263692469 4.7059957434 0.0 0.0 8.148205434 0.0 19.900101725 4.6794574288 4.9539710542 0.0 4.3681101296 5.089299044 10.99781574 5.8766481631 4.2348946497 5.9686504827 0.0 0.0 0.0
4.4925927019 2.1731651463 2.3453711699 4.8763101687 7.7577661775 7.3395577582 4.780089813 6.7554135317 5.3837730691 4.2315088241 4.7232113959 4.712381181 7.019717298 4.2881510682 2.7068223113 4.3591257569 3.329682499 5.8153021268 3.08850674 3.1295283804 2.2516295588 3.2152832293 4.2479196831 3.2693443177 4.7511030374 5.7629120176 5.1626086824 6.453260853 0.0 2.5233089343 4.747541805 4.6411238004 2.8656238329 4.1762875064 2.8435421139 5.8726817703 3.4010628301 4.3443490594 3.507859489 0.0 4.604943715 6.4409016667 3.8231082992 0.0 7.9857495101 3.0795561094 3.9620020121 2.7860435582 4.3686591101 7.319560666 5.3196110932 3.5639061161 4.264554893 0.0 3.7390322019 4.7531710231 2.7770554288 3.8227316383 3.5092592733 3.8272774468 2.4636448875 6.0761137577 3.7277577736 14.839498445 3.489469662 3.6941743702 3.9920171788 3.2572980969 3.7950884018 8.2010671019 4.3822143467 3.1579593632 4.4508204422 3.1893978723 4.4848468524 4.2261354796
13.72908698 6.6410590265 7.1673100433 14.901703958 23.707256297 22.42923709 14.607660469 20.644128261 16.45247937 12.931230707 14.433843525 14.400747054 21.451824315 13.104325922 8.2718825001 13.321220205 10.175304925 17.771205629 9.4382866387 9.5636462488 6.8808414451 9.8257077928 12.981381283 9.9909151537 14.519078666 17.611104678 15.776614607 19.720768259 18.689335576 7.7110769069 14.508195758 14.182988882 8.7571701832 0.0 8.6896898081 17.946554291 10.393438826 13.276063526 10.719802847 17.742530832 14.072424766 19.682999346 11.683183822 20.209464384 24.403959339 9.4109340622 12.107634466 8.5139777581 0.0 22.368127206 16.256404318 10.891077893 13.032217462 10.480227937 11.42625244 0.0 8.4865105875 11.68203277 10.724080502 11.695924481 7.5287472497 18.568229932 11.39179848 0.0 10.663604667 11.289169665 12.199358969 9.9541026439 11.597556739 25.061956657 13.391777515 9.6505295835 13.601433523 0.0 13.70541614 12.914810097
0.0 0.0 0.5391055094 0.0 1.7831951465 1.6870660281 1.0987483716 0.0 0.0 0.0 0.0 0.0 0.0 0.9856716479 0.6221884364 0.0 0.0 0.0 0.0 0.0 0.5175581229 0.0 0.0 0.0 0.0 0.0 0.0 1.4833423912 0.0 0.0 1.0912669073 0.0 0.6586904521 0.9599587615 0.0 1.3498908565 0.0 0.998589282 0.0 1.3345447685 0.0 0.0 0.0 0.0 0.0 0.0 0.9107032355 0.0 1.0041771747 0.0 1.2227623862 0.8191971688 0.9802478463 0.0 0.0 1.0925608358 0.6383321756 0.0 0.0 0.0 0.0 0.0 0.8568600055 3.4109975731 0.0 0.0 0.0 0.0 0.0 0.0 0.0 0.7258865091 0.0 0.7331129446 0.0 0.9714167846
0.0 2.3837727401 2.5726677376 0.0 8.5095932858 8.0508551032 0.0 7.4100998041 0.0 0.0 5.1809511993 0.0 0.0 4.7037279422 2.9691481335 4.7815809891 0.0 6.3788795384 3.3878226819 3.4328198458 0.0 3.5268854402 0.0 3.5861857419 5.2115458989 0.0 5.6629317223 7.0786646529 0.0 2.7678499549 5.2076395373 5.0909082623 3.1433395607 0.0 3.1191178397 0.0 3.7306694686 4.76537224 3.8478160944 6.3685868727 5.0512218623 0.0 0.0 7.2540795223 8.7596711293 0.0 4.3459708567 3.0560469359 0.0 0.0 0.0 3.9092943591 4.6778449948 0.0 0.0 0.0 3.0461877414 4.1932033962 0.0 0.0 2.7024036963 6.6649671636 0.0 0.0 3.8276440572 0.0 4.3788948783 0.0 0.0 0.0 4.8069071596 3.4640061557 4.8821620662 0.0 0.0 0.0
2.1193109585 0.0 1.1063924892 2.3003237248 3.6596059258 3.4623225875 2.2549332637 3.1867616046 2.5397114808 1.9961486868 2.2281017522 2.2229927662 3.3114428088 2.0228687873 1.2769014615 2.0563499964 0.0 2.7432786238 1.4569551735 1.4763064964 1.0621713374 1.516760017 2.0038902551 1.5422624973 2.2412592016 2.718564402 2.4353806101 3.0442257627 2.8850071205 1.1903318709 2.2395792455 2.1893782016 1.3518136175 1.9700988863 1.3413969089 2.7703465811 1.6043986635 2.0493793184 1.6547783317 2.738852196 2.1723108072 3.0383955081 1.8034920706 3.1196640679 3.7671535285 1.4527328523 1.8690130264 1.3142728566 2.060847208 3.4528892692 2.5094440634 1.6812174591 2.0117376575 1.6177959938 1.7638304751 2.2422347418 1.3100328459 1.8033143867 1.6554386582 1.8054588013 1.1621862819 2.8663124673 1.7585119384 7.0003033351 1.6461032159 1.7426694885 1.883172216 1.5365798794 1.7902741184 3.8687262644 2.0672416807 1.4897183718 2.0996055426 1.5045490011 2.1156569741 1.9936138948
2.6183308977 0.0 1.366907309 0.0 4.5213087915 4.2775724685 2.7858872775 3.9371269889 0.0 2.4661684317 2.7527379299 0.0 0.0 2.4991801351 1.5775648857 0.0 0.0 0.0 1.8000146378 1.8239224869 1.3122736992 0.0 2.4757328552 1.905408705 2.7689934758 3.3586865308 0.0 0.0 0.0 1.4706113341 2.7669179516 2.7048964046 0.0 2.4339848593 1.6572466435 3.4226615123 0.0 2.5319329232 0.0 3.3837513557 2.6838102653 3.7538261227 2.2281482541 3.8542304452 4.654179907 0.0 2.3090969899 1.6237358725 0.0 4.26591795 3.1003260284 0.0 2.4854280328 1.9987275674 2.1791478087 0.0 0.0 2.2279287321 0.0 2.2305780777 0.0 3.5412238423 2.1725769517 8.6486178168 2.0337001012 0.0 0.0 1.8983880391 2.2118179593 4.7796692938 0.0 0.0 2.5939855796 1.8588150648 0.0 2.4630367893
4.5783091701 2.2146280729 2.3901197031 4.9693477783 0.0 7.4795929253 4.8712915854 6.8843035131 5.4864928222 4.3122439399 4.8133279558 4.8022911058 7.1536500658 4.3699668902 2.7584671552 4.4422957412 3.3932112102 5.9262552431 3.1474339358 3.1892382491 2.2945895479 0.0 4.32896791 3.3317218059 4.8417517562 0.0 5.2611087274 6.5763859093 6.2324287535 2.5714524328 0.0 4.7296741693 2.9202985321 4.2559690265 2.8977955047 5.984729662 3.465953443 4.4272371116 3.5747877298 5.9166929111 0.0 6.5637909157 0.0 6.7393539169 8.1381136993 3.1383125316 0.0 2.8391999046 4.4520109861 7.4592142984 5.4211066672 3.6319036992 4.3459205116 3.4948954537 3.8103711049 4.843859198 2.8300402861 3.8956674856 0.0 3.9003000259 2.5106500253 0.0 3.7988815661 15.122628807 3.556047034 3.7646574078 4.0681829113 3.3194457491 3.8674968297 0.0 4.46582485 3.218211681 4.5357399162 3.2502500215 4.5704155336 4.3067680745
0.0 0.0 0.0 0.0 6.9213849563 6.5482644735 4.2647381945 0.0 4.8033370787 0.0 0.0 0.0 6.2629066914 3.8258364089 2.4149940583 0.0 2.9707023685 5.1883420737 0.0 0.0 0.0 2.8686367266 0.0 2.9168693744 0.0 0.0 4.6060168935 5.7575211169 0.0 2.2512656476 4.2356992562 4.1407544024 0.0 0.0 0.0 0.0 3.0343870347 0.0 3.1296697194 5.1799704044 4.1084749687 0.0 3.4109308869 0.0 0.0 2.7475426353 3.5348501741 2.4856742946 3.8976647081 6.5304233101 4.7460925414 0.0 3.8047841874 3.0597253041 3.3359192119 4.2407215764 2.4776551945 0.0 0.0 3.4146505499 0.0 0.0 3.3258603037 0.0 3.1132625387 3.2958975982 0.0 2.9061218823 3.3859318741 7.3168926681 0.0 2.8174930681 0.0 2.8455421249 0.0 3.7705068524
10.784175866 5.2165412443 5.6299105763 11.705264627 18.622011906 17.618129863 11.474293936 16.215929733 12.923396233 10.15746104 11.337761004 11.31176378 16.850373691 10.293427054 6.4975504746 10.463797166 7.9926857451 13.9592536 7.41375906 7.5122288333 5.4048899506 7.718077757 10.196854237 7.8478478748 11.404713071 13.833494559 12.392505542 15.490631928 14.680443205 6.0570385781 11.396164565 11.140715084 6.8787431735 10.024905867 6.8257374468 14.096989693 8.1640295758 10.428326667 8.4203879924 13.936729593 11.053867148 15.460964507 9.1771222074 15.874501953 19.169271032 7.3922736549 9.5105275093 6.6877159126 10.486681359 17.570128147 12.769379593 8.5549242667 10.236785974 8.2322022835 8.9753030174 11.409677136 6.666140494 9.1762180574 8.4237480834 9.1871299742 5.9138189239 14.585314915 8.9482394874 35.621248489 8.3762444118 8.8676247173 9.5825769601 0.0 9.1098622705 19.686126872 10.519219821 7.5804755537 10.68390428 7.6559416452 10.765582459 10.144562677
7.6786176416 3.7143149486 4.0086448153 8.3344571324 13.25936362 12.544573128 8.1699999092 11.546169654 9.2017989632 7.2323801562 8.0727848607 8.0542741512 0.0 7.3291915442 4.6264273063 7.4504995578 5.691003052 9.939356729 0.0 5.3489050591 3.848424195 5.4954749219 7.2604291514 5.5878746683 8.1204564982 9.8498129747 8.8237907898 11.029738487 10.452862749 4.3127712177 8.1143697363 7.9324829682 4.8978465616 7.1379973772 4.8601050862 10.03742846 5.8130043785 7.4252436271 5.9955383324 0.0 7.8706449471 11.008614501 6.5343530518 11.303064069 13.649026551 5.2634938083 6.7717464201 4.7618301136 7.4667937066 12.51039464 0.0 6.091331708 7.2888616013 5.8615451444 6.3906524657 8.1239910432 4.7464678465 6.5337092732 5.9979308058 6.5414788458 4.2107950467 10.385128897 6.3713825186 25.36326841 5.9641069388 6.3139826761 6.8230475293 5.5672855944 6.4864622028 14.017041541 7.4899619495 5.397498524 7.6072216278 5.4512323715 7.6653786456 7.2231961814
0.0 0.9447124002 0.0 0.0 0.0 0.0 0.0 2.9366948679 0.0 0.0 2.0532615214 2.0485534401 3.0515922772 0.0 1.1767023813 1.8949872097 0.0 2.5280122128 0.0 0.0 0.9788222347 0.0 0.0 0.0 2.0653864994 2.505237328 0.0 0.0 0.0 0.0 2.0638383702 0.0 1.2457361439 0.0 0.0 2.5529561343 0.0 1.8885635242 1.5249270692 0.0 0.0 0.0 0.0 2.8748625076 0.0 0.0 1.722350663 1.2111412248 1.8991315229 3.1819393649 0.0 1.5492915055 0.0 0.0 1.6254218378 0.0 0.0 1.6618074276 1.5255355796 1.663783569 1.0709889577 2.6413915306 0.0 6.4509861197 0.0 0.0 0.0 1.4160037071 1.6497904355 0.0 1.9050242182 0.0 0.0 0.0 1.94964034 0.0
6.6357466755 3.2098555003 3.4642109749 7.2025133676 11.458543994 10.840832727 7.0603918917 9.9780273573 7.9520572229 6.2501149058 6.9763800988 0.0 0.0 6.3337778612 3.9980893762 0.0 0.0 8.5894436277 4.5618531863 4.6224438591 3.325750708 0.0 6.2743544285 4.828957826 0.0 8.5120612527 7.6253882055 9.5317352569 0.0 0.0 7.0123171272 6.8551332989 4.2326458427 6.1685507179 4.2000302233 8.6741957527 5.0235115589 6.4167846366 5.1812546755 8.5755840978 6.8016938047 9.5134802236 5.6468903081 0.0 11.795284879 0.0 5.8520421112 4.1151024599 6.4526915948 0.0 7.8572873101 5.2640378799 6.298925327 5.0654597638 5.522706408 7.0206317169 0.0 0.0 5.1833222153 5.6530483128 3.6389061855 8.9746732773 5.5060536075 21.918557726 5.1540921346 5.4564495209 0.0 0.0 0.0 0.0 6.4727132442 0.0 0.0 4.710873594 6.6243057329 6.2421782519
9.9201173753 4.7985772933 0.0 10.767405915 0.0 0.0 10.554941246 0.0 11.887937392 0.0 10.429347716 0.0 0.0 0.0 0.0 9.625408318 0.0 12.840798955 0.0 6.9103279382 4.9718349717 7.0996836673 9.3798536064 7.2190562385 10.490935395 12.725116081 11.399583156 0.0 0.0 5.5717316175 10.483071819 0.0 0.0 9.2216822235 0.0 12.967499245 0.0 9.5927798152 7.7457228321 12.820079634 10.168200233 14.222188562 0.0 14.602592225 17.633375141 6.799983906 0.0 0.0 0.0 16.16236008 11.746260998 7.8694796819 9.4165859002 0.0 8.2561765052 10.495501725 6.1320305754 8.4409936673 0.0 8.4510312907 5.4399871248 13.416698477 8.2312813813 0.0 7.7051161594 0.0 0.0 7.1924569156 8.3799544926 18.108819039 9.6763903535 6.9731065395 9.8278798307 0.0 0.0 9.331751793
6.4304482742 3.1105481827 3.3570343436 6.9796801958 11.104036675 10.505436315 6.8419557099 9.6693246349 7.7060344746 6.0567472774 6.760543095 6.7450413256 10.047634402 0.0 3.8743954806 6.2394110841 4.7659230428 8.3237012583 0.0 4.4794335272 3.2228577953 4.6021782666 6.0802368716 4.6795583131 6.8004656453 8.2487129587 7.3894720255 9.2368400319 8.753736201 0.0 6.7953682945 6.6430474591 4.10169518 5.9777065428 4.0700886309 8.4058313008 0.0 6.2182605381 5.020955714 8.3102705181 6.5912612894 9.2191497773 5.4721853942 9.4657361821 11.430359386 0.0 0.0 3.987788384 6.2530565977 10.476813585 7.6141965772 5.1011777508 0.0 4.9087432944 5.3518435268 6.8034256454 3.9749232736 5.4716462626 5.0229592877 5.478152881 0.0 8.697012576 5.3357059348 21.240435869 4.9946335346 5.287636512 5.7139522058 4.6623160201 5.4320792655 11.738553057 6.2724588123 4.5201280607 6.3706577761 4.5651274008 6.4193612945 6.0490561697
9.3665064012 0.0 4.8898120828 10.166510396 16.173993812 15.302080399 9.9659027211 14.08421112 11.224508488 8.822178443 9.8473181767 9.8247385032 14.635252152 8.9402705954 5.643393512 9.0882441421 6.9419808362 12.124193803 6.439158871 6.524683975 4.6943722868 6.7034723483 8.8563930772 6.8161831066 9.9054688385 12.014966832 10.763407787 13.454259734 12.750577046 5.260790562 9.8980441044 0.0 5.9744752653 8.7070487485 0.0 12.243823343 7.0908000975 9.0574365349 0.0 12.104630764 0.0 13.428492342 7.9707132905 13.787666856 16.649311181 6.4204979008 8.260289697 0.0 9.1081200178 15.260388907 0.0 0.0 8.8910754556 7.1500109368 0.0 9.9097803357 0.0 7.9699279985 0.0 0.0 5.1363983207 12.66795416 7.7719191046 0.0 0.0 7.7019018153 8.3228676492 6.7910682094 7.9122952308 17.09822203 9.1363810285 6.5839590973 0.0 6.6495045444 9.3503572523 0.0
0.0 0.0 0.0 3.7283709833 5.9314992916 5.6117419174 3.6548019998 0.0 4.1163713129 3.2353632499 0.0 3.6030327542 0.0 0.0 2.0696053805 3.3329376972 2.5458371563 0.0 0.0 0.0 0.0 0.0 0.0 0.0 0.0 4.4062566166 0.0 4.9340894405 0.0 0.0 0.0 3.548550176 2.1910232077 0.0 0.0 0.0 2.6004137409 0.0 0.0 0.0 3.5208872964 0.0 2.9231048796 0.0 0.0 0.0 3.0293014239 0.0 3.34022679 0.0 4.0673137999 0.0 3.2606298963 0.0 0.0 3.6342202009 0.0 0.0 0.0 0.0 0.0 0.0 0.0 0.0 0.0 0.0 3.0522506771 0.0 0.0 0.0 0.0 2.4145396106 0.0 2.4385771351 3.4290626089 0.0
0.0 0.0 0.1732983282 0.3603081725 0.0 0.0 0.3531984975 0.4991542006 0.0 0.3126641167 0.3489957791 0.0 0.5186834766 0.3168493844 0.2000057762 0.3220936694 0.0 0.4296898289 0.2282082519 0.0 0.1663718064 0.0 0.313876707 0.0 0.3510566789 0.4258187494 0.3814626296 0.0 0.451889285 0.0 0.3507935411 0.3429303668 0.0 0.0 0.2101079355 0.4339295827 0.2513028685 0.3210018264 0.2591940213 0.0 0.340257038 0.4759150728 0.0 0.0 0.0 0.0 0.2927503902 0.2058593954 0.0 0.5408387564 0.0 0.2633352792 0.3151058745 0.2534013416 0.27627526 0.3512094813 0.2051952669 0.0 0.2592974507 0.282795658 0.1820375154 0.0 0.0 0.0 0.257835206 0.2729607368 0.2949681962 0.0 0.2804172252 0.0 0.323799674 0.2333400722 0.3288689448 0.2356630483 0.3313831396 0.3122670829
0.0 0.0 0.0 3.5689611984 5.6778928156 5.3718069495 3.4985377216 0.0 3.9403722322 0.0 0.0 3.4489819157 5.1377163866 0.0 1.9811175798 0.0 0.0 0.0 2.2604716137 0.0 1.6479629577 0.0 0.0 2.392826258 0.0 0.0 0.0 0.0 0.0 0.0 0.0 3.396828788 2.0973440809 3.0566160781 2.081182517 0.0 0.0 0.0 0.0 0.0 0.0 0.0 2.7981249562 0.0 5.8447533391 2.2539206659 0.0 0.0 3.1974124519 5.3571711196 3.8934122164 0.0 3.1212187935 2.5100167714 0.0 3.4788359156 2.0325210514 2.7978492788 2.5684195115 2.8011763465 1.8031365327 0.0 0.0 10.860997829 2.5539355364 0.0 2.9217490114 0.0 0.0 6.0023438336 3.2073335012 0.0 3.2575461587 0.0 0.0 3.0930997053
2.6770376216 0.0 1.3975553261 2.9056864583 4.6226830018 0.0 2.8483508551 0.0 3.2080724892 2.5214634555 2.8144582518 2.8080047639 4.1828958347 2.5552153285 1.6129361469 2.5975075915 0.0 3.465211206 1.8403735407 1.864817438 1.3416967526 1.9159168748 2.531242327 1.9481306936 2.8310782702 3.433993087 3.0762854738 0.0 3.6442375618 1.5035845438 2.8289562098 2.765544051 1.7075624966 2.4885582814 1.6944044837 3.4994024792 2.026618871 2.588702481 2.0902566617 3.4596199011 2.7439851303 3.8379922738 2.2781065251 3.9406478048 4.7585332778 1.8350400559 2.3608702473 1.6601423533 2.6031883079 4.3615659324 3.1698397727 2.1236536196 2.5411548844 0.0 2.2280074196 0.0 1.6547865238 2.2778820811 0.0 2.2805908288 1.4680320447 3.6206231461 0.0 8.8425321991 2.0792985665 2.2012776199 2.378755628 1.9409526144 2.2614100817 4.8868363162 2.6112655766 1.8817588381 2.6521464467 1.9004923573 2.6724220395 2.5182615972
0.0 1.2861750307 1.3880941546 2.886015539 4.5913883574 4.3438741603 2.8290680865 3.99815183 3.1863544766 2.5043936495 2.7954049293 2.7889951302 4.154578462 2.5379170291 1.6020168901 2.5799229818 1.9706530347 3.4417524155 1.8279145779 1.8521929949 1.3326137325 1.9029464987 2.51410632 1.9349422363 0.0 0.0 3.0554596331 3.8193245414 3.6195667984 1.4934055755 2.809804739 2.7468218679 1.6960026382 2.4717112369 1.6829337024 3.4757122205 2.0128990644 0.0 2.0761060399 3.4361989626 2.7254088968 0.0 2.2626841971 3.9139704031 0.0 1.8226171997 2.3448876254 0.0 2.5855652409 4.3320389987 3.148380588 2.1092769071 2.5239517713 2.0297075263 2.2129242525 2.8131363587 1.6435839482 2.2624612725 2.076934494 2.2651516826 0.0 3.5961122477 2.2062515484 8.7826700151 2.0652221288 2.1863754083 2.3626519256 1.9278127513 2.2461007853 0.0 2.5935878281 1.8690197051 2.6341919428 1.8876264021 0.0 2.5012134671
0.0 0.0 0.0 2.2799056472 0.0 0.0 0.0 3.1584753486 2.5171685554 0.0 2.2083247295 2.2032610918 0.0 0.0 1.2655674598 0.0 0.0 2.7189288007 1.4440229834 0.0 0.0 1.5032969885 0.0 1.5285731044 0.0 2.6944339467 0.0 3.0172046799 2.8593992903 1.1797662761 2.2197003465 0.0 1.3398146823 0.0 0.0 0.0 1.590157739 0.0 0.0 0.0 2.1530289948 3.0114261757 0.0 0.0 0.0 0.0 0.0 0.0 0.0 0.0 2.4871697969 0.0 1.9938811205 0.0 0.0 0.0 1.2984047642 1.7873078513 0.0 0.0 1.1518705122 2.8408705742 1.7429030774 0.0 0.0 1.7272012479 0.0 0.0 0.0 0.0 2.0488924803 0.0 0.0 0.0 2.0968780311 0.0
1.9768336102 0.9562375641 0.0 2.1456772236 0.0 0.0 0.0 0.0 2.3689713844 1.8619513097 0.0 0.0 3.0888206454 1.8868750674 0.0 0.0 1.4651290941 0.0 1.3590067772 0.0 0.0 1.4147910518 0.0 1.4385790476 0.0 0.0 0.0 2.839568106 2.6910534381 0.0 0.0 0.0 1.2609336931 1.837652789 0.0 0.0 0.0 0.0 0.0 0.0 2.0262703772 2.8341298087 1.6822466408 0.0 0.0 1.3550683148 1.7433627442 1.225916728 1.9223002692 3.2207579223 2.3407387894 0.0 1.8764922628 1.5090345672 0.0 2.0914934553 0.0 0.0 1.544146585 1.6840811519 0.0 2.6736155918 0.0 0.0 1.5354387472 0.0 0.0 0.0 0.0 3.6086389669 0.0 0.0 1.9584529529 0.0 0.0 1.8595869271
2.6975608705 1.3048690707 0.0 2.9279626212 4.658122352 0.0 0.0 0.0 3.2326668653 2.5407940102 0.0 2.8295320596 4.2149635994 2.5748046387 1.6253015652 2.6174211311 1.9992956889 3.4917769111 1.8544825856 1.8791138797 0.0 0.0 2.5506478505 0.0 2.8527824568 3.4603194615 3.0998695176 0.0 3.672175755 1.5151116286 0.0 2.7867458258 1.7206533586 2.5076365718 1.7073944711 0.0 2.0421557478 0.0 2.1062814113 3.486142741 0.0 3.8674158687 0.0 0.0 0.0 0.0 2.3789696298 1.6728696734 0.0 0.0 3.1941410414 0.0 2.5606364015 2.0592085139 2.245088222 2.8540241712 1.667472784 0.0 0.0 0.0 1.4792865698 3.6483803018 0.0 8.9103226133 2.0952393069 2.2181535009 2.396992127 1.9558327391 2.2787469624 4.9243007721 2.6312845905 0.0 0.0 1.9150622974 0.0 0.0
1.5812622488 0.7648910628 0.8255025854 1.7163196611 2.7305085517 2.5833113252 1.6824528883 2.3777095103 1.8949318746 1.4893683009 1.6624333362 1.6586214149 2.4707367655 1.509304727 0.9527228973 1.5342857576 1.171951607 2.0468175793 1.0870647391 1.101503166 0.7925082588 1.1316863841 1.495144447 1.1507143182 1.6722503846 2.0283777813 1.8170884291 2.2713605363 2.152564176 0.8881315144 1.6709969341 1.6335408849 1.0086164242 1.4699319997 1.0008443 2.0670135485 1.1970754119 1.529084789 1.2346647364 2.0435149289 1.6208065448 2.2670104614 1.3456231686 2.3276466342 2.8107520683 1.0839143769 1.3945097246 0.980606477 1.5376412213 2.5762729291 1.8723487212 1.2543915226 1.5009995581 1.2070714404 1.3160308224 1.6729782555 0.9774429163 1.3454905949 1.2351574199 0.0 0.8671315015 2.1386157042 1.3120625508 5.2230727868 1.228192051 1.3002421675 1.4050741922 1.1464743981 1.3357609779 2.8865376118 1.5424122712 1.1115100468 1.5665596257 1.1225754896 1.5785359346 1.4874770396
0.2131631399 0.1031116633 0.1112824411 0.2313696468 0.3680880745 0.3482450516 0.2268042133 0.3205287582 0.2554475885 0.2007753133 0.2241054639 0.2235915952 0.333069361 0.2034628569 0.1284324623 0.2068304418 0.1579857386 0.2759226449 0.1465425063 0.1484888883 0.1068346183 0.1525577577 0.2015539707 0.1551228314 0.2254288578 0.2734368553 0.2449538496 0.3061923119 0.2901778873 0.1197251768 0.2252598856 0.2202105972 0.1359672275 0.1981551895 0.134919501 0.2786451764 0.1613725704 0.2061293217 0.166439825 0.2754774289 0.2184939358 0.3056058971 0.1813976524 0.3137799979 0.3789053567 0.1461178196 0.187987838 0.1321913274 0.2072827774 0.3472962358 0.2524032511 0.1690991079 0.2023432729 0.1627200918 0.1774084359 0.225526979 0.1317648614 0.1813797807 0.1665062415 0.1815954688 0.1168942556 0.288297554 0.1768734903 0.7040999024 0.1655672702 0.1752800355 0.1894119883 0.1545512661 0.180068173 0.3891216787 0.2079259421 0.1498378727 0.2111811427 0.1513295573 0.2127956172 0.2005203606
0.0 3.5444879696 0.0 7.9533866805 0.0 0.0 7.7964488178 11.018252356 8.781071658 0.0 7.7036786638 7.6860143063 0.0 6.9940841352 0.0 0.0 5.4307973697 9.484906595 5.0374335344 5.1043408798 3.6724654344 5.244209233 6.9284657165 0.0 0.0 9.399456986 0.0 10.525433604 9.9749339443 4.1155814487 7.7433621837 7.5697916948 0.0 0.0 0.0 0.0 0.0 7.0857444971 5.7214086002 9.4696021874 0.0 10.505275455 0.0 0.0 13.024961823 0.0 0.0 4.5441083442 0.0 11.93839077 8.6764218332 0.0 0.0 5.5935418874 6.0984572111 7.7525435825 4.5294484751 0.0 5.7236916842 0.0 4.0182678615 9.9102970396 6.0800683301 24.203601739 5.6914143218 6.0252929397 0.0 0.0 6.1898863078 0.0 7.1475037498 0.0 7.2594020472 0.0 7.3148999931 0.0
2.1622927149 0.0 1.1288312409 2.346976602 3.7338264123 3.5325419696 2.3006655767 3.251392333 2.5912193823 2.0366325885 2.2732898952 2.2680772939 3.3786021974 2.0638945995 1.3027983066 2.0980548412 1.602582003 2.7989150716 1.4865036889 1.5062474761 1.0837132397 1.5475214346 0.0 0.0 2.286714191 2.7736996205 2.4847725767 3.1059657209 2.9435179647 1.2144729977 0.0 2.2337809921 1.3792297564 2.0100544718 1.3686017865 2.8265319943 0.0 0.0 1.6883388995 2.7943988714 2.2163674538 3.100017223 1.8400687025 3.1829339908 3.8435551885 1.4821957347 1.9069184891 1.3409276311 0.0 0.0 2.5603381113 1.715314239 2.0525377192 1.6506065227 1.79960273 2.2877095161 1.3366016287 1.839887415 1.6890126181 1.8420753205 1.1857565878 2.9244441651 0.0 7.1422765229 1.6794878436 1.7780125773 1.9213648413 1.5677432638 1.8265826769 0.0 2.1091674198 1.5199313577 0.0 1.5350627671 2.1585646241 2.0340463884
0.0 4.6266233627 4.9932464026 0.0 16.516122716 0.0 10.176711716 14.382134797 11.461940802 9.008794209 10.05561875 0.0 0.0 9.1293843677 5.7627683591 9.2804880026 7.0888247342 12.380657184 6.5753665631 6.6627007817 4.7936724637 0.0 9.0437325861 6.9603660019 10.114999474 12.269119732 0.0 0.0 0.0 0.0 0.0 9.8808559675 6.1008534932 8.891229173 6.0538419731 12.502817251 7.2407919731 9.2490287212 0.0 12.360680327 9.8038293187 13.712545583 0.0 14.079317725 17.001494486 6.5563108569 8.4350198159 5.9314287447 0.0 15.583192304 11.325341291 0.0 0.0 0.0 7.960321731 10.119402172 5.9122932043 8.138516089 0.0 8.1481940206 0.0 12.935919718 7.9363187079 31.59298331 7.4290082782 7.8648203412 0.0 0.0 0.0 17.459901157 9.3296431297 0.0 9.4757040789 6.7901616838 9.548145598 8.9973544703
2.1129447905 1.0220775128 1.1030690125 0.0 0.0 0.0 2.2481597017 0.0 2.5320824776 1.9901524841 2.221408789 0.0 0.0 0.0 1.2730657954 2.0501729559 0.0 0.0 0.0 0.0 0.0 0.0 1.9978707977 1.5376297169 2.234526715 2.7103981451 0.0 3.0350812562 0.0 1.18675625 2.2328518052 0.0 0.0 1.9641809342 0.0 0.0 1.5995792332 0.0 1.6498075666 2.7306249969 2.1657854337 3.0292685151 1.7980745864 0.0 3.7558374296 1.4483690088 1.8633987247 1.3103249311 2.0546566584 0.0 0.0 0.0 0.0 0.0 1.7585321298 0.0 1.3060976569 1.7978974362 1.6504659096 0.0 1.158695207 2.8577023921 0.0 6.9792752236 1.6411585099 1.7374347084 0.0 1.531964169 0.0 3.8571050526 0.0 0.0 2.0932985674 1.5000295078 2.1093017823 1.9876253064
1.4142061876 0.6840823998 0.7382904797 1.5349951511 2.4420377404 2.310391501 1.5047063109 2.1265109594 1.6947374695 1.3320205857 1.4868017701 1.4833925679 2.2097101378 1.3498507825 0.8520703112 1.3721926351 1.0481381032 1.830576862 0.9722193023 0.9851323486 0.708781914 1.0121267917 0.0 0.0 0.0 1.8140851786 1.6251179725 2.0313974656 1.9251516181 0.7943028324 1.4944606471 1.4609617278 0.9020588388 1.3146376769 0.8951078184 1.848639182 0.0 1.3675411346 1.1042257609 1.8276231277 1.4495727362 2.0275069643 1.2034617361 2.0817370902 2.5138037475 0.9694017673 1.2471835603 0.8770080665 1.3751936031 0.0 1.6745401649 1.1218684657 1.3424230322 1.0795476216 1.1769957409 1.4962326473 0.8741787274 1.2033431685 1.1046663937 1.2047741262 0.7755214139 1.9126767644 1.1734467064 4.6712693349 1.0984368971 1.1628751145 1.2566319206 1.0253524923 1.1946414591 2.5815827542 1.3794606046 0.9940820297 1.4010568567 0.0 1.4117679011 1.330329131
2.2634353162 1.0948730647 1.181633032 0.0 0.0 0.0 2.4082806556 0.0 0.0 0.0 0.0 0.0 3.5366384394 0.0 1.3637375165 2.1961926755 1.6775437838 0.0 0.0 1.5767031488 0.0 1.6199077227 0.0 1.6471445066 2.393676685 0.0 0.0 3.2512492204 3.0812028682 1.2712807358 0.0 2.3382675025 1.4437440954 0.0 0.0 2.9587448055 0.0 2.1887479546 0.0 2.9251086356 0.0 3.2450224777 0.0 0.0 4.023339899 1.5515263721 1.9961158004 1.4036503642 2.2009957213 3.6877040074 0.0 0.0 0.0 0.0 0.0 0.0 1.3991220103 0.0 0.0 1.9282395518 1.2412210977 3.0612368797 0.0 7.4763609979 1.7580469435 0.0 0.0 1.6410754407 0.0 4.1318201183 0.0 0.0 2.2423898277 1.6068662932 2.2595328415 2.1291901871
2.2682664792 1.0972100037 1.1841551547 2.4620017063 0.0 0.0 2.413420982 3.4107427679 2.7182148025 2.1364477617 2.3847036209 2.3792355505 0.0 0.0 1.3666483301 2.2008803132 1.6811243974 2.9360896382 1.559357096 1.5800685243 1.1368259245 1.6233653158 2.1447334452 1.6506602349 2.3987858402 0.0 0.0 3.2581888112 3.0877795055 1.273994206 0.0 2.3432583902 1.4468256781 2.108567054 0.0 2.9650600636 1.7171636342 0.0 1.7710842314 0.0 2.3249914159 3.2519487779 1.930250298 3.3389292887 4.0319274697 1.5548380094 2.0003763864 1.4066463692 2.2056936108 3.695575184 0.0 1.7993816299 2.1531324013 0.0 1.8878010919 0.0 1.4021083499 0.0 1.7717909689 1.9323552601 1.2438704075 3.0677709009 1.8821087424 7.492318829 1.7617993862 0.0 0.0 1.6445782149 1.9161033235 0.0 2.2125375183 1.5944230518 2.2471760704 1.6102960501 0.0 2.1337348121
1.9728006497 0.9542867331 1.0299063536 2.1412998033 3.4066133235 3.2229684004 0.0 0.0 2.3641384192 1.8581527219 2.0740706155 2.0693148194 0.0 1.8830256323 1.1886278523 1.9141922484 0.0 2.5536327407 1.3562342521 1.3742477967 0.9887422589 1.4119047207 1.865359107 1.4356441863 2.086318476 2.5306270403 0.0 2.8337750712 2.6855633897 0.0 0.0 0.0 0.0 1.8339037729 1.248664658 0.0 1.4934848107 0.0 1.5403816767 2.5495123167 2.0221365602 2.8283478686 1.6788146705 0.0 3.5067260416 0.0 1.7398060902 1.2234157215 0.0 3.2141872178 2.3359634218 1.5649930381 1.8726640098 0.0 1.641894925 2.087226576 1.2194688274 1.6786492701 1.5409963541 1.680645439 1.0818430597 2.6681611186 0.0 6.5163646288 0.0 1.6221968207 0.0 1.4303544141 1.66651049 3.601276942 1.9243309786 1.3867324943 1.9544574909 0.0 1.9693992693 0.0
1.4573208951 0.7049379248 0.7607986389 1.581792335 2.5164878057 2.3808280857 1.5505800831 2.1913416035 1.7464046952 1.3726297122 1.532129689 1.528616551 2.2770772637 1.3910034957 0.8780472603 0.0 1.0800925439 1.8863854044 1.0018592171 1.0151659417 0.7303904498 1.0429833606 0.0 1.060519861 1.5411772646 1.8693909413 1.6746627183 2.0933283979 1.983843448 0.8185186325 1.5400220612 1.505501865 0.9295597813 1.3547168531 0.0 1.9049983878 1.1032471129 1.4092331712 0.0 1.88334162 1.4937656587 2.0893192874 1.2401515068 2.1452027196 2.590441733 0.9989557843 1.2852062722 0.9037452895 1.4171189394 2.374341368 1.7255916382 1.1560707137 1.3833492966 1.1124596399 1.2128786465 1.5418480841 0.9008296927 1.2400293244 1.1383442045 1.2415039076 0.7991646274 1.9709882751 1.2092214131 4.813681674 0.0 1.1983275265 1.2949426833 0.0 1.2310623272 2.6602871088 1.4215160283 0.0 1.4437706824 1.0345865897 1.4548082729 1.3708866903
1.890396874 0.0 0.9868872213 2.0518578271 0.0 3.0883451858 2.0113701463 0.0 2.2653884862 0.0 1.9874367988 1.9828796521 2.9537624523 0.0 1.1389789316 1.8342365424 0.0 2.4469676401 1.2995844213 0.0 0.9474425486 1.3529295373 1.7874431587 1.3756774068 0.0 2.4249228866 2.1723267526 0.0 2.5733875531 1.061760021 1.9976745685 1.9528959125 1.2057995672 1.7573017121 0.0 2.471111894 1.4311020314 1.8280187914 1.4760400179 2.4430193261 0.0 2.7102079321 1.6086906731 2.7826983945 0.0 1.2958181675 1.6671344845 1.1723137134 1.8382479947 3.0799307928 2.2383903569 1.4996233641 1.7944429361 1.4430522699 1.5733130633 0.0 1.1685316809 0.0 1.4766290203 1.6104449705 1.036654534 0.0 1.5685690001 6.244176433 1.4683019313 1.5544377478 1.6797642912 1.3706085881 1.5969004375 0.0 1.8439517784 1.3288087535 1.872819908 0.0 0.0 1.7782767835
2.3745324646 1.1486131802 1.2396316235 0.0 4.1003199853 3.8792784766 2.5264873088 3.5705326094 2.8455604108 2.2365381738 0.0 0.0 3.7102287526 2.2664760864 1.4306744191 2.3039893251 1.7598833715 3.0736424617 0.0 1.6540931331 1.1900850668 0.0 0.0 1.7279919938 2.5111665253 0.0 2.7286653235 3.4108316544 3.2324388455 1.3336795432 0.0 2.4530376706 1.5146079946 2.2073512832 0.0 3.1039701222 1.7976110099 2.2961791918 1.8540577325 0.0 2.4339149072 0.0 0.0 3.4953547416 0.0 1.6276805942 2.0940919925 1.4725463258 0.0 3.8687091355 2.8116479899 0.0 2.2540044719 1.8126217358 1.9762426596 2.5122595465 1.4677957049 2.0204814861 1.8547975799 0.0 0.0 3.211492858 1.9702836293 7.8433263719 1.8443379016 0.0 0.0 0.0 0.0 4.3346239844 2.3161926584 1.6691201556 2.3524539916 0.0 0.0 2.2336981253
0.0 1.9069468892 0.0 4.2789497718 6.8074200915 6.4404432671 0.0 5.9278581939 4.7242471763 3.7131382317 0.0 4.135102502 6.1597840767 3.7628416569 2.3752296943 3.8251217657 2.921787925 5.102912827 2.7101568097 2.7461531949 0.0 2.8214028567 3.7275387187 0.0 4.1690808325 5.0569406394 4.5301759894 5.6627199868 5.36654925 2.2141971726 4.1659558601 4.0725743317 0.0 3.6646816659 2.4952009734 5.1532633182 0.0 0.0 3.0781377805 5.0946790024 0.0 0.0 0.0 5.8030466354 7.007474886 2.7023026542 3.4766466896 2.4447461369 3.8334872589 6.4228958696 4.6679452056 3.1273185533 3.7421360731 3.0093450431 0.0 4.1708954846 2.4368590762 3.3544372908 3.0793660877 3.3584262262 2.1618421233 5.3317743698 3.271097966 13.021622146 3.0620007541 3.241628615 3.5029849221 2.8582707962 3.3301804211 0.0 3.8453819445 0.0 3.9055836188 0.0 3.9354417073 0.0
0.8394464632 0.4060585762 0.0 0.9111445431 1.4495481367 1.37140538 0.8931656515 0.0 1.0059646092 0.79066262 0.8825378494 0.8805142104 1.3116427973 0.8012462929 0.5057730728 0.8145080006 0.6221552638 0.0 0.577091277 0.5847562209 0.420719748 0.6007796197 0.0 0.0 0.8877494368 0.0 0.0 1.2057997149 1.1427341579 0.471483373 0.8870840162 0.8671996814 0.5354453321 0.780344449 0.5313193358 1.0973178004 0.6354927663 0.0 0.6554478531 1.0848430618 0.0 1.2034903858 0.7143524804 1.2356803788 0.0 0.5754188407 0.7403049413 0.5205756601 0.8162893194 1.3676688988 0.9939758652 0.6659202342 0.7968373186 0.6407993691 0.6986427584 0.8881358425 0.0 0.7142821009 0.6557094045 0.7151314908 0.0 1.135329317 0.6965361176 2.7727785072 0.6520116914 0.6902610175 0.0 0.6086301493 0.7091169282 1.5323794588 0.0 0.0 0.8316412652 0.595942909 0.0 0.789658604
0.0 0.0 0.3716852734 0.0 0.0 1.1631444809 0.0 0.0 0.0 0.0 0.7485161161 0.0 1.1124574125 0.6795694526 0.0 0.0 0.5276750929 0.9215863948 0.4894544995 0.0 0.3568294686 0.5095455429 0.0 0.0 0.0 0.9132838146 0.8181500839 1.0226876049 0.0 0.0 0.0 0.7355071942 0.4541328858 0.6618417517 0.4506334612 0.9306796968 0.0 0.688475491 0.5559118872 0.9200993655 0.7297735154 0.0 0.0 0.0 0.0 0.4880360384 0.6278826226 0.0 0.0 0.0 0.8430312135 0.0 0.0 0.0 0.0 0.0 0.0 0.0 0.0 0.0 0.3904288308 0.0 0.0 0.0 0.0 0.5854383427 0.6326393091 0.0 0.0 1.2996731208 0.0 0.5004610802 0.0 0.5054433325 0.0 0.0
1.9477285399 0.0 0.0 2.1140862561 3.3633190437 0.0 0.0 2.9287568689 2.3340928401 0.0 0.0 0.0 0.0 1.8590944635 1.1735217096 1.8898649865 1.443557888 0.0 0.0 0.0 0.9761764406 0.0 0.0 0.0 2.0598036804 0.0 0.0 0.0 2.6514328555 0.0 0.0 2.0121230397 0.0 1.8105968885 1.2327955141 0.0 1.474504274 0.0 0.0 0.0 1.9964374457 0.0 1.6574787967 0.0 3.4621594401 0.0 1.717695083 1.2078674636 0.0 0.0 2.3062759157 1.5451037111 1.8488645257 1.4868169375 1.6210282602 2.0607002395 1.2039707301 1.6573154983 0.0 0.0 1.0680940335 2.6342517479 1.6161403197 6.4335488565 0.0 1.601580497 1.7307079246 1.4121761948 1.6453309886 0.0 0.0 0.0 1.9296185024 0.0 1.9443703873 0.0
3.5270159026 1.7060945736 1.8412889756 3.8282623537 6.0904173808 5.7620929937 0.0 5.3034967859 4.2266580771 3.3220458441 3.7080685497 3.699566034 5.5109946938 3.3665141743 2.1250547225 3.4222345283 2.6140458092 4.5654401457 2.424705089 2.4569100957 1.7676949119 2.5242339632 3.3349295761 2.5666758962 3.729965541 4.5243100543 4.053027757 5.0662846963 4.8013086291 1.9809832159 3.7271697114 3.643623746 2.2497256039 3.2786930457 0.0 4.6104873887 2.6700846222 3.4106337333 2.7539278592 4.5580735622 3.6152197163 5.0565818254 3.0014213759 5.1918312099 6.2694010753 2.4176781853 3.1104631624 2.1872492316 3.4297189122 5.7463938046 4.176286204 2.7979285862 3.3479894402 2.6923808299 2.9354154519 3.7315890619 2.1801928885 0.0 2.7550267929 3.0046944636 1.9341425482 4.7701964703 2.926564196 11.65009839 2.7394904916 2.9001987528 3.1340272772 2.5572187264 2.9794236943 6.4384412312 3.4403607705 2.4792305096 3.4942216045 2.503912053 3.5209348407 3.3178273732
0.0 0.0 0.0 0.0 0.0 0.0 0.0 4.2386602873 0.0 0.0 2.9635622568 2.9567668769 0.0 0.0 0.0 0.0 2.0891974876 0.0 1.937872612 0.0 1.4127769895 2.0174180711 2.6653421555 0.0 0.0 3.6159187285 0.0 4.0490756595 0.0 0.0 2.9788282858 0.0 0.0 0.0 0.0 0.0 2.1339848234 0.0 2.2009940086 3.6429031966 0.0 0.0 2.3987957578 0.0 5.010630238 1.9322565705 0.0 0.0 0.0 4.592632408 0.0 0.0 0.0 0.0 2.3460425084 2.9823603188 0.0 0.0 2.2018722983 0.0 1.5458052564 0.0 0.0 9.3109907258 2.1894553769 2.3178966208 0.0 2.0437801509 2.3812147724 5.1457304982 0.0 0.0 0.0 0.0 2.8140012685 0.0
1.4798921344 0.0 0.0 0.0 0.0 2.4177027648 0.0 0.0 1.7734533146 1.3938892397 0.0 1.5522920298 0.0 1.4125475996 0.0 1.4359271691 1.0968212049 1.9156020694 1.0173761867 0.0 0.0 0.0 0.0 0.0 0.0 0.0 1.7006001855 0.0 0.0 0.0 1.5638741905 0.0 0.0 1.3756989431 0.0 1.9345033339 0.0 0.0 0.0 1.9125111423 0.0 0.0 0.0 2.1784279921 2.6305629447 0.0 1.3051117702 0.0 1.4390675238 0.0 1.7523179013 0.0 0.0 0.0 0.0 0.0 0.9147818996 0.0 0.0 0.0 0.0 0.0 0.0 0.0 0.0 0.0 1.3149989806 0.0 0.0 0.0 0.0 0.0 1.4661320536 0.0 0.0 0.0
4.6912048009 2.2692381535 2.4490571976 5.0918859536 8.1007276535 7.6640307449 4.9914118122 7.0540622075 5.6217831761 4.4185787201 4.9320188689 4.9207098633 7.3300505241 4.4777250494 2.8264876575 4.5518374434 3.4768837421 6.0723896125 3.2250458939 3.2678810515 2.351171383 3.3574270188 4.4357150833 3.4138780825 0.0 6.0176833997 5.3908413789 6.7385517237 6.3861129956 2.6348613756 4.957424896 4.8463022799 2.9923096026 4.3609161346 2.9692516775 6.1323059407 0.0 4.536407486 3.6629377216 6.0625914848 4.8085227166 6.7256461526 3.9921233011 6.9055383276 8.3387898539 3.2156995667 4.1371573373 2.90921118 4.5617922546 7.6431496054 5.5547846767 3.7214621025 4.4530857158 3.5810753974 3.904330301 4.963302975 2.8998256963 3.9917299885 3.6643993887 3.9964767617 2.5725596534 6.3447314106 3.8925574439 15.495534754 3.6437349026 3.8574893588 4.1684994384 3.4012993129 0.0 8.5636263766 4.5759467519 3.2975689337 4.64758584 3.3303973014 0.0 4.4129678265
0.0 0.0 1.990921599 4.1393666651 6.5853560581 6.2303503407 4.0576878303 5.7344862436 4.5701380764 0.0 4.0094052937 4.0002118198 5.9588465 0.0 0.0 0.0 2.8264766319 0.0 2.6217491099 0.0 0.0 0.0 3.6059431258 2.7752571959 4.0330817473 4.891978786 0.0 0.0 5.1914876913 0.0 4.0300587142 0.0 0.0 0.0 0.0 0.0 0.0 0.0 0.0 4.9284860904 0.0 0.0 3.2453323319 0.0 6.7788848892 0.0 3.3632354154 0.0 3.7084355313 6.2133753547 0.0 0.0 0.0 0.0 3.1739624266 0.0 0.0 3.2450125947 0.0 0.0 0.0 5.1578471983 3.1643918721 0.0 0.0 0.0 0.0 0.0 3.2215470054 0.0 0.0 0.0 3.7781800446 2.7073928396 0.0 0.0
6.0291275081 0.0 0.0 6.5440821653 10.411039808 9.8497977703 0.0 9.0658673634 0.0 0.0 6.3386212913 6.3240869789 0.0 5.7547637366 0.0 5.8500128448 4.4684843876 7.8042236071 4.144822863 4.1998745263 0.0 0.0 0.0 4.3875096336 6.3760522971 0.0 6.9282991106 0.0 8.2074203038 0.0 6.3712730692 6.2284584939 3.8457106231 5.604641141 3.8160766215 7.8812279584 4.5642778739 0.0 0.0 0.0 0.0 0.0 5.1306692912 0.0 0.0 0.0 0.0 3.7389126881 0.0 0.0 7.1389987258 0.0 0.0 0.0 0.0 0.0 3.7268504822 0.0 0.0 0.0 0.0 0.0 0.0 0.0 4.6829211825 4.957638004 5.3573475681 0.0 0.0 11.005956369 0.0 4.2380293362 0.0 0.0 0.0 5.6715378766
11.101190155 5.3698879752 5.7954088139 12.049355468 19.169429154 18.136036747 11.811595106 16.692617196 13.303295571 10.456052266 11.671048619 11.644287173 17.345711426 10.59601517 6.6885540684 10.771393524 8.2276407035 14.369603257 7.6316957469 7.7330601619 5.5637734265 7.9449602712 10.496603475 8.0785451434 11.739968825 14.240147371 0.0 15.945998359 15.111993129 6.2350927756 11.731169025 11.468210288 7.0809524017 10.319600468 7.0263885056 14.511388274 8.4040213995 10.734880326 8.6679157913 14.346417128 11.378809348 15.915458827 9.4468951516 16.341152721 19.732775643 7.6095787516 9.7901013178 6.8843096564 10.794950427 18.08662396 13.14475142 8.806406927 10.537709055 8.474198129 9.239143235 11.745078815 6.8621000014 9.445964423 8.6713746563 9.4571971092 6.0876630013 15.014068424 9.2112841388 36.668379481 8.6224745551 9.128299597 9.864268752 8.048778949 9.377658025 20.264825105 10.828445397 7.8033130798 10.997970961 7.880997591 11.082050172 10.442774739
1.6808710676 0.8130740225 0.8775036608 0.0 2.9025121087 2.7460424533 1.7884360324 0.0 2.0142997567 1.5831884229 1.767155384 1.7631033375 0.0 0.0 1.0127379912 1.6309353754 1.2457766257 2.1757532327 1.1555424597 1.1708904098 0.8424309149 1.2029749663 1.5893284271 1.2232015315 1.77759084 2.1561518522 1.9315527009 2.4144408762 2.2881611493 0.9440777884 1.7762584306 0.0 1.072152432 0.0 1.0638907165 2.1972214113 1.2724830603 1.6254067809 0.0 0.0 1.7229063866 0.0 1.4303883202 2.4742726173 2.9878104238 1.152193646 1.4823543984 0.0 1.6345022105 2.7385606858 1.9902940174 1.3334096981 1.5955523706 0.0 0.0 1.7783645619 0.0 1.4302473953 1.312963977 1.4319481767 0.9217549168 2.2733340181 0.0 5.5520910194 0.0 1.3821486232 1.4935843559 1.2186945252 1.4199048783 3.0683699435 0.0 0.0 1.6652422787 1.1932901472 1.677973014 0.0
2.489249121 1.2041041308 1.2995197897 2.7018587276 0.0 4.0666913095 2.6485450952 3.7430295403 2.983033021 2.344588152 2.6170299859 2.6110291965 3.8894745803 2.3759724029 1.4997921036 2.4152979534 1.8449055554 3.2221340032 1.7112752474 1.7340044573 1.2475795764 1.7815193772 2.3536810565 1.8114734651 2.6324841454 3.193105769 2.8604905847 3.5756132309 0.0 1.398111283 2.630510943 2.5715470124 1.5877806159 2.313991206 1.5755456097 3.2539268312 1.8844558636 2.4071105027 1.9436295985 3.2169349165 2.5515004042 3.5687652712 2.1183021931 3.6642197349 4.4247322798 1.7063158953 2.1952602162 1.5436868949 2.4205801797 4.0556113502 2.9474822483 1.9746838308 2.362898269 1.9001917766 2.0717174334 2.6336299718 1.5387067655 2.1180934934 1.9444051889 2.1206122282 1.3650527162 3.366644126 2.0654705149 8.2222473551 1.9334401904 2.0468626724 2.2118909754 1.8047989129 2.1027769698 4.5440351327 2.4280908451 1.7497574542 2.4661040091 0.0 2.4849573121 2.3416108972
6.7763249892 3.277856299 3.5376002951 7.3550986355 11.701293284 11.070495802 7.2099663157 10.189411898 8.1205215796 0.0 7.1241747327 7.1078391643 10.588069941 6.4679589647 4.082788912 6.5750124166 5.0222693713 8.7714110174 4.6584960601 4.7203703464 3.396206747 4.849717199 6.4072766464 4.9312593124 7.1662446109 8.6923892965 7.7869320781 9.7336650977 9.2245763963 3.8059896637 7.1608730871 7.0003593189 4.3223144579 6.2992314839 4.2890078766 8.8579586164 5.1299346668 6.5527242389 5.2910195718 8.7572578733 6.9457877089 9.7150233314 5.7665196967 9.9748729632 12.045168025 4.6449955303 5.9760176413 4.2022809182 0.0 11.040333532 8.023743966 5.3755565386 6.4323680794 5.1727715445 5.6397049602 7.1693638215 4.1887238277 5.7659515667 5.2931309124 5.7728081587 3.7159964243 9.1648017583 5.6226993701 22.382902439 5.2632815924 0.0 6.0212905023 4.9130896024 5.724256366 12.369938614 6.6098376942 4.7632537307 6.7133185192 4.8106734656 6.7646416703 6.3744188174
0.0 0.0 1.4176274318 2.9474187923 0.0 4.436295009 2.8892597182 0.0 3.2541477815 0.0 2.8548803391 0.0 0.0 2.5919140919 0.0 2.6348137689 2.0125809127 3.5149796011 0.0 0.0 1.3609666008 0.0 0.0 1.9761103267 0.0 0.0 3.1204680017 3.9005850022 0.0 1.5251794727 2.8695865212 0.0 0.0 0.0 1.7187400254 0.0 2.0557257747 0.0 2.1202775502 0.0 0.0 0.0 2.3108253693 3.9972445619 0.0 0.0 2.3947777688 0.0 0.0 4.4242080409 0.0 2.1541541652 2.5776517075 0.0 0.0 0.0 1.6785530606 0.0 0.0 0.0 1.489116358 3.6726236138 0.0 0.0 2.1091620716 2.2328930245 0.0 0.0 0.0 4.9570225144 2.6487693503 1.9087852188 2.6902373636 0.0 2.7108041605 0.0
0.0 4.5057969479 4.8628454572 10.110443522 0.0 15.217691579 9.9109421698 14.006538677 11.162606903 8.7735253703 9.7930116025 0.0 14.554540795 8.8909662611 0.0 9.0381237545 6.9036967887 12.05733058 0.0 6.4887012609 0.0 0.0 0.0 0.0 9.8508415717 11.94870598 10.704049107 0.0 0.0 5.2317780423 0.0 0.0 5.9415268749 0.0 5.8957430825 0.0 7.0516953327 9.0074860468 0.0 12.037875428 9.5477977694 0.0 7.9267559282 0.0 16.557492573 6.3850897583 0.0 0.0 9.0578900174 15.17623001 0.0 0.0 0.0 0.0 7.7524342373 0.0 0.0 0.0 0.0 7.935400155 5.1080718066 12.598092175 7.7290580643 30.7679179 0.0 0.0 8.2769682052 0.0 7.8686600359 17.003927741 9.0859951726 6.5476494893 0.0 6.6128334625 9.2987913477 8.7623843857
3.2500872374 1.5721381339 1.6967175553 3.5276808953 5.6122196061 5.3096740748 3.4580719699 4.8870851999 3.8947960124 3.0612106943 3.4169242786 3.40908935 5.0782911147 3.1021875303 1.9582030314 3.1535329215 2.4088002881 4.2069781255 2.2343259236 2.2640023085 1.6289018342 2.3260401469 3.0730828418 2.3651496912 3.4371019965 4.1690774217 3.7347985236 4.6684981545 4.4243270598 1.8254435039 3.4345256855 3.3575394503 2.0730852015 3.0212618024 2.0571105699 4.2484884202 2.4604391341 3.1428429794 2.5376993002 4.2001899398 3.3313656033 4.6595571184 2.7657605118 4.7841872052 5.7771501415 2.2278507472 2.8662407274 2.0155142502 3.1604296584 5.2952075299 3.8483791585 2.5782452476 3.0851172921 2.4809847233 2.7049371367 3.4385980444 2.009011946 2.7654880231 2.5387119495 2.7687766083 1.7822805978 4.3956577164 2.6967808497 10.735374361 2.5243955031 2.6724855267 2.8879546723 2.3564350644 2.7454900094 5.9329178694 3.1702359561 2.2845702033 3.2198678302 2.3073138403 3.2444836387 3.0573234426
7.423168188 0.0 3.8752866804 8.0571894497 12.818255943 12.127244841 7.8982033295 11.162055889 8.8956768685 6.9917759688 7.8042223958 7.7863274938 11.598768371 7.0853666707 4.4725170086 7.2026390535 5.5016768364 0.0 5.1031790554 5.1709596348 3.7203962213 5.3126534648 7.0188918402 5.4019792901 7.8503081106 9.522132986 8.5302441333 0.0 10.10512072 4.1692955165 7.8444238409 7.6685880155 4.734906787 0.0 4.6984208813 9.7035069477 5.6196194672 7.1782233279 0.0 9.5931936799 7.6088071991 10.642383926 6.3169705757 10.927037853 0.0 5.0883898144 6.5464664279 4.6034152846 0.0 0.0 8.7896612179 5.8886875045 0.0 5.6665453966 6.1780505683 0.0 4.5885640838 6.3163482141 5.7983938295 6.3238593113 4.0707118515 10.039640214 6.1594216868 24.519492439 5.7656952025 6.1039314013 6.5960608705 0.0 0.0 13.550727711 7.2407886248 5.21793651 7.3541473508 5.2698827594 7.4103696222 6.9828975231
5.4136485129 2.6186999453 2.8262110521 5.8760344072 9.3482365568 8.8442884945 5.7600872871 8.1403850398 6.4875355955 5.0990381219 5.6915478536 5.6784972656 8.4588754498 5.1672929629 3.2617656558 5.2528186367 4.0123224841 7.0075352475 3.7217017053 3.7711334606 2.7132508601 3.8744694719 5.1188134784 3.9396139775 5.725157743 6.9444042994 6.2210288515 7.7762860644 7.3695719095 3.0406290011 5.720866399 5.5926309434 3.4531241159 5.0324955207 3.4265152793 7.076678667 4.0983369636 5.2350124718 4.227028704 6.996228212 5.549033342 7.7613930405 4.6069087345 7.9689885403 9.6229602434 3.7109160475 4.7742779558 3.3572285686 5.264306485 8.8201916676 6.4102193533 4.2945658167 5.1388591815 4.1325596137 4.5055956466 5.7276496999 3.346397724 4.6064548519 4.2287154672 4.6119326263 2.968732838 7.3218175765 4.4920097741 17.881841071 4.2048686583 4.4515412175 4.8104467282 3.9250980822 4.5731442947 9.8824215029 5.2806407693 3.8053932651 5.3633122491 3.8432771886 5.4043146362 5.0925631529
0.0 0.2071620886 0.2235780336 0.4648457578 0.0 0.0 0.4556733257 0.643975714 0.5132208546 0.0 0.0 0.4492188408 0.0 0.4087781056 0.0 0.0 0.0 0.0 0.0 0.2983296676 0.2146418936 0.3065044506 0.0 0.3116579513 0.0 0.0 0.0 0.0 0.0 0.0 0.0 0.4424260631 0.2731723447 0.398114448 0.0 0.0 0.0 0.4141353115 0.334394972 0.5534628935 0.4389771112 0.0 0.0 0.0 0.0 0.0 0.3776871782 0.2655861675 0.0 0.697754369 0.0 0.3397377488 0.4065287446 0.0 0.3564320557 0.0 0.0 0.3644109017 0.0 0.0 0.2348527545 0.0 0.0 0.0 0.3326419185 0.3521558771 0.0 0.3105096169 0.361775745 0.0 0.0 0.0 0.0 0.0 0.4275285947 0.0
1.6016902837 0.7747725491 0.8361671008 0.0 2.7657834872 0.0 0.0 2.4084267001 0.0 0.0 1.6839100053 1.6800488385 0.0 1.5288031559 0.9650309483 1.5541069118 0.0 2.0732600374 1.1011083276 0.0 0.0 1.1463064314 1.5144599419 0.0 1.6938538783 0.0 1.8405630587 2.3007038234 2.1803727549 0.0 0.0 1.6546442978 0.0 1.4889217796 1.0137740226 0.0 1.212540208 1.5488387528 0.0 2.0699147207 0.0 0.0 0.0 2.357717071 0.0 0.0 0.0 0.9932747509 1.5575057241 0.0 1.8965372483 1.2705967749 1.5203906941 0.0 1.3330323814 0.0 0.9900703208 1.3628727393 0.0 1.364493402 0.0 0.0 1.3290128445 0.0 1.2440588372 1.3170397558 1.4232260861 1.161285489 1.3530174272 2.9238282579 1.5623384103 1.1258694397 1.5867977201 0.0 1.5989287487 1.5066934806
2.2522647167 1.0894696019 1.1758013878 2.444633215 3.8891892058 3.6795294103 2.3963952094 0.0 2.6990388247 2.1213759304 0.0 0.0 3.5191842752 2.1497723011 0.0 2.1853539347 1.6692647004 0.0 1.5483564212 1.5689217383 1.1288060474 1.6119130872 0.0 0.0 2.3818633129 2.8891119814 2.5881628167 3.2352035209 3.0659963884 1.2650066585 0.0 2.3267275881 0.0 2.0936919106 1.425548675 2.9441426858 1.705049694 2.1779459552 0.0 2.9106725186 2.3085894805 0.0 1.9166331119 3.3153744049 4.0034837457 1.5438692151 1.9862644872 1.3967230109 0.0 3.6695042982 2.6668725982 1.7866876727 2.1379428663 0.0 1.8744833689 0.0 1.3922170055 1.916444281 0.0 1.9187232243 0.0 0.0 0.0 7.4394633522 1.7493705576 1.8519948599 0.0 1.6329763373 0.0 0.0 2.1969289025 1.5831749999 0.0 0.0 2.2483815017 0.0
0.6890656033 0.333316072 0.3597287151 0.7479194824 1.1898719038 1.1257278659 0.7331613813 1.0361328991 0.8257532085 0.0 0.7244374743 0.7227763559 1.0766713245 0.6577087217 0.4151674262 0.6685946888 0.5107005759 0.8919403414 0.4737094817 0.4800013054 0.3453507993 0.4931542263 0.6515381058 0.5014460166 0.728715443 0.8839048429 0.7918314217 0.9897892772 0.9380214659 0.387020482 0.7281692277 0.7118470299 0.4395241114 0.6405512943 0.436137258 0.9007411256 0.5216487597 0.6663282662 0.5380290348 0.8905011477 0.706297795 0.9878936479 0.5863813173 1.0143170328 1.224839568 0.4723366504 0.6076845795 0.4273182353 0.670056897 1.1226607487 0.8159121626 0.5466253633 0.6540895837 0.5260047224 0.5734858802 0.7290326268 0.4259396525 0.5863235458 0.5382437311 0.5870207735 0.3778693203 0.9319431495 0.0 2.2760549704 0.535208437 0.5666056685 0.6122882505 0.4995983894 0.582083677 1.2578645841 0.6721359743 0.4843619972 0.682658651 0.4891839779 0.6878775592 0.6481968848
0.0 0.0 0.0 0.0 4.0150972467 0.0 2.4739757564 0.0 0.0 0.0 2.4445378524 2.4389325835 0.0 0.0 0.0 0.0 1.7233052309 0.0 0.0 0.0 1.1653498488 1.6640969251 2.198546622 0.0 2.4589734065 2.9826436689 0.0 0.0 0.0 1.3059597986 2.4571302606 2.4020527258 1.4831277585 2.1614727854 1.4716991788 3.0394559293 0.0 2.2484544581 0.0 0.0 0.0 0.0 0.0 0.0 4.1330919413 0.0 0.0 1.4419403168 0.0 3.7883002922 2.7532095406 1.8445296374 0.0 0.0 0.0 0.0 1.4372884347 1.9784869671 1.8162467034 1.9808396885 0.0 3.1447438683 0.0 0.0 1.8060044234 1.9119510698 2.0661021248 1.6858420738 0.0 4.244531375 2.2680519566 1.6344284752 2.3035596193 1.6506997404 0.0 2.1872720239
2.0251267485 0.9795980091 1.0572233466 2.1980951339 3.4969695312 3.3084536535 2.1547218684 0.0 2.4268442686 1.9074379261 2.1290827749 0.0 3.1642791168 1.9329705597 1.2201547368 1.9649638318 0.0 2.6213646927 1.3922066893 1.4106980209 1.0149674252 1.4493537482 0.0 0.0 0.0 2.5977487946 0.0 0.0 2.7567946391 1.1374323818 2.1400501974 2.0920801361 1.2917377248 0.0 0.0 2.647229724 1.5330976493 0.0 0.0 0.0 0.0 2.9033662998 1.7233431546 2.9810232069 3.5997376153 1.3881720121 0.0 1.2558653113 1.969261183 0.0 0.0 1.606502544 0.0 0.0 1.6854441584 0.0 1.2518137307 0.0 0.0 0.0 1.1105376097 0.0 1.6803619825 6.689203146 0.0 0.0 1.7994822379 1.4682927969 1.7107126208 0.0 0.0 1.4235138597 2.0062970601 1.4376854016 2.0216351506 1.9050157827
4.2495308915 2.0555908435 2.2184800404 4.6124881719 7.3380493644 6.9424671884 4.5214736062 6.3899267958 0.0 4.0025723806 4.4676724702 4.4574282002 6.6399309902 4.0561501211 2.5603756657 0.0 3.149537378 5.500678043 2.9214099009 2.9602121561 2.1298101122 3.0413274282 0.0 3.0924636607 4.494055096 5.451122385 4.8832971366 6.1041214207 5.7848645718 2.3867908748 4.4906865362 0.0 2.7105855816 0.0 2.6896985452 5.5549532876 3.2170558338 4.1093076441 3.3180744952 5.4918024028 4.3558034011 6.0924309009 3.6162674646 6.2553863434 7.5536981621 2.9129435245 3.7476466397 2.6353108219 4.1323024531 6.9235519947 5.0318052785 3.3710888434 0.0 3.2439194561 0.0 4.4960111979 0.0 3.6159111821 0.0 3.6202110496 2.3303548196 5.7473790364 3.5260756686 14.036640141 3.3006796093 3.4943092212 3.7760379021 0.0 3.5897635218 7.757366471 4.1451243136 2.9871049433 4.2100186277 3.0168425413 4.2422041141 3.997489749
0.0 3.8260219992 4.1292037597 8.5851137509 0.0 12.921847884 0.0 0.0 9.4785406604 7.4498920979 0.0 8.2965043398 12.358744505 7.549615063 4.7655658976 7.6745713834 0.0 10.238280283 5.4375502717 5.5097719798 3.9641645462 5.6607498929 0.0 5.7559285376 8.3646771036 10.146043524 9.0891639901 11.361454988 10.767229862 0.0 8.3584072839 8.1710503188 5.045148016 0.0 0.0 0.0 5.9878289649 7.6485558872 6.1758525797 10.221760267 8.1073525354 0.0 6.7308720109 11.643000765 0.0 5.421792008 6.9754049226 0.0 0.0 0.0 0.0 6.274526916 0.0 6.0378295817 0.0 8.3683179491 4.8892166256 6.7302088708 6.1783170061 6.7382121112 4.3374336064 10.697458933 6.5630001815 26.126062074 6.1434758952 6.5038740537 7.0282488993 5.7347202526 0.0 0.0 0.0 5.5598268805 7.8360068287 5.6151767594 0.0 7.4404319175
2.6428453689 1.2784019883 1.3797051605 2.8685738063 0.0 4.3176218096 0.0 3.9739888639 3.1670976354 0.0 2.7785108048 2.7721397436 0.0 0.0 1.5923350467 0.0 1.9587433263 0.0 1.8168675142 1.8409992038 1.3245600362 1.891445977 2.4989122333 1.9232483474 0.0 3.3901326801 3.0369938593 3.7962423241 3.5976918238 1.4843801283 0.0 2.7302213569 1.6857527887 2.4567733663 0.0 3.4547066359 0.0 0.0 2.0635590227 0.0 2.7089377958 0.0 2.2490095884 0.0 4.6977552853 0.0 2.3307162176 0.0 2.5699392898 0.0 3.1293532432 2.0965294206 2.5086981833 0.0 2.1995503698 0.0 1.633650893 2.2487880111 2.06438247 2.2514621616 1.4492817208 3.5743790214 2.1929179924 8.7295916513 0.0 0.0 2.3483731586 0.0 2.2325263991 4.8244195832 0.0 0.0 2.6182721146 1.876218468 0.0 2.4860972988
0.9762640594 0.4722402337 0.5096615097 1.0596478862 1.6858034553 1.5949245628 1.0387386961 1.4679869454 1.1699222476 0.9195291574 1.0263787164 1.0240252537 1.525421546 0.9318378155 0.5882067467 0.9472609892 0.7235575465 1.2636957849 0.6711487837 0.6800630022 0.4892909638 0.6986979826 0.9230953235 0.7104457419 1.032439717 1.2523111382 1.1218620613 1.4023275767 1.3289832487 0.5483283232 1.0316658425 1.0085406495 0.6227151539 0.9075292742 0.6179166801 1.2761646837 0.7390688685 0.944049935 0.762276345 1.2616567437 1.0006785263 1.3996418604 0.8307815721 1.4370783554 1.7353454344 0.6692037645 0.8609639075 0.605421941 0.949332637 1.5905790894 1.1559795122 0.7744555723 0.9267102423 0.7452403706 0.8125113933 1.0328891012 0.6034687731 0.8306997217 0.7625805255 0.8316875498 0.5353630116 1.3203715262 0.8100614006 3.224701181 0.7582801387 0.8027635502 0.8674863614 0.7078280347 0.8246927008 1.7821350813 0.9522782614 0.6862412045 0.9671867273 0.6930729582 0.9745808455 0.9183615014
0.0 0.5184948386 0.5595814236 1.1634374213 1.8509231702 1.7511429454 0.0 1.6117721447 1.2845128467 1.0095944565 1.1269096297 0.0 1.6748323033 1.023108713 0.645819946 1.0400425433 0.0 1.3874712388 0.7368859225 0.7466732637 0.5372156399 0.0 1.0135099185 0.7800319074 1.1335642883 1.3749714979 1.2317453002 0.0 1.4591534263 0.0 1.1327146149 1.1073243742 0.6837083547 0.0 0.6784398838 1.4011614312 0.8114585889 1.0365169753 0.8369391726 1.3852324792 1.0986921782 1.5367328506 0.9121542943 1.5778361451 1.905317647 0.7347503942 0.9452929048 0.6647213202 0.0 1.746371845 1.2692044596 0.8503113211 0.0 0.8182345724 0.8920946028 1.1340576884 0.0 0.0 0.0 0.91314901 0.5878003153 1.4496982097 0.0 0.0 0.8325515492 0.8813919858 0.9524542147 0.0 0.0 1.9566902085 0.0 0.7534566036 1.0619199515 0.7609575084 1.0700383028 1.0083124318
0.9134285767 0.4418453393 0.4768580621 0.9914455533 1.5772997439 1.4922701081 0.9718821456 1.3735026024 1.0946223035 0.8603453148 0.9603176938 0.9581157075 1.4272405281 0.8718617482 0.0 0.886292237 0.6769870647 1.1823602755 0.6279514977 0.6362919686 0.4577986298 0.6537275419 0.8636819511 0.6647191778 0.9659885891 1.1717083812 1.0496554248 1.312069281 1.243445629 0.5130361556 0.9652645235 0.9436277421 0.5826352115 0.8491177826 0.5781455828 1.194026636 0.0 0.8832878566 0.7132137972 0.0 0.0 1.309556426 0.7773098084 1.3445833882 1.6236530425 0.0 0.805549512 0.0 0.888230547 1.4882043232 1.0815769672 0.7246091305 0.8670642021 0.6972743127 0.7602155568 0.9664090494 0.5646275895 0.7772332262 0.7134983997 0.7781574745 0.5009053329 1.2353881845 0.7579232535 3.0171490815 0.7094747996 0.7510951161 0.0 0.0 0.7716128364 1.6674311578 0.0 0.642072522 0.9049354908 0.6484645621 0.9118536999 0.8592528129
5.4221303233 2.6228027821 0.0 5.8852406586 9.362882866 8.8581452452 5.7691118789 8.1531389528 6.4976999138 5.1070270178 5.7004650616 5.6873940266 8.4721283562 5.1753887968 3.266876013 5.2610484675 4.018608773 7.018514273 3.7275326654 3.7770418676 2.7175018342 3.8805397802 5.1268333572 3.9457863507 5.7341276091 6.9552844147 6.2307756215 7.7884695269 7.3811181544 0.0 5.7298295417 5.6013931737 3.4585342831 5.0403801613 0.0 0.0 0.0 0.0 4.2336513829 7.0071895223 5.557727266 7.7735531694 0.0 7.9814739185 9.6380369747 3.7167301091 4.7817580351 0.0 5.2725543144 0.0 0.0 4.3012943091 5.1469104669 4.1390342836 4.5126547691 5.7366234703 3.3516406781 4.6136719951 0.0 4.6191583518 2.9733840873 7.3332890025 4.4990476109 17.909857368 4.2114566181 4.4585156505 4.8179834748 0.0 4.5803092487 9.897904744 5.2889141904 0.0 5.3717151953 0.0 0.0 5.1005419041
0.0 0.0 0.0 0.0 15.009310445 14.200183197 0.0 0.0 0.0 0.0 0.0 0.0 13.581373007 0.0 0.0 8.4338030118 0.0 11.25113505 0.0 0.0 0.0 0.0 0.0 6.3253522589 0.0 11.149773473 0.0 0.0 0.0 4.8819629615 0.0 0.0 0.0 8.0800573588 5.5015329638 0.0 6.580194181 0.0 0.0 0.0 0.0 0.0 0.0 12.794822019 15.450400384 0.0 0.0 5.3902878381 0.0 0.0 10.292098591 0.0 8.2508323702 6.6351412694 7.2340792178 9.1961806852 0.0 0.0 0.0 0.0 0.0 0.0 7.2122660579 28.710666694 6.7512389838 0.0 7.7235409997 6.3020458762 0.0 0.0 0.0 6.1098506154 0.0 6.1706761589 0.0 8.1765005471
0.7274776608 0.3518968226 0.0 0.7896123575 1.2562014779 1.1884817217 0.774031564 0.0 0.0 0.0 0.7648213416 0.0 1.1366905166 0.0 0.4383109918 0.7058655923 0.5391696502 0.9416616793 0.5001164823 0.0 0.0 0.520645177 0.6878581877 0.5293991942 0.7693377862 0.9331782407 0.835972174 0.0 0.9903116024 0.4085949924 0.7687611221 0.7515290412 0.4640254439 0.6762589149 0.4604497898 0.9509530643 0.5507281421 0.7034728276 0.5680215378 0.9401422574 0.7456704634 0.0 0.0 0.0 1.2931184193 0.0 0.6415600405 0.0 0.7074093115 1.1852436276 0.0 0.0 0.6905518981 0.0 0.0 0.7696726515 0.4496837174 0.0 0.5682482024 0.6197443278 0.3989336979 0.9838944494 0.6036292816 2.4029339698 0.5650437054 0.5981911799 0.6464203438 0.5274485708 0.0 1.3279844195 0.0 0.5113628238 0.720713552 0.5164536065 0.7262233889 0.6843307099
0.3418354095 0.1653532486 0.0 0.0 0.0 0.558457198 0.3637106827 0.5140104399 0.0 0.0 0.0 0.0 0.0 0.0 0.0 0.331680087 0.0 0.4424786122 0.0 0.0 0.1713235015 0.2446466289 0.0 0.0 0.0 0.0 0.0 0.491020044 0.0 0.0 0.361234148 0.0 0.0 0.3177681675 0.2163613413 0.446844553 0.2587823518 0.0 0.0 0.4417646491 0.0 0.49007965 0.0 0.0 0.0 0.2343193326 0.0 0.0 0.0 0.0 0.0 0.0 0.3244843156 0.0 0.0 0.3616624677 0.2113024578 0.2908665712 0.2670148755 0.2912124557 0.0 0.0 0.0 1.1291177199 0.0 0.0 0.0 0.0 0.2887632341 0.0 0.0 0.0 0.0 0.0 0.3412460381 0.3215610335
8.6151788233 4.1673500338 0.0 9.3510110729 0.0 14.07463502 9.1664949982 12.954456249 10.324142608 8.114513741 9.0574226278 0.0 0.0 8.2231332162 5.1907127581 8.3592371712 0.0 11.151660313 5.9226463709 6.0013111401 4.3178165883 6.1657581326 8.1459838728 6.2694278784 9.1109087761 11.051194904 9.9000287685 12.375035961 0.0 0.0 9.1040796117 8.90000811 5.4952370266 8.0086190921 5.4528922225 11.261693855 6.5220166649 8.3309007741 0.0 11.133666508 0.0 12.351335481 7.3313482535 12.681699071 15.313798653 5.905482277 7.5976964967 5.3426306491 8.3775187178 14.036287781 10.201102989 6.8342915856 8.1778842292 6.5764779492 0.0 9.1148744297 5.3253946459 7.3306259532 0.0 0.0 4.7243858216 11.651803323 0.0 28.456826879 0.0 7.0840992977 7.6552548035 6.2463275546 7.2776161565 15.726700441 8.4035127919 6.0558315511 0.0 0.0 8.6003250667 8.1042095965
2.0690697127 1.0008541801 1.0801638997 2.2457913168 3.5728498222 3.3802433628 2.2014769004 3.1112149405 2.4795040496 1.9488271758 2.1752814676 2.1702935974 3.2329404015 1.9749138388 1.2466307172 2.0076013287 1.5334898285 2.6782453473 1.4224160028 1.4413085754 1.0369910725 1.4808030883 1.9563852193 1.5057009965 0.0 2.6541170108 2.3776464889 2.9720581111 2.8166139707 0.0 2.1864868708 2.1374759133 1.3197669752 0.0 1.3095972093 2.7046716205 1.5663641375 2.0007959005 1.6155494848 2.6739238542 2.1208131255 0.0 0.0 3.0457080452 3.6778478578 1.4182937777 1.8247054449 1.2831161708 2.0119919276 3.3710336747 2.4499541638 0.0 1.964046588 1.5794438653 1.7220163939 2.1890794149 1.2789766755 0.0 1.6161941574 1.7626578621 1.1346350221 2.7983625005 1.7168239406 0.0 1.6070800249 1.7013570582 1.838528971 1.5001530931 1.7478331535 3.7770126692 2.0182348103 1.4544025034 0.0 1.4688815518 2.0655023512 1.9463524746
1.8966318433 0.0 0.9901422053 2.0586253323 3.275085756 0.0 0.0 2.8519238821 2.2728602652 0.0 0.0 1.9894196512 2.9635046491 0.0 0.0 1.8402862819 0.0 2.4550383096 0.0 1.3211888045 0.0 1.3573918142 1.7933385627 0.0 2.0057668054 2.4329208473 0.0 2.7243644905 2.5818751849 1.0652619529 0.0 1.9593370182 0.0 1.7630977026 1.2004543654 0.0 1.4358221394 1.8340480234 1.4809083418 2.451076973 1.94406292 0.0 1.6139965098 2.7918763821 3.3713331741 1.3000920778 0.0 0.0 1.8443109649 3.0900891221 2.2457730898 1.5045694714 1.800361427 1.4478117926 1.5785022164 2.0066398441 1.1723857706 0.0 1.4814992869 1.6157565932 0.0 2.5651448064 1.5737425061 6.2647711818 0.0 0.0 1.6853045453 0.0 0.0 3.4622335135 0.0 0.0 1.8789969044 1.3464638277 0.0 0.0
0.6984695899 0.3378649856 0.3646380938 0.7581266742 1.206110618 1.1410911777 0.0 1.0502734683 0.8370226319 0.6578785189 0.7343241966 0.7326404082 1.0913651398 0.0 0.4208334018 0.6777192997 0.5176703351 0.9041130503 0.4801744069 0.4865520979 0.3500639561 0.4998845227 0.6604299378 0.5082894747 0.7386605486 0.8959678877 0.8026378994 1.0032973742 0.9508230645 0.3923023237 0.0 0.7215619248 0.4455224936 0.6492931844 0.4420894183 0.9130339427 0.5287679337 0.0 0.0 0.0 0.715936957 1.0013758745 0.0 1.0281598711 1.2415555015 0.47878284 0.6159779228 0.4331500384 0.6792014632 1.1379822022 0.8270472809 0.5540854042 0.6630162369 0.0 0.5813124986 0.7389820612 0.4317526415 0.5943253655 0.5455893841 0.5950321086 0.383026272 0.9446617946 0.5795596476 2.3071173108 0.5425126659 0.5743383895 0.6206444222 0.5064166322 0.5900276333 1.2750312248 0.6813089146 0.4909723021 0.691975199 0.4958600905 0.6972653319 0.6570431176
5.0881991354 2.461272978 2.6563092519 5.5227880271 8.7862536795 8.31260119 5.4138112373 7.6510139184 6.0975279294 4.792502007 5.3493921518 5.337126119 7.9503578127 4.8566536087 3.0656798553 4.9370377818 3.771115865 6.5862670439 0.0 0.0 2.5501398267 3.6415500877 4.8110885391 3.7027783364 5.3809815337 6.5269313048 5.8470426272 7.308803284 6.9265393438 2.8578371532 5.3769481701 5.256421776 3.2455345224 4.7299597114 3.2205253148 6.6512538058 3.8519594585 4.9203020605 3.9729147072 6.5756397473 5.215445108 7.2948055759 4.3299576956 7.4899211694 9.0444619509 3.487828916 4.487265272 3.1554038758 4.9478350213 8.289952979 6.0248596659 4.0363917279 4.8299291655 3.8841247642 4.2347351918 5.383323683 3.1452241432 4.3295310988 3.9745000683 4.3346795688 2.7902631328 6.8816558322 4.2219660538 16.80684811 3.9520868451 4.1839303236 4.5212597059 3.6891350853 4.2982230544 9.2883253183 4.9631873463 0.0 5.0408889095 3.612232974 5.0794263783 4.7864162902
0.0 0.0 4.279471803 8.8975391773 14.155175964 0.0 0.0 0.0 0.0 0.0 0.0 0.0 12.808498129 0.0 4.9389921329 7.9538607797 0.0 0.0 0.0 0.0 4.10842656 5.8667532436 7.7509490772 5.9653955848 0.0 0.0 0.0 0.0 11.159065833 4.6041452086 8.6625825151 8.4684073433 0.0 0.0 0.0 10.715564498 0.0 0.0 0.0 10.593745764 0.0 11.752364582 6.975818743 0.0 14.571164809 0.0 0.0 5.0835428533 0.0 0.0 0.0 0.0 0.0 0.0 6.8224096398 0.0 0.0 0.0 6.4031554161 0.0 0.0 11.086755833 6.8018378008 27.076829451 6.3670463838 6.7405599828 7.2840176314 0.0 6.9246923531 0.0 0.0 5.7621574883 0.0 5.819521634 8.1832572566 7.7112006204
3.7865439455 0.0 0.0 0.0 6.5385679271 6.1860844809 4.0288584658 0.0 0.0 3.5664915966 3.9809189706 3.9717908152 0.0 0.0 0.0 0.0 0.0 0.0 0.0 0.0 0.0 0.0 0.0 2.7555393407 0.0 0.0 0.0 0.0 0.0 2.126749697 4.0014256511 0.0 2.4152669282 0.0 0.0 0.0 0.0 0.0 0.0 4.8934698132 0.0 0.0 0.0 5.5738611837 6.73072176 0.0 3.3393400485 2.3481933634 0.0 0.0 4.4835894357 3.0038082733 0.0 0.0 3.1514118206 4.0061701902 0.0 0.0 0.0 0.0 2.0764623574 5.1212013391 0.0 0.0 0.0 3.1136037748 0.0 0.0 3.1986583169 0.0 0.0 2.6616594693 0.0 2.6881571521 0.0 3.5619627184
4.6360647205 2.2425656931 2.4202711572 0.0 8.0055122892 7.5739482844 4.9327431204 0.0 0.0 0.0 4.8740482774 4.8628721971 7.2438936428 4.4250941945 2.7932653269 4.4983354768 3.4360167032 6.0010151861 3.1871389387 0.0 2.3235358853 3.3179640655 4.3835780105 3.3737516076 4.9028306452 5.9469519863 5.327477821 0.0 6.3110510875 2.6038914064 4.8991556839 0.0 2.9571382129 4.3096582432 2.934351309 0.0 0.0 4.4830868819 3.6198838177 0.0 0.0 6.6465933964 3.9452001739 0.0 0.0 0.0 4.0885294906 0.0 4.5081732799 7.5533125802 5.4894941412 0.0 4.4007444698 3.5389836973 3.8584390863 0.0 0.0 3.9448114842 3.6213283045 3.9495024642 2.5423219741 6.2701558986 0.0 0.0 3.6009067073 3.8121487091 4.1195031988 0.0 3.9162854544 8.4629701343 0.0 0.0 0.0 0.0 0.0 4.3610981233
6.1994204972 0.0 3.2364256164 6.7289200728 10.705100116 10.12800577 6.5961436373 9.321933212 7.4291785015 0.0 6.5176559468 6.5027111121 0.0 0.0 3.7351994344 6.0152467318 0.0 8.0246542687 4.2618935791 4.3185001792 3.1070696511 4.436835048 5.8617911975 4.5114350488 6.5561441931 7.9523600861 7.1239892438 8.9049865547 8.439239275 3.4819655744 6.5512299757 6.404381596 3.9543328999 5.7629444928 0.0 8.1038336115 4.6931961164 5.9948560649 4.8405670089 8.0117060569 6.3544559566 8.8879318609 5.2755852859 9.1256591152 11.019698976 4.249542421 5.4672475592 3.8445184522 6.0284020007 10.100411374 7.3406400795 4.9179068953 5.8847464637 4.7323860635 5.1595669606 6.5589978488 3.8321155487 5.2750655238 4.8424985999 5.2813383778 3.3996339368 8.384553569 5.1440091466 20.477327222 0.0 5.0976667218 5.5086661013 4.4948122226 0.0 11.316820122 6.0471071488 4.3577326734 6.1417781022 4.4011153148 6.1887318412 5.8317307298
0.0 1.9602822739 0.0 0.0 6.9978167784 0.0 0.0 6.09365442 4.8563796138 0.0 0.0 4.2507571561 6.3320670362 0.0 2.4416624776 3.9321065707 3.0035073919 5.2456361616 0.0 0.0 0.0 0.0 0.0 0.0 0.0 0.0 4.6568804513 0.0 0.0 0.0 0.0 4.1864801359 0.0 3.7671791228 2.5649892327 5.2973949054 0.0 3.9187773959 0.0 0.0 4.1538442452 5.8099520815 3.4485972882 0.0 0.0 0.0 0.0 2.5131232252 0.0 0.0 4.7985029337 3.2147865049 0.0 0.0 0.0 0.0 0.0 0.0 3.1654928571 0.0 0.0 0.0 0.0 0.0 0.0 0.0 0.0 0.0 3.4233222149 0.0 0.0 0.0 0.0 0.0 0.0 0.0
0.0 1.3373463841 1.4433204301 0.0 4.774059884 4.5166981652 0.0 4.1572210355 3.3131257691 0.0 2.9066220266 2.8999572093 0.0 0.0 1.6657542279 2.6825669825 2.0490568137 0.0 1.9006394098 1.9258837602 0.0 1.9786565269 2.6141317598 2.0119252368 2.9237862932 3.5464444853 3.1770231847 3.9712789809 3.7635737395 1.5528217379 2.9215947426 2.8561060549 1.7634792633 0.0 1.749890371 3.6139958088 2.0929836307 2.6734735351 2.1587053389 3.5729104889 0.0 0.0 0.0 4.069690393 4.9143587868 1.8951312718 2.4381805836 0.0 0.0 0.0 3.2736410633 0.0 2.6243689191 2.1104608287 2.3009669577 2.9250589131 1.7089750599 2.3524748419 0.0 0.0 0.0 3.7391860334 2.2940287754 9.1320945496 2.1473884039 0.0 2.4566516487 2.0045121004 2.3354634415 0.0 2.696775494 1.9433799326 2.7389950712 1.9627269098 2.7599346196 2.6007259559
1.4555765075 0.7040941264 0.7598879762 1.5798989572 2.5134756137 2.377978276 1.5487240658 2.1887186058 1.7443142793 1.3709866984 1.5302957565 1.5267868237 2.2743516419 1.3893384888 0.8769962531 1.4123339163 1.078799692 1.884127434 1.0006600091 1.0139508057 0.7295161851 1.0417349277 1.3763037307 1.0592504372 1.5393325023 1.867153313 1.6726581762 2.0908227203 1.981468822 0.81753888 1.5381786817 1.5036998055 0.9284471144 1.3530952806 0.9212927531 1.902718138 1.1019265454 1.4075463437 1.1365281036 1.881087293 1.4919776473 2.0868184087 1.2386670671 2.1426349494 2.5873410195 0.9977600516 1.2836679027 0.9026635222 1.4154226728 2.3714993229 1.7235261351 1.1546869173 1.3816934516 1.1111280452 1.2114268519 1.5400025189 0.0 1.238545031 1.1369816264 1.2400178491 0.7982080413 1.9686290366 1.2077739962 4.807919781 1.130569896 1.1968931494 1.2933926595 1.0553475247 1.2295887671 2.6571027916 1.4198144984 0.0 1.4420425141 1.0333482076 1.4530668928 1.3692457629
1.9582959334 0.9472704852 1.022334124 2.1255562226 0.0 3.199272016 0.0 0.0 2.3467564515 1.844490937 0.0 2.0541004973 3.0598553553 1.8691809732 0.0 0.0 0.0 0.0 1.3462627463 1.3641438491 0.981472682 1.4015239062 0.0 1.4250888311 2.0709791371 2.5120209904 2.2503521372 2.8129401715 2.6658181939 1.0998961964 2.0694268159 0.0 1.2491093386 0.0 1.2394840413 0.0 1.482504191 0.0 1.529056255 2.5307674157 2.0072691091 0.0 1.6664714413 0.0 3.4809433724 1.3423612167 0.0 0.0 1.9042739766 3.1905553958 0.0 1.5534866651 0.0 1.4948836568 1.6298231426 0.0 1.2105028686 1.6663072569 1.5296664131 1.6682887493 0.0 2.6485438703 1.6249086826 0.0 0.0 0.0 1.7400978735 1.4198379511 1.6542577254 3.5747991017 1.9101826281 0.0 1.9400876399 0.0 0.0 1.8421487263
0.9487108783 0.4589121586 0.4952772909 1.0297413565 1.6382248853 1.5499108753 1.0094222881 1.4265558287 1.1369034355 0.8935772102 0.9974111452 0.9951241044 1.4823694479 0.9055384799 0.5716057392 0.9205263641 0.7031365222 1.2280303946 0.6522068962 0.660869528 0.4754816646 0.6789785718 0.0 0.6903947731 1.0033010857 1.2169670577 0.0 1.3627495698 1.2914752449 0.5328528077 1.0025490523 0.9800765235 0.6051402127 0.0 0.0 1.2401473826 0.7182100668 0.9174059358 0.7407625568 1.2260489014 0.9724362937 1.3601396527 0.8073343553 1.3965195744 1.6863686371 0.6503167714 0.8366648521 0.5883350676 0.9225395437 1.5456880445 1.1233542071 0.7525980488 0.9005556227 0.7242073901 0.7895798172 1.0037377869 0.5864370242 0.8072548149 0.7410581524 0.8082147635 0.5202534172 0.0 0.7871989709 0.0 0.7368791358 0.7801070882 0.8430032222 0.6878509456 0.8014173307 1.7318377359 0.9254020334 0.6668733624 0.9398897365 0.6735123029 0.0 0.892442509
1.836005724 0.8881160418 0.0 1.992821067 3.1703971521 2.9994862544 1.9534983116 2.7607617105 2.2002079484 1.7293075375 1.9302535827 0.0 0.0 1.7524557486 1.1062078375 1.7814612569 1.3607545872 2.3765626444 1.2621923307 1.2789568076 0.9201824053 1.3140025827 1.7360142285 1.3360959427 1.9416521708 2.3551521701 2.1098238191 2.6372797738 2.4993451601 1.031210696 1.9401967878 1.8967065187 1.1711058868 1.706740022 1.1620816629 2.4000122115 1.3899258709 1.7754224052 1.4335708862 2.3727279326 0.0 2.632228896 1.562404871 2.7026336378 0.0 1.2585344409 0.0 1.1385834995 1.7853572903 2.9913139632 2.1739866186 1.4564756842 1.7428126059 1.401532273 0.0 1.9424973027 0.0 1.5622509395 1.4341429416 1.5641086931 1.0068275527 2.4831495707 1.5234375926 0.0 1.4260554425 1.5097129296 1.6314335345 1.3311729657 1.5509538681 0.0 1.7908969627 1.2905758104 1.8189344885 1.3034239109 1.8328401969 1.7271115914
0.0 0.0 7.2314410082 0.0 23.919381796 22.629927252 14.738365483 20.828845799 0.0 13.046935525 14.562993276 14.529600669 21.643768878 13.221579544 8.3458968519 13.440414533 0.0 17.930217108 9.5227376288 9.6492189196 6.942409174 9.9136253125 13.097534833 10.0803109 14.648991076 17.76868362 0.0 19.897223846 18.856562209 0.0 14.638010792 14.309894061 8.8355267452 12.876672623 0.0 0.0 0.0 13.394853806 10.815720464 17.901285737 14.19834065 19.859116987 11.787721487 20.390292679 24.622318731 9.4951403095 12.215969989 8.5901583064 0.0 22.568270575 16.401861803 10.988528028 0.0 10.574001909 11.528491158 14.655367259 8.5624453677 11.786560135 0.0 11.800576145 0.0 18.734372947 11.493728915 45.754360322 10.75901944 11.390181808 12.308515216 10.043169003 0.0 25.286203613 13.51160317 9.7368796606 0.0 0.0 0.0 13.030367988
6.228816339 3.0130144148 3.2517718017 6.760826647 10.755860575 10.176029816 6.6274206244 9.3661350973 7.4644054966 5.8668330408 6.5485607682 6.5335450694 9.7325826538 5.9453654516 3.7529106594 6.0437692753 4.6164836499 8.0627048361 0.0 4.3389772461 3.1218024682 4.4578732243 5.8895860997 4.5328269565 6.5872315145 7.9900678555 7.1577691206 8.9472114007 8.4792556834 3.4984760384 6.5822939953 6.4347493035 3.9730831919 0.0 3.9424676919 8.1422596242 4.715449882 6.0232819219 4.8635195642 8.0496952276 6.3845869313 8.9300758386 5.3006005708 9.168930326 11.071951171 4.2696925103 5.4931716507 3.8627480361 6.0569869228 10.148304575 7.3754472513 4.9412261738 5.9126502131 4.7548256564 5.1840321206 6.5900987014 3.8502863217 5.3000783442 4.8654603143 5.3063809422 3.4157540082 8.4243106738 0.0 20.574424728 4.8380227382 5.1218383689 5.5347865874 4.5161253097 5.2617520024 11.370481179 6.0757807652 4.3783957693 6.1709006206 4.4219841185 6.2180770005 0.0
6.5626364208 3.1744904744 3.4260435525 0.0 11.332297904 10.721392357 6.9826030498 9.868093064 7.8644443351 6.1812534024 6.8995168684 6.8836964354 0.0 6.2639945897 3.9540398749 6.3676721558 4.8638942117 0.0 4.5115923393 4.571515446 3.2891087907 4.6967833997 6.2052258628 4.7757541168 6.9402600906 8.4182784433 7.5413744387 9.4267180484 8.9336832459 3.6859693749 6.9350579556 6.7796059219 0.0 6.1005878592 4.1537558108 8.5786266041 4.9681643272 6.3460868265 5.1241694872 8.4811014167 6.7267552047 9.4086641425 5.584674915 9.660319525 11.6653287 0.0 5.7875664297 4.0697637507 0.0 10.692181241 7.770718563 5.2060406162 6.229526048 5.0096503619 5.4618592281 6.9432809382 4.0566341774 5.5841247007 5.1262142476 5.590765073 3.5988140345 8.875793576 5.4453899021 21.677066991 5.0973062133 5.3963323354 5.83141163 4.758157381 5.5437443407 11.979857785 6.4013992329 4.6130465207 0.0 4.6589708942 6.5513215304 6.1734041917
0.0 0.3669909119 0.3960720177 0.8234816017 1.3100843664 1.2394598722 0.8072324933 1.1408131483 0.9091788498 0.7145914726 0.7976272122 0.7957982714 1.1854471607 0.7241568702 0.457111688 0.736142644 0.562296528 0.9820528523 0.5215682328 0.5284957179 0.0 0.5429774752 0.7173628386 0.552106983 0.8023373829 0.9732055293 0.8718299533 1.0897874417 1.0327895413 0.4261210651 0.8017359837 0.7837647583 0.4839291231 0.7052660323 0.0 0.9917427775 0.5743508042 0.7336472452 0.5923859744 0.9804682571 0.7776548856 1.0877002975 0.645623276 1.1167932304 1.3485848049 0.5200567047 0.6690788014 0.4704900903 0.7377525787 1.2360828849 0.8983435655 0.6018507879 0.7201720917 0.5791468487 0.631425016 0.0 0.4689722297 0.6455596678 0.5926223614 0.6463273363 0.4160453638 0.0 0.6295210592 2.506004238 0.5892804122 0.6238496983 0.6741475802 0.0 0.6408914461 1.3849463302 0.7400417046 0.5332969693 0.7516274847 0.5386061136 0.7573736579 0.7136840548
2.7060064832 1.3089543979 1.4126786051 2.9371295834 4.6727061554 4.4208082494 2.8791735381 4.0689628521 3.2427878056 2.548748812 2.8449141747 2.8383908521 4.2281599467 2.5828659221 0.0 2.6256158397 2.0055551499 3.5027090817 1.860288661 1.8849970716 1.3562155727 1.9366494675 2.5586335031 1.9692118798 2.8617140424 3.471153144 3.1095746915 3.8869683644 3.6836727243 1.5198551902 2.8595690186 2.7954706618 1.726040437 2.5154875632 1.7127400382 0.0 2.0485493965 2.616715447 2.1128758268 3.4970572719 2.7736784468 3.8795241021 2.3027584583 3.9832904931 4.8100264996 1.8548974613 2.3864177865 1.6781071491 2.6313580285 4.408763476 3.2041413637 2.1466341812 2.5686533266 2.065655552 2.2521172184 2.8629596444 1.6726933629 2.3025315855 2.1137189536 2.3052696453 1.4839179691 3.6598027714 2.2453263344 8.9382193458 2.1017991514 2.2250981692 2.4044967091 1.9619561249 2.2858813387 4.9397179357 2.6395227033 1.9021217986 2.680845955 1.9210580377 2.7013409548 2.5455123056
5.5996351117 2.7086657225 2.9233059003 0.0 9.6693964396 0.0 5.957975835 8.4200490266 0.0 0.0 0.0 5.8735827777 8.749481216 5.3448159847 0.0 0.0 0.0 0.0 3.8495612515 0.0 0.0 4.0075773745 0.0 4.0749599281 5.9218462819 0.0 6.4347531068 0.0 7.622754511 3.1450902059 5.9174075082 0.0 3.571756644 5.2053875589 3.5442336574 7.319798883 0.0 5.4148620062 0.0 0.0 0.0 0.0 4.7651796833 0.0 0.0 3.8384050509 0.0 0.0 0.0 9.1232104995 6.6304432728 4.4421061839 0.0 0.0 0.0 0.0 3.461363653 0.0 0.0 0.0 0.0 0.0 0.0 18.496174047 0.0 4.604474495 0.0 0.0 0.0 10.221933379 0.0 3.9361280456 5.5475695389 3.9753134762 0.0 0.0
6.0936779595 2.9476450311 3.1812224151 6.6141459444 0.0 9.9552539729 6.4836342556 9.1629304674 7.3024601754 5.7395481336 6.4064853173 6.3917953942 9.5214276965 5.8163767306 3.6714887267 5.9126456169 4.5163259176 7.8877790064 4.1891991324 4.2448402027 3.0540728541 4.3611566524 5.7618075495 4.4344842127 6.4443170756 7.8167179343 7.0024764828 8.7530956035 8.2952925017 3.4225742368 6.4394866792 6.2951430692 3.8868844673 5.6646468574 3.8569331913 7.9656077997 4.6131450104 5.8926027504 4.7580022209 7.8750516502 6.2460690036 8.7363318089 5.1856004597 8.9700041869 10.831737709 4.1770586461 5.3739935798 3.7789431073 5.9255764986 0.0 7.2154319393 4.834022933 5.7843712714 4.6516665008 5.0715610407 6.4471220569 3.7667517582 5.1850895631 4.759900865 5.191255422 3.3416469169 8.2415395611 5.0562685938 0.0 4.7330585657 5.0107166245 5.4147056524 4.4181449194 5.1475947372 11.123790906 5.9439625959 4.2834035145 6.0370187617 4.326046185 6.0831716182 5.7322598185
2.7853592154 1.3473390464 1.4541049312 3.0232599229 0.0 4.550446968 0.0 4.1882838225 0.0 2.6234900157 2.9283403283 0.0 4.3521493184 2.6586075986 1.6782007561 2.7026111432 0.0 0.0 0.0 1.9402739782 1.3959861393 1.9934410633 2.633664572 2.0269583574 2.9456328465 3.5729435452 3.2007619259 0.0 3.7916951909 1.5644244336 2.9434249206 2.8774469009 0.0 2.589253392 1.7629655651 0.0 0.0 2.6934497495 0.0 0.0 0.0 3.9932898447 2.3702860774 4.1000991503 4.9510789127 1.909291707 2.4563986874 1.7273170782 2.7085217198 4.5380489856 3.2981017341 0.0 2.6439782235 2.1262302079 2.3181598002 0.0 1.7217445345 2.3700525517 2.1757030527 0.0 1.5274333656 0.0 0.0 0.0 2.1634337063 2.2903484264 0.0 2.0194898299 2.352914042 5.0845735067 2.7169258209 0.0 0.0 1.9773924201 0.0 0.0
7.4888518156 3.6225210767 0.0 0.0 12.931677804 12.234552316 7.9680902879 11.260822926 8.9743899344 7.0536424383 7.8732777673 7.855224523 11.701399642 7.1480612741 4.512091909 7.2663713373 5.5503582192 9.6937200367 0.0 5.2167146788 0.0 5.3596622813 7.0809982436 5.449778503 7.9197712699 0.0 8.6057236812 10.757154602 0.0 4.2061873728 0.0 7.7364432313 4.7768034336 6.9615921919 0.0 0.0 5.669344461 0.0 0.0 9.6780786974 7.6761334466 10.736552664 0.0 11.023725341 13.311710784 5.1334142424 6.6043925926 0.0 0.0 12.201218499 8.8674362082 5.9407933369 7.1087280269 0.0 0.0 0.0 4.6291658225 0.0 5.8497007016 6.3798157452 0.0 10.128475597 6.2139231004 24.736452256 5.8167127421 6.1579418113 0.0 5.4296982579 6.3261587583 0.0 0.0 5.2641072271 0.0 0.0 0.0 0.0
6.2004979656 0.0 0.0 0.0 10.706960678 10.129766032 6.5972900568 9.3235533778 7.4304697037 5.8401603699 6.5187887251 6.5038412928 9.6883349358 5.9183357449 3.7358486175 6.0162921905 4.5954955037 0.0 4.2626343025 4.3192507409 3.1076096644 0.0 0.0 4.5122191429 6.5572836606 7.953742218 7.1252274036 8.9065342545 8.4407060273 3.4825707452 6.5523685891 6.405494687 3.9550201688 5.763946101 3.9245438576 8.1052420698 4.6940118008 5.9958979797 0.0 8.0130985032 6.3555603705 8.8894765966 5.2765021904 0.0 11.021614216 4.2502809977 5.4681977749 3.8451866352 6.0294497459 10.10216684 7.3419158935 4.9187616348 0.0 4.7332085592 5.160463701 0.0 3.8327815761 5.2759823379 4.8433402333 5.2822562822 3.4002247982 0.0 5.144903183 0.0 4.8160273981 5.0985527038 5.5096235156 4.4955934276 0.0 11.318787003 6.0481581449 0.0 0.0 4.4018802352 6.1898074519 5.8327442932
0.0 0.0 1.4971653698 3.1127877799 4.9521623771 4.6851994458 0.0 4.3123115557 3.4367262211 2.7011794784 0.0 3.0081438725 4.4810296039 2.737336999 0.0 0.0 0.0 3.7121923689 0.0 1.9977313506 1.4373255049 2.0524728737 2.7116553341 2.0869827161 0.0 3.6787491944 3.2955461534 0.0 3.903978737 0.0 3.0305886221 0.0 0.0 0.0 1.8151722999 0.0 2.1710650984 2.7732109312 0.0 0.0 2.9395612722 4.1115432173 0.0 4.221515469 0.0 0.0 0.0 1.7784681536 2.788729228 0.0 0.0 0.0 2.7222744039 0.0 2.3868075131 0.0 0.0 2.4402369657 2.240132191 0.0 1.5726652806 0.0 0.0 0.0 2.2274995122 0.0 2.5483002232 2.0792930229 0.0 0.0 0.0 2.0158802404 0.0 2.0359489817 0.0 2.6977494093
0.4757164299 0.2301144202 0.2483491547 0.0 0.8214625885 0.777178891 0.0 0.0 0.0 0.0 0.5001364272 0.0 0.0 0.0 0.0 0.0 0.3525769586 0.615776891 0.0 0.3313828266 0.2384229433 0.3404633272 0.0 0.3461878051 0.0 0.6102293514 0.546663794 0.0 0.0 0.2671908177 0.5027127514 0.0 0.3034382215 0.0 0.3011000089 0.6218527677 0.360135355 0.0 0.0 0.6147833018 0.0 0.0 0.0 0.0 0.8456035299 0.0 0.0 0.0 0.462593218 0.7750614176 0.0 0.0 0.4515697201 0.3631426202 0.3959226149 0.5033088241 0.2940597962 0.0 0.3715921749 0.4052668212 0.2608730477 0.6433939901 0.3947287763 1.57134058 0.3694966715 0.3911726612 0.0 0.3449122421 0.0 0.8684033078 0.0 0.3343933567 0.0 0.0 0.4748962291 0.0
0.0 0.0878693317 0.0948322762 0.0 0.0 0.0 0.0 0.2731470608 0.2176864204 0.0 0.0 0.190539493 0.2838338673 0.0 0.1094471204 0.1762560327 0.1346317267 0.2351347813 0.0 0.0 0.0910419463 0.0 0.0 0.1321920245 0.0 0.0 0.2087439031 0.2609298789 0.2472827632 0.0 0.0 0.0 0.0 0.0 0.0 0.2374548586 0.0 0.0 0.1418361 0.2347553787 0.1861953876 0.0 0.0 0.2673959262 0.3228942236 0.0 0.0 0.0 0.0 0.295957675 0.2150921077 0.0 0.0 0.0 0.0 0.0 0.1122869125 0.0 0.1418926986 0.0 0.0996145324 0.2456803875 0.0 0.6000173587 0.0 0.1493695192 0.1614124367 0.0 0.0 0.3316003327 0.1771895922 0.0 0.0 0.1289594857 0.1813394147 0.17087873
3.9680173571 0.0 2.0715150758 4.3069302454 6.8519344814 0.0 0.0 5.966621042 4.7551394935 0.0 4.1717079744 0.0 0.0 3.7874472488 2.390761555 3.8501346133 2.9408937837 5.1362812762 0.0 0.0 1.988719157 2.8398522877 3.7519134612 2.88760096 4.1963428623 5.0900084719 0.0 0.0 5.4016416436 0.0 0.0 0.0 2.5310206962 3.6886453799 2.5115173381 0.0 3.003939426 3.8370833096 3.0982660264 5.1279936097 0.0 5.688832998 3.3767049666 5.8409933284 0.0 2.7199732772 0.0 2.4607325725 0.0 6.4648958177 4.6984693586 0.0 3.7666062692 3.0290234465 3.3024459728 0.0 2.4527939375 3.3763722863 0.0 3.3803873057 2.1759786217 0.0 3.2924879975 0.0 3.0820234784 3.2628259435 3.5258912852 2.8769613102 3.3519567985 7.2434735946 3.8705272755 0.0 0.0 2.8169894215 0.0 3.7326728794
0.0 0.0 0.0 3.0575753698 0.0 4.6020967187 2.9972426634 4.2358228482 3.3757680219 2.6532678829 2.9615783924 2.9547875614 4.4015482959 2.6887840671 1.6972491378 0.0 0.0 0.0 1.9365753635 1.9622970164 1.41183125 2.0160675734 2.6635579252 2.0499653048 2.9790671889 0.0 3.2370921055 4.0463651319 3.8347327458 1.5821813996 2.976834202 2.9101073003 0.0 2.6186426571 1.7829760679 3.6823267008 0.0 2.7240216931 0.0 3.6404645685 0.0 0.0 2.3971899587 0.0 0.0 1.9309630816 0.0 1.7469229536 2.7392647375 4.5895580133 0.0 2.2346633385 2.6739886416 2.1503639383 2.3444720233 0.0 1.7412871589 0.0 0.0 2.3998041244 1.5447704652 3.8098839341 0.0 0.0 2.1879897142 0.0 0.0 2.0424120059 0.0 5.1422858492 2.7477642291 1.9801239941 2.7907820644 0.0 0.0 0.0
0.0 0.0 0.0 1.4722474502 2.3422118526 0.0 1.4431967605 0.0 1.6254598044 0.0 0.0 1.4227542831 2.1193813632 0.0 0.8172392871 0.0 0.0 1.7557463393 0.9324768145 0.0 0.0 0.9707529612 1.2825248406 0.987074995 1.4344451215 0.0 0.0 0.0 0.0 0.7618332337 1.4333699201 0.0 0.0 0.0 0.0 0.0 1.026843229 0.0 0.0 0.0 1.3903169421 1.9446263112 0.0 1.996639612 2.4110442009 0.0 0.0 0.0 1.3189782875 2.2099095739 0.0 1.0760086029 0.0 0.0 1.1288823793 1.4350694843 0.0 0.0 1.0595097191 1.1555252367 0.0 0.0 1.1254784227 4.4803166722 1.0535348726 0.0 0.0 0.0 0.0 2.4760525298 0.0 0.0 1.3437843001 0.9629376973 0.0 0.0
2.3015016313 1.1132865722 0.0 0.0 0.0 3.7599678569 0.0 3.4607177403 2.758042699 0.0 2.4196448362 0.0 3.5961174058 2.1967686219 0.0 0.0 0.0 0.0 1.5822051479 0.0 1.1534829544 0.0 0.0 0.0 0.0 2.952271058 0.0 3.3059285285 0.0 0.0 0.0 0.0 0.0 0.0 1.4567126931 3.0085047925 1.7423239031 2.2255581822 1.7970345571 2.9743029316 0.0 3.2995970649 0.0 3.3878520338 0.0 0.0 2.0296863524 1.4272568691 0.0 3.7497235852 2.7251732843 1.8257465754 0.0 1.7568729609 0.0 0.0 0.0 1.9583398018 1.7977516499 0.0 1.2620958773 0.0 1.9096858243 7.6020979744 1.7876136682 1.8924814475 0.0 1.6686749458 0.0 0.0 0.0 1.617784898 0.0 0.0 0.0 0.0
0.0 0.9266813077 1.0001134182 2.0793566893 3.3080674602 0.0 2.0383263952 0.0 2.295749072 1.8044004328 2.0140722946 2.0094540733 2.9933485803 1.8285538245 1.1542434515 0.0 1.4198435575 0.0 1.3170013653 1.3344938174 0.0 1.371061409 1.811398353 1.3941141439 2.0259658513 2.4574215419 0.0 2.7518001641 2.607875922 1.0759896582 2.0244472702 1.9790684936 0.0 1.7808529528 1.2125435239 2.5042295712 1.4502815657 1.8525177777 1.4958218081 2.4757605086 0.0 0.0 1.6302502386 2.8199919333 3.4052841366 1.3131846364 0.0 1.1880249838 1.8628840721 3.1212078204 2.2683891156 1.5197212167 1.818491941 1.4623919605 1.5943985004 2.026847682 0.0 1.6300896228 1.4964187043 1.6320280469 1.0505477091 2.5909770604 1.5895908575 6.3278604703 1.4879800162 1.5752702191 1.7022763806 1.3889773932 0.0 3.4970998865 1.8686642975 0.0 1.8979193158 1.3600233724 1.9124288612 1.8021091307
0.338053444 0.1635238293 0.1764817899 0.3669269742 0.0 0.5522785933 0.3596866957 0.5083235809 0.4051119584 0.3184077049 0.355406774 0.0 0.0 0.3226698553 0.0 0.0 0.2505481157 0.0 0.0 0.0 0.0 0.0 0.0 0.2460078577 0.0 0.4336409695 0.3884700352 0.485587544 0.4601904166 0.189871046 0.3572375606 0.3492299411 0.0 0.3142524747 0.2139675836 0.4419007975 0.0 0.326898577 0.2639553728 0.0 0.3465075037 0.0 0.2876768523 0.4976207847 0.0 0.0 0.0 0.2096409985 0.3287278317 0.5507738751 0.4002839719 0.2681727048 0.0 0.0 0.2813503909 0.3576611415 0.2089646701 0.2876485098 0.0 0.0 0.0 0.4572084135 0.2805020257 1.1166254965 0.2625715962 0.2779749805 0.0 0.2451014176 0.2855684433 0.6171044566 0.3297478206 0.0 0.3349102131 0.2399921396 0.3374705932 0.0
0.0 0.0 0.0 0.0 0.0 0.0 0.0 0.7719356402 0.0 0.0 0.0 0.0 0.0 0.4900035541 0.0 0.0 0.0 0.0 0.0 0.0 0.2572918885 0.0 0.0 0.3735853308 0.0 0.0 0.5899271184 0.0 0.0 0.0 0.542497762 0.5303374627 0.0 0.4772209954 0.0 0.0 0.0 0.4964252531 0.4008402665 0.0 0.0 0.0 0.4368634931 0.0 0.0 0.0 0.4527347653 0.3183589439 0.499203143 0.8364002769 0.0 0.0 0.0 0.3918819608 0.4272561854 0.0 0.0 0.0 0.0 0.4373398982 0.0 0.6943126045 0.0 1.6956974845 0.0 0.4221303173 0.0 0.0 0.433661682 0.0 0.0 0.3608574621 0.5085916519 0.0 0.5124798223 0.0
0.465151857 0.0 0.0 0.5048810077 0.0 0.0 0.4949185917 0.6994386889 0.0 0.0 0.0 0.0 0.0 0.4439844796 0.0 0.451333022 0.0 0.6021018959 0.0 0.0 0.2331281156 0.0 0.0 0.3384997665 0.4919173732 0.0 0.0 0.0 0.6332088334 0.0 0.0 0.480530397 0.2966995532 0.432402405 0.0 0.0 0.0 0.4498030796 0.0 0.6011303721 0.0 0.6668749139 0.3958351097 0.6847119478 0.0 0.3188495682 0.4102158187 0.0 0.4523200817 0.0 0.5507792811 0.0 0.0 0.3550780539 0.0 0.4921314873 0.2875294013 0.0 0.3633399634 0.3962667729 0.2550796546 0.6291056825 0.0 1.5364447029 0.3612909963 0.3824856119 0.4133235143 0.0 0.0 0.8491180584 0.4537235571 0.0 0.0 0.0 0.4643498711 0.43756354
0.0 3.9164690352 4.2268180026 8.7880655615 13.981013393 13.227319949 0.0 0.0 9.7026130542 0.0 8.5121516006 0.0 0.0 0.0 0.0 0.0 0.0 0.0 0.0 0.0 4.0578772675 0.0 0.0 5.8919985015 0.0 10.385895664 9.304031532 0.0 0.0 4.5474966889 0.0 0.0 0.0 0.0 0.0 10.583722248 6.1293810474 0.0 6.3218495344 0.0 8.2990100863 0.0 0.0 0.0 0.0 5.5499629952 7.1403032687 0.0 0.0 13.191281274 0.0 0.0 0.0 0.0 6.7384680198 0.0 0.0 0.0 6.3243722197 0.0 0.0 0.0 0.0 0.0 6.288707466 6.6576254254 0.0 0.0 0.0 0.0 0.0 0.0 0.0 0.0 0.0 0.0
0.0 0.6848316399 0.7390990912 1.5366763522 2.4447123784 0.0 0.0 2.1288400172 1.696593628 0.0 1.4884301874 1.4850172513 0.0 1.3513292045 0.8530035398 1.3736955269 0.0 1.8325817985 0.973284124 0.0 0.0 1.013235322 0.0 1.0302716452 0.0 1.8160720526 1.6268978804 0.0 1.9272601374 0.0 1.4960974528 1.4625618438 0.9030468173 1.3160775318 0.0 1.8506639012 1.0717802277 1.3690389319 0.0 0.0 1.4511603784 0.0 1.2047798257 2.0840171095 2.5165569871 0.0 0.0 0.0 1.3766997818 0.0 0.0 0.0 0.0 1.0807299945 0.0 0.0 0.8751361703 1.2046611282 1.1058762778 0.0 0.0 0.0 0.0 0.0 0.0 0.0 0.0 0.0 0.0 0.0 1.3809714566 0.0 0.0 0.0 0.0 0.0
2.3288312515 0.0 1.2157731714 2.5277393849 4.0214035669 0.0 0.0 0.0 2.7907936032 2.1934928547 2.4483773705 2.4427632976 0.0 2.2228545701 1.4031390801 2.2596458138 0.0 3.0144858946 1.6009933448 1.6222577871 0.0 1.6667106421 2.2019997735 1.6947343603 2.4628355978 2.987328364 2.6761483261 0.0 0.0 1.3080110068 0.0 0.0 1.4854572359 2.1648677068 0.0 3.0442298566 1.7630134607 0.0 1.8183737868 3.0096218592 2.3870707955 3.3387787598 1.9817897317 0.0 4.1395835901 1.5963535945 2.0537882502 0.0 2.2645876308 3.7942503934 0.0 1.8474267514 2.2106229894 1.7777352841 1.9382070933 2.4639075823 1.4395459145 1.9815944815 1.8190993948 1.9839508982 0.0 3.1496831664 1.9323627529 7.6923705373 0.0 1.9149540795 2.0693472521 0.0 1.9672650202 4.2511980565 0.0 1.6369955934 2.3071777097 0.0 0.0 0.0
8.7860458165 4.2500021278 4.5867809355 9.5364720109 15.171660017 14.353780771 9.3482963828 13.211385215 0.0 8.2754509186 9.2370607528 9.2158803855 13.728277165 8.386224671 5.2936614606 0.0 0.0 0.0 0.0 6.1203366428 4.4034529231 6.2880451535 8.3075452054 6.3937710073 9.2916077053 11.270376013 10.096378512 12.620473139 11.960399034 4.9347691582 9.2846430963 9.0765241936 0.0 8.1674560347 5.5610407958 11.485049842 6.6513694502 0.0 6.8602288774 11.354483297 9.0057677486 0.0 7.4767527144 12.933218375 15.617521046 6.0226071819 7.7483835089 5.4485923771 8.5436721388 14.314672982 10.403424012 6.9698377974 8.3400782495 0.0 7.3123272941 0.0 5.431014528 0.0 6.8629663989 7.484906207 4.8180857455 11.882896448 7.2902781902 0.0 6.8242643748 0.0 7.8070833839 0.0 0.0 16.038612018 8.5701817598 6.1759383707 8.7043529028 6.2374218392 8.7708974616 0.0
3.9438735391 1.9077377108 2.0589107249 4.2807242764 6.8102431669 6.4431141552 4.196256144 5.9303165101 4.7262063482 3.714678091 0.0 4.1368173523 6.1623385738 3.7644021285 2.3762147154 3.8267080652 2.9229996069 0.0 2.711280727 2.7472920401 1.9766185866 2.8225729084 3.72908455 2.8700310489 4.1708097738 0.0 4.5320546789 5.6650683487 5.3687747882 2.2151154126 4.1676835054 4.0742632512 2.5156204351 3.66620143 2.4962357473 5.1554004055 2.9856616413 3.8137361735 3.0794143016 5.0967917944 4.0425021522 5.6542186966 3.3561590509 5.8054531915 7.0103809253 2.7034233143 3.4780884745 2.4457599869 3.8350770276 6.4255594806 4.6698810287 3.1286154699 3.743687958 3.0105930354 3.2823518937 0.0 2.4378696554 3.3558283948 3.0806431181 3.3598189844 2.1627386514 0.0 3.2724545088 13.027022286 3.0632705831 3.2429729366 3.5044376296 2.8594561372 3.3315614656 0.0 3.8469766461 2.7722505013 0.0 2.7998491537 0.0 3.7099610395
5.9652116313 2.8855030642 3.1141561924 0.0 10.300670483 9.7453782734 6.3469469065 8.9697584553 7.1485104177 5.618547536 6.2714244147 6.2570441831 9.3206978806 5.6937564401 3.5940867572 5.787995795 0.0 7.7214896138 4.1008828423 4.1553508929 2.9896871862 4.2692151704 0.0 0.0 6.3084586075 7.6519266443 6.8548509522 8.5685636902 8.1204119491 3.3504198584 6.3037300451 6.1624294731 3.8049415457 5.5452253213 3.7756216995 7.797677628 0.0 5.7683754703 4.6576944791 7.7090305745 6.1143899821 8.5521533083 5.0762781333 8.7808994279 10.603384064 4.0889983005 5.260699568 3.6992757949 0.0 9.7188263701 7.0633169024 4.73211253 5.6624257168 4.5536005184 4.9646428823 6.3112044545 3.6873414627 5.0757780074 4.6595530962 5.0818138783 3.2711986404 0.0 4.9496728294 19.703711109 4.6332766837 4.9050811822 5.3005533526 4.3250020163 5.0390736438 10.889280225 5.8186525524 0.0 5.9097469172 4.2348448986 5.9549267837 5.6114128725
5.2254598817 2.5276689969 2.7279666263 5.6717723703 9.0232742255 0.0 5.5598557908 7.8574099049 6.2620166242 0.0 5.4936989173 5.4811019923 8.1648289876 4.9876681152 3.1483805306 5.0702207553 3.8728465882 6.7639401077 3.5923283358 3.64004175 2.6189331437 3.7397856067 0.0 3.8026655665 5.5261404635 6.7030037104 6.0047741572 7.5059676965 7.1133916926 2.9349310031 5.5219982947 5.3982205454 3.3330870098 4.8575564863 3.3074031466 6.8306799715 3.9558710422 0.0 4.080089215 6.7530261261 0.0 7.4915923822 4.4467638994 7.6919714709 9.2884479987 3.5819176077 0.0 3.2405249726 5.0813092643 8.5135851724 6.1873880403 4.1452786104 4.9602227457 3.9889040485 4.3489726454 5.5285457953 3.2300706285 4.4463257945 4.0817173432 4.4516131512 2.8655340862 7.0672973903 4.3358590434 17.260234554 4.0586994944 4.2967972502 4.6432265285 3.7886542711 4.4141731751 9.5388898955 5.0970757381 3.6731106191 5.1768734013 3.709677626 5.2164504682 4.9155360543
0.0 0.0 0.0 2.8023130968 4.4582253813 4.2178897812 2.7470172781 3.8821943558 0.0 0.0 2.7143304457 2.7081065486 4.0340841824 2.4643104076 1.5555539642 2.5050980714 1.9134986398 3.341932065 1.7748999935 1.7984742692 1.2939642441 1.8477557808 0.0 0.0 2.7303591866 3.3118245689 2.966842843 3.7085535538 3.5145893385 1.4500926785 2.7283126211 2.6671564277 1.6468138653 0.0 1.6341239649 3.3749069417 1.9545194177 0.0 2.0158932159 3.3365396777 0.0 3.7014509888 2.1970600898 3.8004544234 4.589242617 1.769756254 2.2768793911 1.6010807519 2.5105766894 4.206397872 3.0570688329 2.0481020361 2.450750181 1.9708403876 0.0 2.7315476145 1.5959154626 2.1968436307 2.0166976425 0.0 1.4158050032 0.0 2.1422641442 8.527948265 2.0053249683 2.1229644673 2.2941284774 1.8719008433 2.180957643 4.7129811173 2.5183665993 0.0 2.5577930823 0.0 0.0 2.4286713506
0.0 1.2772685539 0.0 2.8660305214 0.0 0.0 0.0 3.9704655153 3.1642896786 0.0 2.7760473701 0.0 4.1258089276 0.0 1.5909232784 0.0 1.9570066995 0.0 1.8152566749 0.0 0.0 0.0 2.4966966914 1.9215431905 2.7924405636 0.0 0.0 3.792876566 3.5945021011 1.4830640731 2.7903474644 0.0 1.684258196 2.4545951848 1.6712797598 0.0 0.0 0.0 0.0 0.0 0.0 0.0 0.0 0.0 0.0 0.0 2.3286497987 0.0 0.0 0.0 0.0 0.0 0.0 0.0 2.1976002429 2.7936560133 1.6322024939 2.24679423 0.0 0.0 0.0 0.0 0.0 0.0 2.0509209236 0.0 0.0 1.9144630756 0.0 0.0 0.0 0.0 2.6159507479 1.874555008 0.0 0.0
0.3241315188 0.1567894902 0.1692138081 0.3518159615 0.0 0.0 0.0 0.4873894861 0.0 0.0 0.0 0.0 0.5064584707 0.0 0.1952917803 0.0 0.2402298889 0.4195623409 0.0 0.2257891722 0.0 0.2319762119 0.3064788531 0.0 0.3427825191 0.0 0.0 0.4655897786 0.4412385714 0.1820516596 0.0 0.0 0.0 0.3013107357 0.2051558388 0.4237021666 0.0 0.0 0.0 0.0 0.3322374182 0.0 0.0 0.0 0.0 0.0 0.0 0.0 0.3151899597 0.5280915661 0.0 0.0 0.30767905 0.0 0.2697636458 0.3429317201 0.0 0.2758023917 0.2531859916 0.2761303626 0.0 0.0 0.0 0.0 0.0 0.0 0.0 0.2350075 0.0 0.5916904807 0.3161679427 0.0 0.0 0.0 0.3235726714 0.3049071667
0.0 5.6163776758 6.0614308594 12.602447457 0.0 18.96852083 12.353773371 0.0 13.913946176 10.936008124 12.206775489 12.178785635 18.141917834 0.0 6.9955734508 11.265824242 8.6053075567 0.0 0.0 0.0 5.8191628969 8.3096514692 10.978420723 8.4493681815 12.278859285 14.89380154 13.34236388 0.0 0.0 0.0 12.269655555 11.994626431 7.405983733 10.793292888 7.3489152337 15.177492998 8.7897845156 0.0 9.065792242 15.004949313 0.0 16.646013486 9.8805284729 0.0 20.638553563 0.0 10.239488559 7.200314652 11.290462458 18.916839887 0.0 9.2106404263 11.02141314 8.8631825117 9.6632402851 0.0 7.1770855249 0.0 0.0 9.8913033131 0.0 15.703247276 0.0 38.351538966 9.0182651529 0.0 10.317060442 0.0 9.8081132095 0.0 0.0 8.1615023592 0.0 0.0 0.0 10.92212113
2.7446409242 1.3276427202 0.0 0.0 0.0 4.4839254135 0.0 4.1270566172 0.0 2.5851380395 0.0 0.0 4.288526615 0.0 1.6536676665 2.6631025201 0.0 3.5527182771 0.0 0.0 1.3755786565 1.9642995748 0.0 0.0 0.0 3.5207118062 0.0 3.9424637413 0.0 0.0 0.0 2.8353824088 0.0 0.0 1.7371933254 0.0 0.0 2.6540750539 0.0 3.5469857749 0.0 0.0 0.0 0.0 0.0 0.0 0.0 1.7020659725 0.0 0.0 0.0 2.1772823012 2.6053267366 0.0 2.2842713504 0.0 0.0 2.3354054981 0.0 0.0 0.0 0.0 0.0 0.0 0.0 0.0 0.0 1.9899675426 0.0 5.0102437242 2.677207936 1.9292789443 2.7191211717 0.0 2.7399087846 0.0
0.3364061975 0.1627270202 0.1756218401 0.3651390345 0.0 0.0 0.3579340359 0.0 0.4031379532 0.316856187 0.3536749692 0.3528640007 0.5256377687 0.321097569 0.0 0.3264121672 0.0 0.4354509312 0.0 0.0 0.1686024504 0.2407610208 0.0 0.2448091254 0.0 0.4315279499 0.3865771218 0.0 0.0 0.0 0.3554968349 0.3475282344 0.2145784586 0.3127212042 0.2129249753 0.0 0.2546722327 0.3253056853 0.2626691869 0.4347483077 0.0 0.482295944 0.0 0.0 0.5979744448 0.2305977482 0.2966754655 0.0 0.3271260265 0.5480900972 0.0 0.266865969 0.0 0.2567988413 0.2799794437 0.3559183518 0.2079464396 0.2862468734 0.262774003 0.2865872644 0.1844781986 0.4549805558 0.2791352123 1.1111844709 0.0 0.2766204807 0.0 0.0 0.0 0.6140974671 0.0 0.0 0.0 0.2388227203 0.3358261868 0.0
6.367750743 3.0802200185 3.324302914 6.911627597 10.995771177 10.403007232 6.7752459389 9.5750477265 7.6308998469 5.9976933693 6.6946271054 6.6792764798 9.9496689343 6.0779774537 3.8366197267 6.1785761852 4.7194548036 8.242544316 4.377614975 4.4357585902 3.1914346008 4.5573065558 6.0209539376 4.6339321389 6.7341604068 8.16828716 7.3174239142 9.1467798928 8.6683863739 3.5765099147 6.7291127557 6.578277064 4.0617032307 5.91942329 4.0304048487 8.3238735821 4.8206284879 6.1576318591 4.97200088 8.2292445269 6.5269958148 9.12926212 5.4188310245 9.373444282 11.318912207 4.3649284511 5.6156974225 3.9489070376 6.1920886536 10.374663577 7.5399573785 5.0514407437 6.0445324984 4.8608825431 5.2996625026 6.7370915465 3.9361673634 0.0 4.9739849187 5.4247403277 3.4919427609 8.61221581 5.2836822539 21.033339437 4.9459353446 5.2360815128 5.6582405848 4.61685796 5.3791159347 11.624100959 6.2113016946 4.4760563478 6.3085432084 4.5206169397 6.3567718625 5.9900772507
8.3096278215 0.0 0.0 0.0 0.0 0.0 0.0 0.0 0.0 0.0 8.736186747 0.0 0.0 0.0 5.0066158849 8.0627635467 6.1586758842 0.0 0.0 5.7884651077 4.1646783643 0.0 0.0 0.0 0.0 0.0 9.5489085224 11.936135653 11.311853665 0.0 0.0 0.0 0.0 7.7245806946 5.2594967382 10.862279994 0.0 8.0354321448 0.0 10.73879334 0.0 11.913275749 0.0 12.231922469 14.770670459 5.6960349674 7.3282321219 0.0 0.0 0.0 0.0 6.5919025785 0.0 6.3432327123 0.0 8.7916009294 5.1365210657 7.0706336594 6.4908262166 0.0 0.0 11.23855361 0.0 27.447560311 0.0 6.8328504633 7.3837490319 0.0 0.0 0.0 0.0 5.8410518657 0.0 0.0 0.0 7.81678093
6.0865801495 2.9442116655 0.0 6.6064419024 10.510248481 0.0 0.0 0.0 0.0 0.0 6.3990231547 0.0 0.0 0.0 0.0 5.9057586703 4.5110653798 7.8785914588 0.0 0.0 0.0 4.356076853 0.0 4.4293190027 0.0 7.8076131574 0.0 0.0 0.0 3.4185876819 0.0 6.2878105962 0.0 5.6580487754 0.0 7.9563295984 0.0 0.0 4.7524601827 7.8658789272 0.0 0.0 5.1795603626 0.0 10.819121089 4.172193281 0.0 0.0 5.9186744903 9.9165661366 7.2070275299 4.8283923473 0.0 4.6462483206 0.0 0.0 0.0 0.0 4.7543566154 0.0 3.3377546248 8.2319399594 5.0503791402 20.10460388 0.0 5.0048802291 0.0 4.4129987411 0.0 11.110834109 0.0 0.0 6.0299869474 0.0 0.0 5.7255829821
0.0 3.0083478476 3.2467354462 6.7503554551 0.0 0.0 0.0 9.3516287947 7.4528445994 5.8577464693 6.5384183345 0.0 0.0 0.0 0.0 0.0 4.6093336239 0.0 4.2754700991 0.0 3.1169674096 4.4509688547 0.0 0.0 0.0 7.9776928106 0.0 0.0 0.0 3.4930575866 6.5720993154 6.4247831414 0.0 0.0 3.9363615842 8.1296488642 4.7081465768 0.0 0.0 0.0 6.3746984608 8.916244906 5.2923909822 9.1547294548 0.0 4.2630795957 0.0 3.8567653985 0.0 10.132586846 7.3640241329 0.0 0.0 0.0 5.1760030736 6.5798919335 0.0 5.2918695644 4.8579246724 5.2981624009 3.4104636765 8.4112630721 5.1603956992 0.0 4.8305295917 0.0 0.0 0.0 0.0 0.0 6.0663705747 0.0 6.1613431082 4.4151353341 6.2084464212 5.8503080611
8.8629463935 4.2872006153 4.6269271068 0.0 0.0 14.479413399 9.4301181034 0.0 0.0 0.0 0.0 9.2965431244 13.848435022 8.4596257811 0.0 8.5996440073 6.5687676259 11.472375626 0.0 6.1739053845 4.4419945011 0.0 0.0 6.4497330055 0.0 11.369020891 10.184747882 0.0 0.0 4.9779611246 9.3659076864 9.1559672061 0.0 8.2389423546 0.0 0.0 6.7095860996 8.5704926717 6.9202735858 11.453864331 9.0845914597 12.706552761 0.0 13.046417416 15.754214663 0.0 7.8162018626 0.0 0.0 14.439963316 0.0 7.0308418668 0.0 6.7656136591 0.0 9.3770129571 0.0 0.0 0.0 7.5504184544 4.8602564309 11.986902461 7.35408694 29.275228794 6.883994301 7.2878339045 7.8754155131 6.4259683297 0.0 16.178991268 8.6451929692 0.0 8.780538456 0.0 8.8476654515 8.3372819868
0.0 0.0 0.0 8.0343976996 12.78199634 12.092939934 7.8758613109 11.130481258 0.0 0.0 7.7821462254 0.0 11.565958391 0.0 4.4598653897 7.1822646102 5.4861139848 0.0 5.0887434532 0.0 0.0 0.0 6.9990371713 0.0 0.0 0.0 8.5061142312 10.632642789 0.0 4.1575016345 0.0 7.6468955205 0.0 0.0 0.0 9.6760581819 0.0 0.0 0.0 9.5660569625 0.0 10.612279314 0.0 0.0 0.0 0.0 0.0 4.5903933877 7.1979721326 0.0 0.0 0.0 7.0264459882 5.6505161736 6.1605744266 0.0 4.5755841972 6.2984808633 5.7819916406 6.3059707136 0.0 10.011240612 6.1419982414 0.0 0.0 6.0866649239 0.0 5.3668506373 0.0 13.512396131 7.220306266 0.0 0.0 0.0 0.0 6.963144673
4.1033119859 1.9848615674 2.1421460327 0.0 0.0 0.0 4.3658976286 6.1700606206 4.9172720586 0.0 4.3139476953 4.3040559128 0.0 3.9165851086 0.0 3.9814098791 3.0411673201 5.311409358 2.8208893095 2.8583564471 2.0565270812 0.0 3.8798397512 2.9860574093 4.3394225413 5.2635588232 4.7152714458 0.0 5.5858175267 2.3046655864 0.0 0.0 2.6173190852 0.0 0.0 5.3638170865 3.1063625842 0.0 0.0 5.302839113 4.2059278447 5.8828010377 0.0 0.0 7.2937886551 0.0 3.618696691 2.544634398 0.0 6.6853247123 0.0 3.2550955881 0.0 3.1323018764 0.0 0.0 2.5364250851 0.0 0.0 3.495645936 0.0 5.5496218028 0.0 13.55366397 3.1871090122 3.3740761687 0.0 2.9750549871 3.4662460543 0.0 0.0 2.8843239006 0.0 0.0 0.0 3.859943137
5.1696942276 2.5006939329 0.0 5.611243708 0.0 8.4457398864 5.5005214925 7.7735563086 6.1951889264 4.8692610689 0.0 5.4226081478 8.0776946416 4.9344401541 3.114781287 0.0 3.8315159057 0.0 3.5539913197 3.6011955405 2.5909841165 3.6998749394 4.888145292 0.0 5.4671659723 6.6314698368 5.9406917288 7.4258646609 7.0374781941 2.9036096743 5.4630680084 5.3406112044 0.0 4.8057170652 3.2721068273 0.0 3.9136543299 4.9991080308 4.0365468572 6.6809584176 5.298978234 7.4116427587 4.3993084211 7.6098834192 9.1893224881 3.543691694 4.5591355128 3.2059423714 5.027081973 8.4227289306 0.0 4.1010405569 4.9072876792 3.9463348108 4.3025607869 0.0 3.1955995952 4.3988749917 0.0 4.4041059221 0.0 0.0 0.0 17.07603483 4.0153854057 4.250942203 4.5936744182 0.0 4.3670655023 9.4370916908 5.0426801884 3.6339115015 0.0 3.6700882684 5.1607809617 4.8630778803
0.877019653 0.4242335482 0.4578506769 0.9519269018 0.0 1.4327887759 0.9331432843 1.3187552989 0.0 0.8260522702 0.0 0.9199255713 1.3703512509 0.0 0.0 0.8509649577 0.0 1.1352318342 0.6029215843 0.0 0.4395509465 0.0 0.8292559093 0.6382237183 0.9274846427 1.1250045204 1.0078165495 1.2597706869 1.1938823481 0.0 0.9267894382 0.9060150908 0.0 0.8152722632 0.5551009146 1.1464331779 0.663937094 0.8480803307 0.6847853602 0.0 0.8989522102 0.0 0.7463265282 1.2909887939 1.5589348354 0.6011742906 0.7734406077 0.5438763575 0.8528260074 1.4288850517 1.0384657111 0.6957264797 0.8325033451 0.0 0.7299136471 0.9278883437 0.5421217435 0.7462529985 0.6850586185 0.7471404066 0.4809394325 1.1861460704 0.7277127142 2.8968866399 0.6811953976 0.0 0.7793000063 0.6358721202 0.7408566354 1.6009679713 0.8554721874 0.6164797498 0.8688650983 0.6226170055 0.8755075501 0.0
2.5478775861 0.0 1.3301269515 2.7654947168 4.3996506859 4.1624727513 2.710925406 3.831187883 3.0532914158 2.399809465 2.6786680317 2.6725259077 3.9810820948 2.4319328988 1.5351162133 2.4721846711 1.8883580087 3.2980238648 1.75158035 1.7748448935 1.2769634075 1.8234789167 2.4091165317 1.8541385033 2.6944861779 3.2683119381 2.9278627778 3.6598284723 3.468412669 1.4310405379 2.6924665014 2.6321138127 1.6251770901 2.3684918792 1.6126539168 3.3305654988 1.9288398323 2.4638043841 1.9894072666 3.2927023257 2.6115950533 0.0 2.1681938674 3.7505218961 4.5289465427 1.7465041919 2.2469644574 1.5800448442 0.0 4.1511318294 3.0169033274 2.0211929091 2.4185508342 1.9449463681 2.1205119122 2.6956589917 1.5749474194 2.1679802522 1.9902011243 2.17055831 1.3972033535 3.4459375869 2.114117862 8.4159032405 1.9789778708 2.0950717552 2.2639869154 1.8473067476 2.1523029836 4.6510592965 2.4852788696 1.7909689156 2.524187345 0.0 2.5434846937 2.3967620879
7.7654816084 3.7563329452 0.0 0.0 13.409359488 12.686482966 8.2624226127 0.0 9.3058938404 0.0 8.164107824 8.145387713 12.13363623 7.4121026463 0.0 7.5347829506 5.7553822312 10.05179519 5.3385080461 5.4094142723 3.8919592957 0.0 7.3425623826 0.0 8.2123187444 9.961238477 8.923609469 0.0 0.0 0.0 8.2061631263 8.0222187735 0.0 7.2187456052 4.9150847749 10.150976353 5.8787636914 0.0 6.0633625512 10.035576078 7.959681213 11.133148886 6.6082725844 11.4309294 0.0 5.3230368112 6.848351453 4.8156980717 0.0 12.651917836 9.1949893634 6.1602395845 0.0 0.0 0.0 8.2158932738 4.8001620197 0.0 6.0657820894 0.0 4.2584294489 10.502610133 6.4434584554 0.0 6.0315755916 6.3854092801 6.9002329034 5.6302652261 6.5598399727 14.175608602 0.0 5.4585574483 7.6932779309 0.0 7.752092847 0.0
1.638894728 0.7927691508 0.8555897898 1.778874596 2.8300277664 2.6774656227 1.7437734765 2.4643702106 1.9639967131 1.543651509 1.723024269 0.0 2.5607880427 1.5643145606 0.9874469176 1.5902060783 1.2146658858 2.1214182166 1.1266851347 1.1416498009 0.8213929146 1.1729331109 1.549638179 1.1926545587 1.7331991206 2.1023063408 1.8833160969 2.3541451212 2.2310189739 0.9205013639 1.7318999855 1.6930787706 1.0453776035 1.5235068102 1.0373222076 2.1423502711 1.2407053814 1.5848155492 1.2796647292 2.1179951941 1.6798803003 2.3496364985 1.3946672784 0.0 2.9131959293 1.1234199508 1.4453356093 1.016346774 1.593683839 2.6701706972 1.9405904684 1.3001105002 1.5557066922 1.2510657365 1.3639963759 1.7339535204 0.0 1.3945298727 1.2801753695 1.3961881805 0.8987359607 2.2165621202 1.3598834722 5.4134388275 1.2729561329 1.3476322697 1.4562851215 1.1882601057 1.384445639 2.9917436388 1.59862878 1.1520214039 1.6236562364 1.1634901504 1.6360690475 1.5416913166
0.0 0.0 0.6812147728 1.4163278573 0.0 2.1317799225 0.0 0.0 0.0 0.0 1.3718602067 0.0 0.0 1.2454966161 0.0 0.0 0.0 0.0 0.0 0.0 0.0 0.0 1.2338113809 0.9495834498 1.3799613544 1.6738420132 0.0 1.8743543377 1.7763221364 0.0 0.0 0.0 0.8323225395 0.0 0.0 1.7057247182 0.0 0.0 1.0188603559 0.0 0.0 0.0 0.0 1.9208023102 0.0 0.0 1.1507663841 0.8092083905 0.0 2.1259717524 0.0 1.0351391397 0.0 0.0 1.0860046395 0.0 0.0 1.1103152021 1.0192669242 1.1116355355 0.7155674606 0.0 0.0 0.0 0.0 0.0 0.0 0.0 1.1022862038 2.3820059418 1.2728173642 0.9172316082 0.0 0.0 1.3026270506 0.0
0.0 1.0115266792 1.0916821094 0.0 3.6109485159 3.4162882185 0.0 3.1443910409 2.50594397 1.9696082814 0.0 0.0 3.2674145081 1.9959731166 0.0 2.029009166 0.0 0.0 1.4375837804 0.0 1.0480489135 0.0 1.9772469193 1.5217568745 2.2114598544 0.0 2.4030002623 3.0037503279 2.8466486259 0.0 2.2098022346 0.0 1.3338401661 1.9439048339 1.323561956 2.7335125908 0.0 0.0 1.6327767202 0.0 2.1434281844 0.0 1.7795131902 3.0781856201 3.7170661865 1.4334175983 1.844162992 1.2967985398 2.0334465836 3.4069803238 0.0 1.6588643182 0.0 1.5962860924 1.7403789275 2.212422424 0.0 1.7793378687 1.6334282672 1.7814537716 0.0 2.8282025332 0.0 6.907228661 1.6242169471 0.0 1.8581339238 1.5161498116 1.7664709813 0.0 2.0397560366 1.4699113655 2.0716895949 1.4845448097 2.0875276097 1.9671071915
0.0 1.7066132129 1.841848713 0.0 6.0922688199 5.7638446248 3.7538630912 0.0 4.2279429479 3.3230557199 3.7091957734 3.700690673 5.512669993 3.3675375682 2.1257007224 3.4232748607 2.6148404586 4.5668280037 0.0 2.4576569771 1.7682322773 2.5250013105 3.3359433685 0.0 3.7310994212 0.0 4.0542598456 0.0 4.8027681892 1.9815854192 3.7283027418 3.6447313791 2.2504095029 3.2796897426 0.0 0.0 0.0 0.0 2.7547650316 4.5594591808 3.6163187147 5.0581189866 0.0 0.0 6.271306924 0.0 3.1114087187 2.1879141382 3.4307615198 5.7481406632 4.1775557622 2.7987791346 0.0 2.6931992925 2.9363077952 3.7327234357 0.0 3.002037988 0.0 3.0056078671 0.0 4.7716465726 2.9274538485 0.0 2.7403232752 2.9010803904 3.1349799969 2.5579961008 0.0 6.4403984668 0.0 2.4799841762 3.4952838204 0.0 0.0 3.3188359667
0.5782451998 0.2797098241 0.0 0.6276337819 0.9985082893 0.9446803492 0.6152491829 0.8694946786 0.6929497376 0.5446408851 0.6079283164 0.6065343508 0.9035134278 0.5519313536 0.3483972646 0.5610665626 0.4285660975 0.7484921878 0.3975241727 0.4028041008 0.2898090414 0.413841676 0.5467531399 0.4207999219 0.6115182719 0.7417490149 0.6644834925 0.8306043657 0.7871622199 0.3247771111 0.6110599028 0.5973627563 0.3688367354 0.5375333051 0.3659945797 0.0 0.437753517 0.0 0.4514994004 0.7472844553 0.5927059886 0.8290136049 0.4920753269 0.8511873942 0.0 0.3963721299 0.5099524478 0.3585938946 0.5622936081 0.9421065075 0.6846913984 0.4587132066 0.5488942711 0.441408923 0.4812538252 0.0 0.3574370253 0.4920268466 0.4516795678 0.4926119412 0.3170977039 0.7820614614 0.4798026845 1.9100037135 0.4491324311 0.4754801378 0.5138157239 0.4192494432 0.4884688635 1.0555659059 0.5640383134 0.4064634754 0.0 0.410509951 0.5772482253 0.5439492776
7.6505331771 3.7007298801 0.0 0.0 13.210867635 12.498691482 8.1401182192 11.503939658 9.1681434789 7.2059278008 8.0432587337 8.0248157269 0.0 0.0 0.0 7.4232494329 0.0 0.0 0.0 5.3293414943 0.0 0.0 7.2338742071 0.0 0.0 0.0 8.7915178665 10.989397333 10.414631511 0.0 8.0846915131 7.9034699939 0.0 0.0 4.8423293022 10.000716669 5.7917433752 0.0 5.9736097131 0.0 7.8418581447 0.0 0.0 11.26172323 0.0 0.0 6.7469788277 0.0 0.0 0.0 0.0 0.0 7.2622026655 0.0 0.0 8.0942776302 0.0 6.5098122993 5.9759934361 6.5175534547 4.1953941074 10.347145396 6.3480792531 0.0 5.9422932795 6.2908893499 6.7980923037 5.546923305 0.0 0.0 0.0 5.3777572291 0.0 5.4312945456 0.0 0.0
2.3756639417 1.1491605004 1.2402223144 2.5785721086 4.1022738091 3.8811269731 2.5276911931 3.5722339868 2.8469163352 2.2376038959 2.4976141277 2.4918871561 3.711996696 0.0 1.4313561429 2.305087188 1.7607219651 3.0751070684 1.6331892479 1.6548813171 1.1906521485 1.7002281171 2.2462818884 1.728815391 2.5123631093 3.0474034011 2.7299655468 3.4124569335 3.2339791195 1.3343150485 2.5104799447 2.4542065558 1.5153297132 2.2084030976 1.503652994 3.1054491801 0.0 2.2972733331 1.8549412007 3.0701452175 2.4350746803 3.4059214483 2.0216434327 3.4970202963 4.2228304272 1.6284561924 2.0950898382 1.4732480018 0.0 3.8705525956 2.8129877548 1.8845784191 2.2550785168 1.8134854595 1.9771843495 2.5134566513 1.4684951172 2.021444256 1.8556814007 2.0238480603 1.302764954 3.2130231511 1.9712224797 7.8470637578 1.8452167383 1.9534637186 2.110961731 1.7224454006 2.00682663 4.3366894554 2.3172963362 0.0 2.3535749482 1.6865400502 2.3715679694 2.2347624941
1.0757845849 0.0 0.5616164914 1.1676685733 0.0 1.7575114462 1.1446278968 1.6176337862 0.0 0.0 1.1310079387 1.1284145635 1.6809232799 1.0268295221 0.0 1.0438249368 0.7973171268 1.3925171499 0.7395658057 0.7493887412 0.5391693686 0.7699233747 1.017195819 0.7828687026 0.0 1.3799719503 1.2362248722 1.5452810902 1.4644600289 0.6042250065 1.1368340353 1.1113514562 0.6861948434 1.000042964 0.6809072123 0.0 0.8144096756 1.0402865472 0.8399829263 1.3902702485 0.0 1.5423215915 0.915471588 0.0 1.9122468454 0.737422511 0.0 0.0 1.0461077688 1.7527229944 1.2738202618 0.0 1.0211792432 0.8212103017 0.895338944 0.0 0.0 0.9153813937 0.840318115 0.0 0.5899380088 1.4549704259 0.8926391986 0.0 0.8355793461 0.884597404 0.9559180698 0.7799841458 0.9087620161 1.963806237 0.0 0.7561967506 0.0 0.7637249343 0.0 1.0119794302
0.0 0.0 0.0 3.5679171042 5.6762317567 0.0 3.4975142297 0.0 3.9392194823 0.0 0.0 0.0 0.0 3.1375706246 0.0 0.0 2.4362747096 0.0 2.2598103162 2.2898251855 1.6474808487 0.0 0.0 0.0 0.0 4.216629305 3.7773970857 0.0 4.4747902829 1.8462642437 0.0 3.395835051 2.0967305061 0.0 0.0 0.0 0.0 3.1786897838 2.5666439248 0.0 3.3693626689 0.0 0.0 4.8387549402 0.0 2.2532612849 0.0 0.0 3.1964770538 0.0 0.0 0.0 0.0 0.0 0.0 3.4778181875 0.0 0.0 0.0 2.8003568667 1.8026090279 0.0 0.0 0.0 2.5531883865 2.7029675032 0.0 2.3833122159 2.7768046643 0.0 0.0 0.0 0.0 0.0 3.2814897414 0.0
7.6620695376 3.7063102695 4.0000058292 8.316495636 13.230788512 12.517538457 8.1523928328 11.521286631 9.181968268 7.2167937337 8.0553872913 8.036916474 11.972053921 7.3133964845 4.616456944 7.4344430686 5.6787384343 9.9179365312 5.2674157172 5.3373776929 3.8401304986 5.4836316846 7.2447822808 5.5758323014 8.1029561922 9.8285857516 8.8047747358 11.00596842 10.4303359 4.3034768122 8.0968825478 7.9153877618 4.8872912666 7.122614358 4.8496311275 10.015796909 5.800476837 7.4092415666 5.982617414 9.9019334065 7.8536830072 10.984889958 6.5202709398 11.278704961 13.619611684 5.252150511 6.7571527043 4.7515679462 7.4507021021 12.483433627 9.0725406938 6.0782043464 7.2731534562 5.8489129933 6.3768800412 8.1064831199 4.7362387861 6.5196285486 5.9850047314 6.527381377 4.2017204088 10.362748021 6.3576516226 25.30860831 5.9512537579 6.3003754818 6.808343255 5.5552875988 6.4724832999 13.98683357 7.4738204153 5.3858664346 7.5908273885 5.4394844809 7.6488590729 7.2076295512
0.0 1.54729946 1.6699106144 0.0 5.5235504939 5.2257849686 3.4034368713 4.8098727 3.8332609819 0.0 3.3629392845 3.3552281423 4.9980576962 0.0 1.9272648044 0.0 2.3707429422 0.0 2.1990251496 2.2282326685 1.6031663338 2.2892903528 3.0245302999 2.3277819939 0.0 4.1032089383 3.6757913406 4.5947391758 4.3544258121 1.7966027837 0.0 3.3044926946 0.0 2.9735279965 2.0246096735 4.1813652991 2.4215659308 3.0931882766 0.0 4.1338299006 0.0 4.5859394017 0.0 4.7086004211 5.6858752431 2.1926522764 2.8209561451 1.9836705464 3.1104970984 5.2115469849 3.7875774816 2.5375107908 3.0363746144 2.4417869142 2.6622010374 0.0 1.9772709739 2.7217952624 2.4986020909 2.7250318904 0.0 4.3262094241 2.654173614 0.0 2.4845118342 2.63026214 2.842327025 2.3192050521 0.0 5.8391819507 0.0 2.2484756051 3.168996189 2.2708599086 3.1932230851 3.0090198881
6.7721487818 3.2758361763 3.5354200938 7.3505657334 11.694081849 11.063673124 7.2055228578 10.183132226 8.1155169521 0.0 0.0 7.1034586467 10.581544579 0.0 4.0802727143 6.5709602768 5.0191741776 0.0 4.6556250576 0.0 3.3941136856 0.0 0.0 0.0 7.1618280983 0.0 7.7821330397 9.7276662997 9.2188913465 3.8036440557 7.156459885 0.0 4.319650642 6.2953493062 4.2863645874 8.852499511 5.1267731196 6.5486858352 5.2877587489 8.7518608291 0.0 9.7090360222 0.0 0.0 0.0 4.6421328481 5.9723346584 4.1996910783 6.5853308843 0.0 0.0 5.3722436162 0.0 5.1695835972 5.6362292447 7.1649453866 4.1861423429 5.7623980462 5.2898687883 5.7692504125 3.7137062785 0.0 5.619234135 22.369107993 5.2600378643 0.0 6.0175796179 0.0 5.720728542 12.362315097 6.6057640919 4.7603181667 0.0 4.8077086771 0.0 6.3704903023
0.0 2.7644095994 0.0 0.0 9.8683909633 9.3364022321 6.0805899579 0.0 6.8485149316 5.3827587072 6.0082368545 5.994460106 8.9295440418 5.4548113828 3.4432567603 5.5450958746 4.2355760579 0.0 3.9287845631 3.9809667992 2.8642215145 4.0900526309 5.4036344037 0.0 6.0437168647 7.3308047156 6.5671792244 0.0 7.7796294941 3.209815624 0.0 0.0 3.6452627844 5.3125135439 3.6171733794 7.4704390911 4.3263765534 5.5262989394 4.4622289573 0.0 5.8577925531 8.1932523292 4.8632462655 8.4123988539 10.15840082 3.9173987699 5.0399282419 0.0 5.5572229295 9.31096461 6.7668966605 0.0 5.4247954895 0.0 0.0 6.0463474791 3.5325979245 4.862767128 4.4640095754 4.8685496966 3.1339190159 0.0 4.7419540992 18.876822143 4.4388358828 4.699233792 0.0 4.1434983175 0.0 10.432299018 5.5744660858 4.0171328871 5.6617375705 0.0 5.7050214117 5.3759234581
5.692832063 2.753747122 0.0 6.1790633427 9.8303280452 9.3003912234 6.0571367933 8.560187247 0.0 5.3619971156 5.9850627598 5.9713391489 8.8951023072 5.4337718801 3.4299759327 0.0 4.2192392118 7.368916036 3.9136310284 3.9656119948 0.0 4.0742770766 5.3827922934 4.1427811048 6.0204059217 7.302529405 6.5418492587 8.1773115733 7.7496230421 3.1974351915 6.0158932718 0.0 3.6312028085 5.2920228916 3.6032217459 7.4416252032 4.3096894849 5.5049837053 4.4450178987 7.3570258931 5.8351987302 8.1616505115 4.8444884615 8.3799517762 10.119219318 3.9022891508 5.0204889659 3.5303618978 5.5357884199 9.2750517156 6.7407963739 0.0 5.4038717597 4.3456770079 4.7379506259 6.0230263896 3.5189725031 4.844011172 4.4467916489 4.8497714369 3.1218313206 7.6994060031 4.7236641256 18.804013218 4.4217150526 4.681108593 5.0585229733 4.1275166202 4.8089827789 10.392061076 5.5529650684 4.0016385881 5.6398999423 4.0414761974 0.0 5.3551882303
8.9712960552 4.3396117115 4.6834913648 0.0 0.0 0.0 0.0 13.489941953 0.0 8.4499354694 9.4318204598 9.410193513 14.017732361 8.5630448418 5.4052761812 8.704774793 6.6490709154 0.0 6.1674650188 6.2493814767 4.4962979551 6.4206260539 0.0 6.5285810948 9.4875175128 0.0 0.0 12.886570734 12.212579232 5.0388167791 0.0 9.2678990519 5.7223882719 8.3396635568 5.6782931021 11.727207494 6.7916108972 8.6752670819 7.0048740413 11.593888005 9.1956507357 12.861890572 7.6343970352 0.0 15.94681019 6.1495914295 7.9117550555 0.0 8.723812026 0.0 0.0 7.1167940212 8.5159254416 6.8483233944 7.466504771 9.4916470907 0.0 7.6336448778 7.0076692823 7.6427224409 4.9196731436 0.0 7.4439907706 29.633118935 6.9681512416 0.0 0.0 6.5045258955 7.5784438669 0.0 8.7508805917 6.3061555447 8.8878806793 6.3689353674 8.9558283033 8.4392053926
1.1284332271 0.5458477814 0.5891018691 1.2248139961 0.0 1.843523639 1.2006457143 1.6968003996 1.3522766966 0.0 1.1863591986 1.1836389043 1.7631872661 1.0770823151 0.6798898628 1.0949094813 0.0 1.4606666085 0.0 0.7860636483 0.0 0.8076032419 1.0669771409 0.821182111 1.1933649205 1.4475074499 1.2967254239 1.6209067798 1.536130355 0.6337956348 1.192470423 0.0 0.7197770561 1.0489848292 0.7142306496 1.4750790204 0.8542666917 1.0911979238 0.8810914912 1.4583097443 1.1566531492 1.617802444 0.9602745501 1.6610741228 0.0 0.0 0.0 0.6997883698 1.0973040346 1.8385008415 1.336160723 0.8951690809 0.0 0.8614001389 0.9391566193 1.1938843497 0.6975307639 0.9601799418 0.0 0.9613217415 0.6188094348 1.526176333 0.9363247491 3.7273316835 0.0 0.927889391 1.0027004731 0.8181563847 0.9532366133 2.0599144479 1.10070879 0.79320484 1.1179410216 0.8011014513 1.1264876525 1.0615054633
1.1333535038 0.5482278266 0.591670514 1.2301545192 1.9570640078 1.851561905 1.2058808571 1.7041989122 1.3581729919 1.0674894588 1.1915320483 1.1887998928 1.7708752435 1.0817786878 0.6828543681 1.0996835853 0.839984298 1.4670355134 0.7791425058 0.7894911002 0.5680221687 0.8111246123 0.0 0.0 1.1985683171 1.4538189772 0.0 1.6279743755 1.5428283024 0.6365591567 1.1976699193 1.1708236801 0.7229154804 1.0535586892 0.7173448901 1.4815107673 0.8579915275 1.0959558444 0.8849332905 1.4646683726 1.1616964725 1.624856504 0.9644616091 0.0 0.0 0.776884516 0.9995005468 0.702839638 1.1020885795 1.8465172067 1.3419867482 0.8990722622 1.0758260432 0.8651560785 0.9432515983 0.0 0.7005721883 0.0 0.8852864163 0.0 0.6215076128 1.5328308782 0.9404073804 3.7435838664 0.8802940596 0.9319352418 1.0070725207 0.0 0.957392985 2.0688962368 1.1055081806 0.7966634294 1.1228155494 0.8045944721 1.131399446 1.0661339166
3.3704538492 1.6303620912 1.7595552974 3.6583281567 5.820067522 5.5063172513 3.5861412727 0.0 4.0390393405 0.0 0.0 3.535344587 5.2663650496 3.2170766933 2.0307248583 0.0 0.0 0.0 2.3170739305 0.0 0.0 0.0 3.1868941159 0.0 0.0 4.3234787307 3.8731163629 4.8413954536 4.5881815101 0.0 3.5617229543 3.4818855426 2.1498616765 0.0 0.0 0.0 0.0 3.2592378123 0.0 4.3557434973 0.0 0.0 2.8681901383 4.9613690352 5.9911062411 2.3103589467 2.9723916273 0.0 3.277475812 0.0 3.9909034437 2.6737302676 3.1993742607 2.5728677109 2.8051141764 3.5659461326 2.0834154753 0.0 0.0 0.0 1.8482871574 4.5584504008 0.0 0.0 0.0 2.7714607248 0.0 2.4437053695 0.0 6.152642809 3.2876452848 0.0 3.3391152697 2.3927649464 3.3646427218 0.0
4.1350661454 2.0002217475 2.1587233847 4.4882468613 7.1403927338 6.7554659018 4.3996838506 6.2178086568 4.955325183 3.894759673 4.3473318942 4.3373635624 6.4610787747 3.9468942513 2.4914097591 4.012220679 3.0647018972 5.3525125792 2.8427192287 2.8804763119 2.0724418567 2.9594066749 3.9098645338 3.0091655093 4.3730038815 5.3042917451 4.751761355 5.9397016938 0.0 2.3225006229 4.3697260567 4.2717769398 2.6375736425 3.8439329419 2.6172492164 5.4053258736 3.1304016857 3.998619931 3.2286993231 5.3438760119 4.2384761141 5.9283260681 3.51886021 6.0868921666 7.3502328468 0.0 0.0 2.5643264728 4.0209953552 6.737060205 0.0 3.2802856845 3.9251758914 0.0 3.4414750013 0.0 2.5560536308 3.5185135243 3.2299877107 3.5226975712 2.267584721 5.5925684704 3.4310978072 0.0 3.2117729833 3.4001870161 3.6743270943 2.9980779429 0.0 7.5484151758 4.0334718479 2.9066447189 4.0966181782 2.9355813093 0.0 3.8898139464
2.9941363278 0.0 1.5630976338 3.2498689266 0.0 0.0 0.0 4.5022174069 3.5880729895 2.8201341925 3.1478346163 3.1406167041 4.6783654712 0.0 1.8039906025 2.9051858586 2.2191024186 3.8756701331 2.0583682613 0.0 1.5006225371 2.142859805 0.0 2.178889394 0.0 3.840754186 3.4406756249 0.0 4.0759024014 0.0 0.0 3.0931264627 1.9098255705 0.0 0.0 3.9139114085 2.2666746015 0.0 0.0 0.0 0.0 4.2926076196 0.0 4.4074228363 5.3221879434 0.0 2.6405185028 1.8567884475 2.9115394636 4.8781992822 0.0 2.3752032466 2.8421580976 2.2856021843 2.4919178945 3.1678015294 1.8507982128 2.5477002767 2.3387832752 0.0 0.0 4.0494908265 2.4844039315 9.8899420288 2.3255942777 2.4620219141 2.6605224309 2.1708610616 2.5292771469 5.4656886493 0.0 2.1046557029 0.0 0.0 2.9889740238 0.0
6.7335153829 3.257148358 3.5152514148 7.3086326119 11.627370064 11.000557662 7.1644171693 10.125040028 8.069219977 0.0 7.0791675768 7.0629352088 0.0 0.0 0.0 6.5334746076 4.9905410562 8.7159974041 4.6290658922 0.0 3.3747511241 0.0 0.0 0.0 7.1209716774 8.637474905 7.7377379357 9.6721724197 9.1662998992 3.7819452268 7.1156340884 6.9561343701 4.2950081258 6.259435928 4.2619119597 8.8019982365 5.0975261734 6.5113272361 5.2575934204 8.701933673 6.9019075176 9.6536484232 5.7300895612 9.9118564484 0.0 4.6156506524 5.9382639972 4.1757329011 6.5477632344 10.970585943 7.9730537585 5.3415963228 6.3917314297 5.1400924281 0.0 7.1240711823 4.1622614578 5.7295250203 5.2596914226 5.7363382957 3.6925205219 9.106902889 5.5871778232 22.24149788 5.2300306764 0.0 0.0 4.8820510333 5.6880932301 0.0 6.5680798757 4.7331617535 6.6709069579 4.7802819131 0.0 6.3341482637
2.7549033838 1.3326068959 1.4382053752 2.990202824 0.0 4.5006912145 2.9311995265 0.0 3.3013842183 2.5948041034 2.8963211046 2.8896799071 4.3045618022 2.6295377017 1.6598508789 2.6730601002 2.0417950596 3.5660022107 1.8939036395 1.9190585252 0.0 1.9716442678 2.6048674085 2.0047950752 2.9134245419 3.5338760647 3.1657639746 3.9572049683 3.7502358237 1.5473186159 2.911240758 2.845984159 1.7572295816 2.5609418317 1.7436888477 3.6011879897 2.0855662021 2.6639988795 0.0 3.5602482741 2.8237981638 3.9496261899 2.3443687619 4.0552676152 4.8969425468 1.8884150221 0.0 1.7084301505 0.0 4.4884287948 0.0 2.1854233558 2.6150682879 2.1029814618 2.2928124467 0.0 1.7029185384 2.3441377896 0.0 0.0 0.0 3.7259345465 0.0 9.0997308666 2.1397781676 2.2653051697 2.447945399 1.9974082105 0.0 0.0 2.6872182575 1.936492692 2.7292882107 1.9557711045 2.7501535503 2.5915091141
0.0 2.3465832028 2.5325312257 5.2654385484 8.3768340543 7.9252527037 0.0 7.2944939083 0.0 0.0 0.0 5.0884280669 7.5798890516 0.0 0.0 4.7069829448 3.5953903624 6.2793618392 3.3349688357 3.3792639932 0.0 3.4718620584 0.0 0.0 5.1302399181 0.0 0.0 6.9682295184 0.0 0.0 0.0 0.0 0.0 4.5095542459 0.0 0.0 0.0 4.6910270704 3.7877858333 6.2692297507 0.0 0.0 0.0 7.1409077185 0.0 0.0 4.2781688206 3.0083691646 4.7172770573 0.0 5.7441147801 3.8483049678 0.0 0.0 0.0 0.0 0.0 4.1277847045 0.0 0.0 0.0 0.0 4.0252319482 16.023686855 3.7679285026 0.0 4.3105791905 0.0 4.0979355444 0.0 4.7319139986 0.0 0.0 3.4439110561 4.8427365535 4.5633800753
0.0 0.0 3.9248632504 8.1602651315 0.0 12.28238877 7.9992451008 11.304852149 9.0094793259 0.0 0.0 0.0 0.0 0.0 0.0 0.0 0.0 0.0 5.1684640613 0.0 3.7679912766 0.0 7.1086845734 0.0 0.0 0.0 0.0 10.799214509 0.0 0.0 0.0 0.0 4.7954804831 6.9888116503 0.0 0.0 0.0 0.0 0.0 0.0 0.0 0.0 6.3977836251 0.0 0.0 0.0 6.6302154194 0.0 7.3107360636 0.0 8.9021074162 0.0 0.0 5.7390375521 0.0 0.0 0.0 6.3971533016 5.8725727229 0.0 0.0 0.0 0.0 24.83317048 5.8394557822 0.0 0.0 5.4509280918 6.3508937055 0.0 0.0 5.2846896088 7.4482290101 0.0 7.5051705334 0.0
1.4702704619 0.7112019129 0.7675589981 0.0 2.5388489938 2.401983819 1.5643583391 0.0 1.7619230235 0.0 0.0 0.0 2.2973110804 0.0 0.8858494758 1.4265913394 0.0 0.0 0.0 0.0 0.0 1.0522511771 0.0 1.0699435045 1.5548719683 0.0 0.0 2.1119294458 2.0014716266 0.0 0.0 1.5188795616 0.0 1.3667546934 0.9305931462 1.9219259594 1.1130504254 1.4217554366 0.0 1.9000767523 0.0 0.0 1.2511713342 2.1642647161 2.6134600663 0.0 1.2966264504 0.0 1.4297112767 2.3954394612 0.0 0.0 0.0 0.0 0.0 1.5555487486 0.90883435 1.2510480661 1.1484593852 0.0 0.8062659019 0.0 1.2199663996 0.0 0.0 1.2089757114 1.3064493781 1.0660011924 1.2420013893 0.0 1.4341474376 1.0334910551 0.0 1.0437797935 0.0 0.0
0.0 0.0 3.360874976 6.9876653347 11.116740305 0.0 0.0 9.6803868752 0.0 6.0636765301 6.7682775289 6.7527580246 10.059129449 0.0 3.8788280026 0.0 0.0 8.3332240313 4.4257749684 0.0 0.0 4.6074434122 0.0 0.0 0.0 0.0 7.3979259888 0.0 8.7637509578 0.0 6.8031425704 0.0 0.0 0.0 4.0747450367 0.0 4.8736622602 0.0 0.0 0.0 0.0 9.2296969928 5.4784458759 0.0 0.0 0.0 5.6774780844 0.0 0.0 10.488799638 7.6229076378 5.1070137793 0.0 4.9143591673 5.3579663307 6.8112091393 3.9794708049 5.4779061275 5.02870583 5.4844201898 0.0 0.0 5.3418102765 0.0 5.0003476707 5.2936858596 5.720489282 4.6676499666 5.4382938636 11.751982608 6.2796348509 4.5252993363 0.0 0.0 0.0 6.0559766234
6.3753725621 0.0 3.3282819069 0.0 0.0 0.0 0.0 0.0 7.6400335803 6.0048722517 6.7026401761 0.0 9.9615780965 0.0 3.8412119324 6.1859715735 4.7251037104 0.0 0.0 4.4410679296 3.1952545583 0.0 6.0281606615 4.6394786802 6.7422207964 8.1780641142 7.3261824356 9.1577280445 8.6787619171 3.5807907845 6.7371671036 0.0 4.066564848 5.9265084878 4.0352290037 8.333836764 0.0 0.0 4.9779520695 8.2390944434 0.0 9.1401893041 0.0 0.0 0.0 0.0 5.6224190785 0.0 6.1995002156 0.0 0.0 0.0 0.0 0.0 5.3060058836 6.7451554446 0.0 5.4247825291 0.0 0.0 3.4961224088 8.6225241204 5.2900065074 21.058515094 4.9518553352 5.2423487911 0.0 4.6223840645 5.3855544167 11.638014316 6.2187362535 4.4814139212 0.0 4.5260278494 6.3643805405 0.0
0.0 1.6301595012 0.0 3.6578735703 0.0 0.0 0.0 0.0 4.0385374466 3.1741878089 3.5430293673 3.5349052826 0.0 3.2166769371 0.0 3.2699172825 2.4976995288 0.0 0.0 0.0 1.689018124 0.0 0.0 0.0 3.5639517645 4.3229414921 0.0 4.8407938584 0.0 0.0 3.5612803721 0.0 0.0 3.1327645623 0.0 0.0 0.0 0.0 2.6313556909 4.3552022496 0.0 0.0 0.0 0.0 5.990361782 0.0 0.0 0.0 0.0 0.0 0.0 0.0 0.0 0.0 0.0 3.5655030256 0.0 2.8675511898 0.0 2.8709611436 1.8480574879 4.5578839645 0.0 11.131574342 0.0 0.0 0.0 0.0 2.846815129 0.0 3.2872367597 0.0 3.3387003488 0.0 3.364224629 0.0
1.9323709527 0.9347300062 1.008799912 2.0974169598 3.3367997088 3.1569183229 2.0560302968 2.9056640004 2.3156888205 1.8200725685 2.031565537 2.0269072041 3.0193473353 1.8444357446 1.164268643 1.8749636459 1.4321756211 2.5012997298 1.328440192 1.3460845751 0.9684794159 1.3829697748 1.8271312691 1.4062227344 2.0435623953 2.478765498 2.2205607586 2.7757009483 2.6305266509 1.0853351757 2.0420306245 0.0 1.2325729537 1.7963205666 1.2230750813 2.5259800789 1.4628779988 1.868607837 1.5088137814 2.497263748 1.9806957951 2.7703849684 1.6444097912 2.8444849977 3.4348607615 1.324590313 1.7041512799 1.1983435851 1.8790641678 3.148317098 2.2880912289 1.5329207685 1.8342864685 1.4750935786 1.6082466624 2.0444518851 1.1944775769 0.0 1.5094158619 1.6462030407 1.0596722504 2.6134810142 1.6033972627 6.3828211574 1.5009038795 1.5889522423 1.7170615168 1.4010413684 1.632357767 3.5274739779 1.8848945974 1.3583134168 1.9144037105 1.3718358672 1.9290392787 1.8177613652
3.8278972926 1.851637469 1.9983649859 4.1548423664 6.6099764919 0.0 4.0728581618 0.0 4.5872242873 3.6054417229 0.0 0.0 5.9811246251 3.6537035412 2.306338118 3.7141772669 2.8370438784 4.9549070534 0.0 2.6665032887 1.9184927867 2.7395703962 3.6194245356 2.7856329502 4.0481600849 4.9102682512 4.398781975 5.4984774687 5.2108969196 2.1499762117 0.0 3.9544526755 2.4416443776 3.5583905997 2.4228297292 5.0037971702 2.8978632302 3.7015868355 2.9888589355 0.0 3.9236255652 5.4879468689 0.0 5.6347340587 6.8042288623 2.6239245967 3.3758094227 0.0 3.7223001259 6.2366050776 4.5325553088 3.0366132606 3.6335985059 2.9220614746 3.1858288058 0.0 2.3661799906 3.2571446066 2.9900516166 3.2610178462 2.0991396774 5.1771306561 3.1762224702 12.643940747 0.0 0.0 3.4013837365 2.7753690115 3.2335912873 6.9876894343 3.733849816 2.6907278043 3.7923053904 2.7175148718 0.0 0.0
3.6184236879 1.7503105144 1.8890086775 0.0 0.0 0.0 3.8499795903 0.0 4.3361981146 3.40814153 3.8041685797 3.7954457088 0.0 3.4537623221 2.1801286295 3.5109267508 2.6817926367 4.683760217 2.4875448744 2.520584521 0.0 2.5896531852 3.4213591628 2.6331950631 3.8266330636 4.641564179 0.0 0.0 4.9257415777 2.0323232987 3.823764776 0.0 2.3080305395 3.3636651803 2.290245483 4.7299749252 2.7392837777 3.4990253041 0.0 4.6762027176 3.7089134327 5.187630553 3.0792076089 5.3263851234 6.4318817908 2.4803358581 0.0 0.0 3.5186051034 5.8953200204 4.2845207806 2.8704410054 0.0 2.7621578243 0.0 3.8282986604 0.0 0.0 0.0 0.0 1.9842686865 4.8938231017 0.0 11.952027761 2.8104884019 2.9753616532 0.0 0.0 3.0566398252 0.0 3.5295227611 2.5434834011 3.5847794775 2.5688046029 3.6121850264 3.4038137312
11.669481097 5.6447827074 6.0920867634 12.666184787 20.150748525 19.064454804 12.416253023 17.547143874 0.0 10.991317377 0.0 12.24038028 18.233671234 0.0 7.0309538144 11.322801552 8.6488292082 15.105210453 8.0223767011 8.1289301524 0.0 8.3516778295 11.03394448 8.4921011642 12.340960056 14.969127476 13.409843364 16.762304205 15.885604668 6.5542789795 12.331709778 12.055289685 7.4434397613 10.847880354 0.0 15.254253713 8.834239166 11.284419174 9.1116428114 15.080837382 11.961312142 0.0 9.9304996 17.177687267 0.0 7.9991274949 10.29127514 7.2367305015 11.347564377 19.012512484 13.817656132 9.2572235706 11.077154332 8.9080083752 9.7121124694 12.346331636 7.2133838923 9.9295212256 9.1152787422 9.9413289343 6.3993019959 15.782667013 9.6828272134 38.54550325 9.0638753523 9.5955945358 0.0 8.460811182 9.8577180938 21.302219869 11.382774018 8.2027794501 11.560977917 0.0 11.649361302 10.977360149
4.9533503326 2.3960436689 0.0 5.3764216343 8.5533980545 8.0922984289 0.0 7.4482447186 5.9359296273 4.6654898479 5.2076211425 5.1956801873 7.7396553217 4.7279412868 0.0 0.0 3.6711727523 0.0 0.0 0.0 2.4825553448 3.5450407616 4.6835837948 3.604646323 5.2383733342 6.3539528405 5.6920827529 7.1151034412 6.7429703613 2.7820979951 5.2344468638 5.1171146922 3.1595205059 4.6046050648 3.1351740989 0.0 0.0 0.0 3.8676234681 6.401370399 0.0 7.1014767041 0.0 0.0 8.8047632218 3.3953935491 4.3683425778 3.0717785255 0.0 8.0702504468 0.0 3.929418204 4.701925102 3.7811866597 4.1225051168 0.0 3.0618685789 0.0 0.0 4.2198007414 2.7163148393 6.6992763644 4.1100743898 16.361428564 3.8473475915 4.0730466926 4.4014360822 3.591364649 4.1843104072 9.0421636576 4.8316516391 3.4818377939 4.9072939349 3.5165006178 4.9448100735 4.6595654164
0.3460462479 0.167390123 0.1806544566 0.3756024527 0.5975493565 0.0 0.3681909878 0.5203421857 0.4146902677 0.3259360126 0.3638098733 0.3629756657 0.540700436 0.3302989356 0.2084955763 0.3357658289 0.2564719778 0.4479292059 0.2378951844 0.2410549154 0.1734339194 0.2476602647 0.3272000747 0.2518243717 0.3659582537 0.4438938077 0.3976548694 0.4970685867 0.4710709796 0.194360283 0.3656839463 0.3574869978 0.2207274154 0.3216825379 0.2190265499 0.4523489278 0.261970116 0.3346276396 0.2701962308 0.4472064481 0.3547001921 0.4961166086 0.2944785718 0.5093863367 0.0 0.2372057535 0.3051769928 0.2145976686 0.3365001445 0.5637961581 0.4097481302 0.2745132758 0.3284814177 0.2641576647 0.28800253 0.3661175422 0.2139053494 0.0 0.2703040505 0.2947997043 0.1897646028 0.4680184712 0.2871341064 1.1430265548 0.2687797368 0.2845473126 0.3074889397 0.2508965 0.2923203124 0.631695034 0.3375442496 0.2432448391 0.3428286997 0.2456664203 0.3454496165 0.3255221256
4.3203970858 2.0898703684 2.2554759445 4.6894071286 7.4604204319 7.0582414329 4.5968747822 6.4964867443 0.0 4.0693202356 4.5421764456 4.5317613397 0.0 4.1237914513 2.6030731031 4.1920457665 3.2020598171 5.5924086666 0.0 3.0095773625 2.1653273353 3.0920453323 0.0 3.1440343249 4.5689990344 5.5420266066 4.9647321684 6.2059152105 5.881334358 2.4265935707 4.5655742997 4.4632351679 2.7557879555 4.0162154839 2.7345526019 5.6475890181 3.2707042268 4.1778354419 3.3734074996 5.5833850141 4.4284418211 6.1940297367 3.6765732063 0.0 7.6796654405 2.9615204679 0.0 2.6792578959 4.2012137179 7.0390108049 5.1157168676 3.4273059277 4.1010996888 3.2980158333 3.5957196435 4.5709877567 0.0 3.6762109823 3.3747536319 0.0 2.3692163743 5.8432237047 3.5848773504 14.270718512 3.3557225324 3.552581158 3.8390080139 3.1324498211 3.6496272775 7.8867301709 0.0 3.0369186203 4.280225906 3.0671521296 4.3129481253 4.0641528448
0.8361367157 0.0 0.4365076198 0.9075521063 0.0 0.0 0.0 0.0 1.0019983183 0.7875452162 0.0 0.0 0.0 0.79808716 0.503778924 0.8112965798 0.0 1.0823121399 0.0 0.0 0.4190609452 0.5984108816 0.7905995152 0.0 0.0 1.0725615801 0.9608364155 1.2010455194 1.1382286156 0.4696244207 0.8835864446 0.8637805092 0.5333341923 0.0 0.0 1.0929913245 0.632987162 0.8085464219 0.0 0.0 0.8570468701 1.1987452954 0.7115359502 0.0 1.4862639039 0.0 0.7373860863 0.518523148 0.8130708752 0.0 0.0 0.6632946614 0.0 0.0 0.6958881681 0.0 0.5168503266 0.7114658481 0.0 0.0 0.0 1.1308529703 0.6937898333 2.7618460688 0.6494409568 0.6875394744 0.0 0.6062304583 0.7063210406 0.0 0.8155937015 0.0 0.0 0.0 0.8346951007 0.0
0.0 4.1995048274 4.5322821263 0.0 0.0 14.183233285 9.2372226194 13.054411344 10.403802505 8.1771243958 0.0 0.0 13.565161732 8.2865819664 5.2307637008 0.0 0.0 11.237705241 0.0 0.0 0.0 6.2133324133 8.2088373475 6.3178020629 9.1812075004 0.0 9.9764162519 12.470520315 0.0 4.8761356533 9.1743256429 0.0 5.5376376435 0.0 5.4949661118 11.34858779 6.5723397954 0.0 0.0 11.219572598 8.8987638117 12.446636965 7.3879160935 0.0 15.431958162 0.0 0.0 5.3838537728 8.4421586888 14.144590163 0.0 6.8870241935 8.2409838434 6.6272212967 7.2254443286 9.1852037525 5.3664847786 0.0 6.7814226101 0.0 4.7608386393 0.0 0.0 28.676396482 6.7431804323 7.1387593931 0.0 0.0 7.3337694058 15.848045853 8.4683533301 6.1025576509 8.6009302903 0.0 0.0 0.0
3.8461587825 1.8604709503 2.0078984502 4.174663591 6.6415102584 0.0 4.09228827 5.7833849647 4.609108247 0.0 4.0435940218 0.0 6.0096583706 0.0 2.3173408088 0.0 0.0 4.9785450924 2.6441051106 2.6792241951 1.9276452101 0.0 0.0 2.7989221803 4.0674723676 0.0 4.4197669458 0.0 5.2357561921 2.1602329573 4.0644235568 0.0 2.4532925648 3.5753663724 2.4343881586 5.027668446 2.9116878697 3.7192457447 3.0031176821 4.9705119418 3.9423437395 0.0 3.2730057091 0.0 6.8366893354 2.6364423758 3.3919141677 0.0 3.7400578506 6.2663576264 4.5541784629 0.0 3.6509330678 2.9360015551 3.2010272232 0.0 2.377468165 0.0 0.0 0.0 2.1091539006 0.0 0.0 12.704260337 0.0 3.1626239326 0.0 2.7886092762 0.0 7.0210251303 3.75166264 2.7035642769 0.0 2.7304791357 3.8395274743 3.6180417789
4.7596140287 0.0 2.4847704352 5.1661380916 0.0 0.0 0.0 7.1569276693 5.7037625102 0.0 0.0 0.0 7.43694057 0.0 0.0 0.0 0.0 0.0 3.2720749426 3.3155347415 0.0 0.0 4.5003986468 0.0 5.0334891607 6.1054359265 0.0 0.0 6.479238126 0.0 0.0 0.0 3.0359447876 0.0 0.0 0.0 3.6032080877 4.6025593907 3.7163523031 0.0 0.0 0.0 0.0 0.0 8.4603897838 3.2625923232 0.0 0.0 4.6283143313 0.0 0.0 3.7757301124 4.5180225856 0.0 3.9612649761 5.035680059 2.9421122399 4.0499391645 0.0 4.0547551573 0.0 0.0 0.0 15.721497511 3.6968694601 3.9137409785 4.2292863449 3.4508985671 0.0 8.6885049723 4.6426752357 0.0 4.7153589968 0.0 0.0 0.0
2.2908276601 0.0 0.0 0.0 0.0 0.0 0.0 0.0 0.0 0.0 0.0 0.0 3.5794392279 2.1865803845 0.0 0.0 0.0 2.9652932834 0.0 0.0 0.0 1.6395120247 2.1660659119 0.0 2.4226452243 0.0 0.0 3.2905961971 3.1184919252 0.0 0.0 2.3665654737 1.4612164457 0.0 0.0 0.0 1.7342433026 2.2152364238 1.7887002179 0.0 2.3481168081 3.2842940977 0.0 0.0 0.0 0.0 2.020273014 1.4206374957 0.0 0.0 2.7125343964 0.0 0.0 0.0 0.0 2.4236997153 0.0 0.0 1.789413985 1.9515753196 0.0 0.0 0.0 0.0 1.7793230215 0.0 0.0 0.0 1.935161734 0.0 0.0 0.0 2.2695274768 0.0 0.0 0.0
4.1549144117 2.0098227871 2.1690852302 4.5097903906 7.1746665305 0.0 4.4208022786 6.2476540613 4.9791106825 3.9134544712 4.3681990335 4.3581828538 6.4920918728 0.0 2.5033684951 4.0314792886 0.0 5.3782045733 0.0 2.8943025626 2.082389552 2.9736117903 0.0 0.0 0.0 5.3297522798 0.0 5.9682121883 5.6560636439 2.3336485971 4.3907006877 0.0 2.6502339633 3.8623837724 2.6298119802 0.0 3.145427575 4.0178132571 3.2441970399 0.0 4.258820747 0.0 0.0 0.0 7.3855138735 0.0 3.6642046924 0.0 0.0 6.7693980106 4.9197713352 0.0 3.9440166871 3.1716930745 0.0 0.0 2.5683226566 3.5354023456 3.2454916117 0.0 2.2784690996 0.0 3.4475670342 0.0 3.2271894538 3.4165078717 3.6919638188 3.0124686799 0.0 7.5846474751 4.0528324628 2.9205965776 4.1162818947 0.0 4.1477507662 0.0
5.8809702977 0.0 3.0701777576 0.0 0.0 9.6077530367 6.257314668 0.0 0.0 5.5392018285 6.1828587125 6.1686815601 0.0 5.6133486246 3.5433306935 5.7062571217 4.3586777562 0.0 0.0 4.0966685992 0.0 4.2089248737 5.5606842509 0.0 6.2193699047 7.5438653474 6.7580460403 8.4475575504 0.0 3.3031048837 6.2147081195 6.0754030087 0.0 5.4669150777 0.0 0.0 0.0 0.0 4.5919180375 0.0 6.0280419364 8.4313789176 0.0 0.0 10.453641981 0.0 0.0 0.0 0.0 9.5815761021 0.0 4.665285149 0.0 0.0 0.0 0.0 3.6352684464 5.0040973471 4.593750407 5.0100479788 0.0 7.9538580293 0.0 0.0 0.0 0.0 5.2256983917 4.263923892 4.9679113263 10.735500687 5.7364809412 4.133885809 5.826288862 0.0 0.0 0.0
0.0 5.1904653709 5.6017683977 11.646753636 18.528926239 17.53006229 0.0 0.0 0.0 10.106687039 11.28108705 11.255219778 16.766143894 10.241973401 0.0 10.411491886 0.0 0.0 7.3766999756 7.474677529 0.0 0.0 0.0 0.0 11.347704444 13.764345206 12.330559247 15.413199059 0.0 0.0 0.0 11.085026101 0.0 9.9747944687 0.0 0.0 8.1232201214 10.376198694 0.0 0.0 10.998612291 0.0 0.0 15.795150236 0.0 7.3553219693 9.462987329 6.6542860929 10.434261688 17.48230052 12.705549421 8.5121608509 0.0 8.191052055 8.9304382585 0.0 0.0 9.1303489865 0.0 0.0 0.0 14.512407445 0.0 0.0 0.0 8.8232982088 9.5346766269 0.0 0.0 19.587722024 10.4666375 0.0 0.0 7.617671965 10.711768648 0.0
2.9613599264 1.4324744317 1.5459866175 3.2142930554 5.1136480426 4.8379796845 3.1508679634 4.4529322479 3.5487948446 2.7892625687 3.1133757008 0.0 4.6271520434 2.8265991543 1.7842425638 2.8733831859 2.1948102075 3.8332437016 2.0358355851 2.0628756153 1.4841954272 2.1194022114 2.8000800328 2.1550373894 3.131760895 3.7987099745 3.4030110188 4.2537637735 4.0312840546 1.6632769662 3.1294134552 3.0592664299 1.8889189708 2.7528626081 0.0 3.871066355 2.2418616243 2.8636429039 2.3122582454 0.0 3.0354177834 4.2456170303 2.5200592315 4.3591753806 5.263926679 2.0299356426 2.6116131075 1.836462438 2.8796672387 4.824798301 3.5065015149 2.3492022211 2.8110453811 2.2605820094 2.4646392097 3.1331240388 1.8305377776 2.5198109498 2.3131809342 2.5228073877 1.6239485141 4.0051616036 2.457207501 9.7816781844 2.3001363148 2.4350704965 2.6313980553 2.1470969421 2.5015894954 5.4058565022 2.8886023765 2.0816163244 2.9338251142 2.1023394897 2.9562541334 2.785720648
2.0949312604 0.0 1.0936649964 2.2738617288 3.6175072959 0.0 2.2289934213 3.1501023849 2.5104956647 1.9731857977 2.2024705686 2.1974203544 3.2733493069 1.999598521 1.2622125024 2.0326945758 1.5526570997 2.7117210535 1.4401949491 1.4593236622 1.0499525469 1.4993118217 0.0 1.5245209318 2.2154766601 0.0 0.0 3.0092062178 0.0 0.0 2.2138160295 0.0 1.3362628991 1.9474356636 1.3259660201 2.7384776319 1.5859423086 2.0258040857 1.6357424294 0.0 2.1473214202 3.0034430322 1.7827454255 3.0837767112 3.7238177143 1.4360211998 1.8475126547 1.299153992 0.0 3.4131686243 2.4805764314 1.6618774119 1.9885954392 1.5991855215 1.743540081 2.2164409781 1.2949627566 0.0 0.0 1.7846895318 1.1488169598 2.8333395653 1.7382827266 6.9197746702 1.6271671087 1.7226225218 1.8615089627 1.5189036845 1.7696795273 3.8242219985 2.0434609665 1.4725812528 2.0754525276 1.4872412765 2.09131931 1.970680165
1.8111872811 0.0 0.9455356215 1.9658828526 0.0 2.9589403142 0.0 0.0 2.1704663552 1.705931401 0.0 1.8997949348 2.8299967371 1.7287667033 1.0912545311 0.0 1.3423604125 0.0 0.0 1.2616683449 0.9077437216 1.2962403843 1.7125474335 0.0 1.9154056385 0.0 2.081304005 2.6016300062 0.0 0.0 1.9139699288 0.0 0.0 1.6836689449 0.0 0.0 1.3711373696 1.7514229051 0.0 2.3406542784 1.8564815554 2.5966474043 0.0 2.666100441 3.219452308 1.2415220402 0.0 1.123192551 0.0 0.0 0.0 1.4367875873 1.7192539129 0.0 1.5073896116 1.9162393463 1.1195689895 0.0 0.0 1.5429656533 0.9932176321 0.0 1.5028443295 5.9825389538 1.4067785551 1.4893051914 0.0 0.0 1.5299886503 3.3062575249 0.0 1.2731302863 0.0 0.0 1.8080645445 1.703765139
1.9016615951 0.0 0.0 2.0640846809 3.2837710833 0.0 2.0233557373 2.85948701 2.2788877518 0.0 0.0 1.9946954705 2.9713636824 0.0 1.1457660143 1.8451666087 1.4094153983 2.4615489211 0.0 1.3246925165 0.9530882816 0.0 0.0 1.3838749565 2.0110859764 2.4393728047 2.1852714709 2.7315893386 0.0 1.0680869625 2.0095785487 1.9645330603 1.2129848287 1.76777333 1.2036378971 2.4858370486 0.0 1.8389118066 1.4848356203 2.4575770794 1.9492184561 2.7263578406 0.0 2.7992802677 3.3802737437 1.3035398425 1.6770688033 0.0 1.8492019649 3.0982838497 2.2517287428 1.5085594977 1.8051358755 1.451651301 1.5826883078 2.0119613304 1.175494866 1.6181172938 1.4854281325 1.620041481 0.0 2.5719474137 1.5779159751 0.0 1.477051423 0.0 1.6897738699 1.3787759331 1.6064162373 3.4714151452 0.0 1.3367270167 1.8839798894 1.3500345675 1.8983828682 1.7888733901
7.3491156734 3.5549276548 3.8366273484 7.9768120254 12.690382768 12.006265098 7.819411929 11.05070474 0.0 0.0 7.7263685363 0.0 0.0 7.014684018 0.0 7.1307865075 0.0 0.0 0.0 5.1193748459 0.0 5.2596551575 6.9488723314 5.3480898806 7.7719945063 0.0 8.4451475799 10.556434475 0.0 4.1277031924 0.0 0.0 4.6876720019 0.0 4.6515500746 9.6067060842 0.0 0.0 5.7382600341 0.0 7.532902775 0.0 0.0 0.0 13.063324629 0.0 6.4811597706 4.5574922409 0.0 0.0 8.7019767549 0.0 0.0 0.0 6.1164191775 7.7753773783 4.5427891936 6.2533371847 0.0 6.2607733523 4.0301029846 0.0 6.0979761351 0.0 0.0 0.0 0.0 0.0 0.0 0.0 7.1685555039 0.0 0.0 0.0 0.0 6.9132370887
0.0 1.8774148801 0.0 0.0 6.7019967086 0.0 4.1295581048 5.8360561815 4.6510849339 3.6556345683 0.0 4.0710640721 0.0 0.0 2.3384456048 0.0 2.8765395397 0.0 0.0 2.7036247839 1.9452009182 2.7777090888 0.0 0.0 0.0 0.0 0.0 0.0 0.0 2.1799069198 4.1014396184 0.0 2.4756355189 0.0 2.4565589439 5.0734571002 2.9382055828 0.0 3.0304680769 0.0 3.9782479795 5.5643468472 0.0 0.0 6.8989533466 0.0 0.0 0.0 3.7741198055 6.3234274364 4.5956548859 0.0 0.0 2.962740701 0.0 0.0 0.0 0.0 0.0 0.0 0.0 5.2492036333 0.0 0.0 3.0145809573 0.0 3.4487358063 0.0 0.0 7.0849679491 0.0 2.728186539 3.8450996423 2.7553465203 3.8744953322 0.0
0.0 1.0165751291 1.0971306088 0.0 3.6289704751 3.4333386436 2.2360566693 3.1600844487 2.5184509388 1.979438441 0.0 2.2043835535 3.2837219163 2.0059348611 1.2662122091 0.0 1.557577169 0.0 0.0 1.463947976 1.053279643 1.5040628502 0.0 0.0 2.2224970762 2.6958066387 0.0 0.0 0.0 1.1803673135 0.0 2.1710503846 1.3404972571 0.0 1.3301677493 2.7471553366 1.5909678523 0.0 1.6409257801 2.7159245987 2.1541258655 0.0 1.7883946002 0.0 0.0 0.0 0.0 1.3032707591 0.0 3.423984294 0.0 1.6671435792 0.0 1.6042530304 1.7490650215 0.0 1.2990662426 0.0 1.6415805789 0.0 1.152457338 0.0 1.7437910075 0.0 1.6323232858 0.0 0.0 1.5237167958 0.0 3.8363402166 0.0 1.4772475773 2.0820292343 1.4919540558 2.0979462954 0.0
6.9281483611 3.3512965777 3.6168601308 7.5198894147 11.963460432 11.318529951 7.3715054093 10.417705386 8.3024616385 6.5255238723 7.2837916683 7.267090102 10.825295352 6.6128734044 4.1742636834 6.7223253859 5.1347931761 8.9679342359 4.762869534 4.826130112 3.4722986642 4.9583749772 0.0 5.0417440394 7.3268041209 8.8871420356 7.9613980735 9.9517475919 9.4312527724 3.8912627557 7.3213122483 7.1572021737 4.4191557924 6.4403655891 4.3851029781 9.0564209315 5.2448707095 6.6995378422 5.4095647173 8.9534639911 7.1014078882 9.9326881574 5.8957184092 10.198359713 12.315039678 4.7490665253 6.1099101495 4.2964329046 6.737027027 11.287691896 8.2035157251 5.4959957325 0.0 5.2886673463 5.7660623921 7.3299932174 4.2825720679 5.8951375503 5.4117233624 0.0 3.7992532202 9.3701388853 5.7486757922 22.884390742 5.3812052692 0.0 6.1561973476 5.0231672375 5.8525081698 12.647086743 6.7579309229 4.8699742973 6.8637302328 4.9184564701 6.9162032777 6.5172374928
0.0 0.0 1.8555284453 3.8578679325 6.1375171653 5.8066537062 0.0 5.3445109792 0.0 0.0 0.0 0.0 5.5536135565 3.3925488583 2.1414886733 3.4487001214 2.6342613357 4.6007466335 0.0 2.475910425 1.7813652475 0.0 0.0 2.5865250911 3.7588109488 4.5592984656 4.0843715421 5.1054644277 4.838439188 0.0 3.7559934979 3.6718014361 0.0 3.3040485716 2.2496538482 4.6461422459 2.6907335207 3.4370096126 2.775225153 4.593323081 3.6431777459 5.0956865204 0.0 5.2319818458 6.3178850167 2.4363751176 3.1345176951 2.2041641589 3.4562423852 5.7908331087 4.208583199 2.8195661564 3.3738808646 0.0 2.9581162664 3.7604470251 2.1970532461 0.0 2.7763325852 3.0279310421 1.9491000941 4.8070864257 2.9491965599 11.740193549 2.7606761352 2.9226272216 3.1582640413 2.5769947849 3.0024648432 6.4882324319 0.0 2.4984034521 3.5212439043 2.5232758684 3.5481637253 3.3434855415
0.0 0.0 0.0 3.2068699035 0.0 4.8268067587 3.1435912867 0.0 0.0 0.0 3.1061856094 3.0990631975 0.0 0.0 0.0 0.0 0.0 0.0 0.0 0.0 0.0 2.1145076221 2.7936134726 0.0 0.0 3.7899371587 3.395152038 4.2439400475 4.0219741276 0.0 0.0 3.0522012996 0.0 2.7465050929 1.8700347823 3.8621264379 0.0 2.8570295504 2.3069182705 0.0 3.0284077296 0.0 0.0 0.0 0.0 0.0 2.6055817966 0.0 0.0 0.0 0.0 0.0 0.0 2.2553613766 2.4589473232 3.1258883403 1.8263102975 2.5139916486 2.3078388285 0.0 1.6201981353 0.0 0.0 9.7590881836 0.0 2.4294468966 0.0 0.0 2.4958122752 5.3933721105 0.0 2.0768089986 0.0 2.0974843054 2.9494269017 2.7792872497
1.386922875 0.0 0.7240471464 1.5053815396 0.0 2.2658186981 1.4756770413 2.085485638 1.6620420587 0.0 1.4581179205 1.4547744897 2.1670797115 1.3238090347 0.8356319015 0.0 1.0279170917 1.7952607948 0.9534629403 0.9661268641 0.6951078694 0.9926005218 1.3113890732 1.0092898959 1.4667284397 1.7790872741 1.593765683 1.9922071038 0.0 0.7789788912 1.4656290401 1.4327763925 0.8846560346 1.2892752714 0.8778391155 1.8129746507 1.0499531454 1.3411580989 1.0829226886 1.7923640448 1.4216071209 1.9883916593 1.180244172 2.0415755604 2.4653066512 0.0 1.2231225009 0.8600885497 1.3486629336 2.2596453309 1.6422344068 0.0 1.3165245828 1.0587206478 0.0 0.0 0.8573137951 1.1801278918 1.0833548205 0.0 0.0 1.8757767999 0.0 4.5811497308 0.0 0.0 1.2323885805 1.005571068 1.1715940585 2.5317780439 0.0 0.974903885 0.0 0.9846093692 0.0 1.304664001
7.2848482789 3.5238401133 0.0 0.0 12.579406444 0.0 0.0 0.0 0.0 0.0 7.6588020974 0.0 11.382642245 0.0 0.0 0.0 5.3991611152 9.4296537659 0.0 0.0 0.0 5.2136599183 6.888105031 5.3013212873 0.0 0.0 0.0 10.464119349 0.0 4.0916067773 0.0 0.0 0.0 0.0 0.0 0.0 0.0 7.0444676089 0.0 9.4144385117 7.4670281778 0.0 6.1992630452 10.723428444 12.94908696 0.0 6.424482577 4.517637357 7.083886947 0.0 0.0 0.0 6.9150794283 0.0 0.0 7.7073823612 0.0 0.0 0.0 6.2060234192 0.0 0.0 6.0446498499 0.0 5.6582598843 5.990193545 0.0 0.0 6.1538281003 0.0 0.0 5.1207078759 0.0 5.1716861827 0.0 6.8527814154
1.5314107941 0.7407768261 0.7994774876 1.6622103368 2.6444255358 2.5018689031 1.6294112604 2.3027489665 1.835191556 1.4424139286 1.610022852 1.6063311067 2.3928434103 1.4617218316 0.9226870051 1.485915301 1.13500423 1.9822888562 1.0527935366 1.0667767724 0.7675233522 1.0960084233 1.4480079738 1.1144364758 1.6195304045 1.964430398 1.7598022315 2.1997527894 2.0847016469 0.8601319539 0.0 0.0 0.9768184122 1.4235903834 0.9692913148 2.0018481199 1.1593359726 0.0 1.1957402423 1.9790903263 1.5697084021 2.1955398566 1.3032005581 2.2542643911 2.7221392658 1.0497424939 1.3505458986 0.9496915169 1.4891649791 2.4950524021 1.8133203674 1.2148451145 1.4536784945 1.1690168626 1.2745411511 1.6202353283 0.9466276918 1.303072164 1.1962173932 1.3046217147 0.8397939951 2.0711929196 1.2706979847 0.0 1.1894716171 1.2592502551 1.3607773069 1.110330225 1.2936492865 2.7955355664 1.4937856151 1.0764681726 1.5171716913 1.0871847622 1.5287704307 1.4405822919
0.7969021279 0.0 0.0 0.8649664476 1.3760829847 1.3019006136 0.8478987516 0.0 0.9549808984 0.0 0.8378095816 0.0 0.0 0.7606379963 0.4801397774 0.7732275819 0.0 0.0 0.547843474 0.5551199477 0.3993970755 0.570331258 0.0 0.5799206864 0.8427570384 0.0 0.9157504625 1.1446880781 1.0848187728 0.447587928 0.8421253422 0.0 0.5083082046 0.7407954874 0.5043913196 1.0417041806 0.6032850931 0.7706064715 0.6222288279 0.0 0.0 0.0 0.0 0.0 0.0 0.5462557991 0.0 0.4941921485 0.0 0.0 0.0 0.0 0.756452475 0.6083227498 0.0 0.8431238605 0.0 0.6780812727 0.6224771235 0.0 0.4370046393 0.0 0.661234681 2.6322501665 0.0 0.6552776118 0.0 0.5777839116 0.6731778783 0.0 0.0 0.5601630736 0.7894925083 0.0 0.7955281587 0.0
6.4068012493 3.0991096007 3.3446893451 6.9540134515 0.0 0.0 6.8167954271 9.63376712 0.0 6.0344744827 0.0 6.7202374311 10.010685708 6.1152509128 3.8601479628 6.2164665703 4.7483970639 0.0 0.0 4.4629610712 0.0 4.5852544349 6.0578776975 4.6623499277 6.7754579361 0.0 7.3622983322 9.2028729152 8.7215456275 3.5984430161 0.0 6.618618632 4.0866118011 5.9557244089 4.0551214804 8.3749200962 4.8501912002 0.0 0.0 0.0 0.0 9.185247714 0.0 0.0 11.388325925 0.0 5.6501359294 0.0 6.2300619045 0.0 0.0 0.0 6.0816008549 4.8906921151 5.3321629117 0.0 0.0 5.4515250906 5.0044880959 5.4580077819 3.5133572506 0.0 0.0 0.0 0.0 0.0 5.6929399894 4.6451710407 0.0 0.0 0.0 4.5035059565 0.0 0.0 0.0 0.0
2.7387255082 1.3247813044 1.4297596679 2.9726431776 4.7292050552 0.0 2.9139863707 4.1181617354 3.2819971924 2.5795663937 2.8793127685 2.8727105707 4.2792837232 2.6140960226 1.650103582 2.6573628405 2.0298048364 3.545061244 1.8827818928 1.9077890592 1.3726139262 1.9600659976 2.5895706031 1.9930221304 0.0 3.5131237553 3.1471733641 3.9339667051 3.7282129648 1.5382321527 2.8941448079 0.0 1.7469104388 2.5459029746 1.7334492214 3.5800403983 2.0733189376 2.6483548309 2.1384231554 3.5393410968 2.807215711 3.9264324324 2.3306017069 4.0314534897 4.8681857752 1.8773255067 2.4152725818 1.6983975771 2.6631744597 4.4620709766 3.2428834664 2.1725896908 2.5997115789 2.090631928 2.2793481508 0.0 1.6929183314 2.330372091 2.1392764767 2.3331432573 1.5018604054 3.7040543942 2.2724751564 9.0462936699 2.1272125491 2.2520024072 2.4335701013 1.9856786443 2.3135205218 4.9994453441 2.6714378556 1.9251208457 2.7132607574 1.9442860478 2.7340035676 2.5762907539
0.0 0.0 0.0 0.0 0.0 3.2832979797 0.0 0.0 0.0 1.8929348104 2.1128943929 0.0 3.1402196674 0.0 1.2108773469 0.0 0.0 0.0 0.0 0.0 1.0072501675 0.0 0.0 1.4625174904 0.0 2.5779969322 0.0 2.8868194814 2.7358334791 0.0 2.1237784251 0.0 1.2819160569 1.868231954 0.0 0.0 1.5214408125 1.943413072 0.0 0.0 2.0599882028 0.0 1.7102397949 0.0 0.0 0.0 0.0 1.2463163977 0.0 3.2743524254 2.3796894759 1.5942875765 0.0 1.5341454136 0.0 0.0 0.0 1.7100712984 0.0 1.7121048328 1.1020936885 2.7181054611 0.0 6.6383421004 0.0 0.0 0.0 1.4571287008 0.0 3.668687942 1.9603518339 1.4126902381 0.0 1.4267540274 0.0 0.0
1.4079349973 0.0 0.7350165864 1.5281883313 0.0 2.3001462447 1.4980338046 0.0 0.0 0.0 1.4802086601 0.0 0.0 1.3438649713 0.0 0.0 0.0 1.8224593075 0.9679080694 0.0 0.7056388743 0.0 0.0 0.0 0.0 0.0 1.6179115098 2.0223893873 1.9166146789 0.0 1.4878335745 0.0 0.0 0.0 0.8911385305 1.8404415314 0.0 0.0 1.0993291553 1.8195186712 0.0 2.0185161381 1.1981250761 0.0 0.0 0.9651030285 1.2416530192 0.0 1.3690954111 2.2938793499 1.6671145432 0.0 1.3364701588 1.0747604494 1.1717764423 0.0 0.8703022479 0.0 0.0 1.1994316465 0.7720824228 0.0 1.1682431458 4.6505549445 0.0 1.1577184328 0.0 0.0 0.0 0.0 0.0 0.0 1.3948439761 0.0 1.4055075231 0.0
4.5962414195 2.2233022933 0.0 0.0 0.0 7.5088888773 4.8903713836 6.9112678448 0.0 0.0 4.8321807231 4.8211006441 7.1816693699 4.3870831078 2.769271476 0.0 3.4065016865 0.0 3.1597617555 3.2017298073 2.3035769602 3.2894631084 4.3459235434 3.3447714415 4.8607158534 5.8958683036 5.2817153553 0.0 6.2568398324 2.5815242572 4.8570724597 4.7481992827 2.9317367114 4.272638739 0.0 6.008170557 3.4795288349 0.0 0.0 5.9398673208 0.0 0.0 0.0 6.7657505124 8.169988935 3.1506046248 4.0534094588 2.8503204382 0.0 7.4884304316 0.0 0.0 0.0 3.5085842052 0.0 4.8628315496 2.8411249434 0.0 0.0 3.9155766597 0.0 6.2162959288 0.0 0.0 3.5699753031 0.0 4.0841171062 3.3324473021 3.8826449804 8.3902741244 4.4833165226 3.2308167219 4.5535054309 3.2629805497 0.0 0.0
5.7535842558 2.7831342836 3.0036755016 6.2450044495 9.9352343515 9.3996422032 0.0 8.6515389924 0.0 0.0 6.0489335507 6.0350634855 8.9900281655 5.4917594604 3.4665796049 5.5826554927 0.0 7.4475548931 3.9553961225 4.0079318141 2.8836222731 4.117756537 5.4402358349 4.1869916196 6.0846538842 7.380459804 6.6116619077 8.2645773846 7.8323246899 3.2315572588 6.0800930766 5.9438054146 3.6699539135 5.3484977693 3.6416742454 7.5210399907 4.3556811958 5.5637312368 4.4924537937 7.4355378622 5.8974702172 8.2487491927 4.8961873863 8.4693801029 10.227208585 3.9439332077 5.0740661152 0.0 5.5948646901 9.3740322797 0.0 4.5642317209 5.4615402549 4.3920527668 4.7885126109 6.0873023169 3.55652592 4.8957050033 0.0 0.0 3.1551465662 7.7815717498 4.7740736494 19.004683995 4.4689022666 4.7310639769 5.11250601 0.0 0.0 0.0 5.6122246426 4.0443428724 5.7000872593 4.0846056167 5.7436642829 5.4123371896
0.0 0.0 1.586851637 0.0 5.2488169532 4.9658618614 0.0 4.570636477 0.0 2.8629910654 3.1956714705 0.0 0.0 0.0 1.8314053958 0.0 2.2528255621 3.9345677213 0.0 2.1174035467 0.0 2.1754243087 2.8740944672 0.0 0.0 0.0 3.4929627105 0.0 4.1378428692 0.0 3.2121331504 3.1401319308 1.9388487113 0.0 0.0 3.9733901398 0.0 2.9393374938 2.3733781006 0.0 0.0 4.3578413023 2.5866718841 0.0 0.0 0.0 2.6806458011 0.0 0.0 4.9523320547 3.5991887679 2.4112986153 0.0 2.3203359081 0.0 0.0 0.0 0.0 2.3743251788 0.0 1.6668742981 4.1110299242 2.5221587957 0.0 2.3609357514 0.0 2.7009537238 2.2038510934 0.0 0.0 0.0 0.0 3.0113748285 2.1579105685 3.0343967133 0.0
2.2505592173 1.0886446147 0.0 2.442782047 3.8862441657 3.6767431325 2.394580569 3.3841167449 2.6969950112 2.1197695449 2.3660873904 2.3606620066 3.5165194168 2.1481444128 0.0 2.1836991026 1.6680006705 2.9131690032 1.5471839476 1.5677336918 1.1279512731 1.6106924861 2.1279905461 1.637774327 2.3800596766 2.8869242374 2.5862029626 3.2327537033 3.0636747009 1.264048748 2.3782756813 2.3249657026 0.0 2.0921064885 1.4244691961 2.9419132705 1.7037585663 2.1762967328 1.7572582314 2.9084684481 2.3068413299 3.2265623829 1.9151817653 3.312863879 0.0 1.5427001393 0.0 0.0 2.1884748251 3.6667256118 2.6648531422 1.7853347257 2.1363239357 1.7179855891 1.8730639397 2.3810956317 1.3911627666 1.9149930775 1.7579594518 1.9172702951 0.0 3.0438222938 1.8674160277 7.4338299112 1.7480458685 1.8505924599 1.9997964769 1.6317397863 1.9011452295 4.1083152609 2.1952653055 1.5819761604 2.2296334512 1.5977252459 2.2466789428 2.1170777741
0.0 0.0 0.9782940258 2.0339915351 3.235895624 3.0614538113 0.0 0.0 0.0 1.7650339767 0.0 1.9656139787 2.92804294 1.7886604158 1.1290614168 1.8182651601 0.0 0.0 1.2882684546 0.0 0.9391928126 1.3411490748 0.0 0.0 0.0 2.4038081778 0.0 2.6917643658 0.0 0.0 0.0 0.0 0.0 0.0 1.1860895614 2.4495950002 1.4186408918 1.8121015494 1.4631875865 2.4217470448 0.0 2.6866091399 0.0 2.7584684007 0.0 1.284534995 0.0 1.1621059403 1.8222416832 3.0531126856 2.2188998564 0.0 1.7788180516 0.0 1.5596136392 0.0 1.1583568393 1.5945260913 1.4637714602 0.0 1.027627996 0.0 0.0 6.1898060578 0.0 0.0 1.6651379565 0.0 1.5829956293 0.0 1.8278958019 1.3172383196 0.0 0.0 0.0 1.7627926637
0.0 0.8386548672 0.9051115836 0.0 0.0 0.0 1.8447036085 0.0 2.0776734322 0.0 0.0 1.8185738991 0.0 0.0 0.0 0.0 0.0 0.0 0.0 0.0 0.0 0.0 0.0 0.0 0.0 2.2239884626 0.0 2.4904037472 2.3601510215 0.0 1.8321428763 0.0 0.0 0.0 0.0 2.2663501476 0.0 1.6765451487 1.3537321077 0.0 0.0 2.4856341641 1.4753910389 2.5521179079 0.0 0.0 0.0 1.0751732303 0.0 2.8247209784 0.0 0.0 0.0 0.0 1.4429448954 1.8343152704 1.0717045852 0.0 0.0 1.4769999713 0.0 0.0 0.0 0.0 0.0 1.4256336299 1.5405753413 0.0 1.4645777681 3.1649066583 0.0 1.2187007484 0.0 0.0 0.0 1.6309248726
7.573736066 0.0 3.9538910818 8.2206175019 13.078255117 12.373227887 0.0 11.388461519 0.0 7.1335937 7.9625193892 7.9442615158 11.834032062 7.2290827495 0.0 7.3487338275 0.0 0.0 5.2066894194 5.2758448266 0.0 5.4204127043 0.0 5.5115503706 0.0 9.7152752295 0.0 0.0 10.310087999 0.0 0.0 7.8241338681 4.8309472982 7.0405000872 0.0 9.900328091 5.7336050535 7.3238228653 0.0 9.7877772835 7.7631404872 10.858248786 6.4451008876 11.148676493 13.462595675 0.0 0.0 0.0 0.0 12.33951624 0.0 6.0081307341 0.0 5.7814828053 6.3033630954 0.0 4.6816362519 6.4444659023 0.0 0.0 4.1532801606 0.0 6.2843563548 0.0 5.882643717 0.0 6.7298521121 0.0 0.0 0.0 7.3876572058 5.3237745576 0.0 0.0 0.0 7.1245351683
9.8645296182 4.7716882819 5.1498065609 10.707070344 17.033975548 16.115701933 10.495796229 14.833077755 11.82132288 9.2912593896 10.370906467 10.347126218 15.413417996 9.4156305783 5.9434564032 9.5714719744 7.3110904573 12.768845047 6.7815331222 6.8716056514 4.9439751043 7.0599003184 9.327293238 7.1786039808 10.432149038 12.653810407 11.335705156 14.169631445 13.428533493 5.5405102064 10.424329526 10.190664106 6.292141988 9.1700081745 6.2436564507 12.894835367 7.4678225352 9.5390263067 7.702319378 12.748241828 10.111222334 14.142493984 8.3945212829 14.520766041 17.534565849 6.7618799361 8.6994946547 6.1174050311 9.5924046632 16.071793678 11.680440376 7.8253827516 9.363819701 7.5301816531 8.2099127044 10.43668978 6.0976695076 8.3936942365 7.7053929293 8.4036756137 5.4095039489 13.341517494 8.1851570813 32.583561797 7.6619402463 8.1114169274 8.7653999172 7.1521537082 8.3329970972 18.007345579 9.6221683302 6.9340324704 9.7728089302 7.0030630114 9.8475218085 9.279460965
0.0 1.3530256247 1.4602421256 3.0360198918 4.8300316461 4.5696525816 2.9761125226 0.0 3.3519693303 2.6345627161 0.0 0.0 4.3705179971 2.6698285162 0.0 0.0 2.0730802494 3.6206419041 1.9229227785 1.9484630974 1.4018780375 0.0 2.6447802151 2.0355133366 2.9580651826 3.5880235085 0.0 4.0178388247 3.8076984172 1.5710272424 2.955847938 2.8895914515 1.7841545468 2.6001815932 1.7704063365 3.6563668135 2.1175220706 2.7048177218 0.0 3.6147998034 2.8670655138 4.0101439213 0.0 4.1174040262 4.9719754333 1.9173500624 2.4667661621 1.7346073915 2.7199533049 4.5572022723 3.3120217002 2.218909275 2.6551373963 2.1352041738 2.327943824 2.9593527229 0.0 2.380055594 2.1848858236 0.0 1.5338800499 3.7830247862 0.0 9.2391605345 2.1725646932 2.3000150696 2.4854537846 0.0 2.3628447495 5.1060334545 2.7283928763 1.9661643974 2.7711074419 1.9857382013 2.7922924885 2.6312172396
1.9644883735 0.9502659036 1.0255669055 0.0 0.0 3.209388618 2.0902030264 2.9539582646 0.0 1.8503235078 2.0653316444 2.0605958866 3.0695310998 1.8750916177 1.1836196407 1.9061269152 1.455979429 2.5428731636 1.3505198411 1.3684574867 0.9845762532 1.4059557455 1.8574995293 1.4295951864 2.0775278993 2.5199643963 2.257468105 2.8218351313 0.0 1.1033742413 2.0759706694 2.0294369757 1.2530592191 0.0 1.243403485 0.0 0.0 1.899665468 0.0 2.5387701008 0.0 2.8164307959 0.0 0.0 3.4919506635 1.3466059743 1.7324755225 1.2182609333 1.9102955908 3.2006444344 2.3261209812 0.0 1.8647736533 0.0 1.6349769 2.078432173 1.2143306692 1.6715763829 1.5345034592 1.6735641411 1.0772847794 0.0 1.6300468997 6.4889083206 1.5258500014 1.6153617925 1.745600337 1.4243277023 0.0 3.5861031794 0.0 1.3808895808 1.9462225025 1.3946367842 1.9611013246 1.8479738906
0.0 4.25525647 4.5924516424 9.5482620962 0.0 14.371526568 0.0 0.0 10.541920951 0.0 9.2484806714 0.0 13.745249642 0.0 0.0 0.0 0.0 0.0 6.0475791774 6.1279033079 0.0 6.2958191593 8.3178159497 6.4016757236 9.3030950611 11.28430975 0.0 0.0 11.975185857 0.0 9.2961218417 0.0 5.611154024 0.0 5.5679159951 11.499248983 0.0 0.0 6.8687102826 11.368521017 9.0169017161 0.0 7.4859963374 12.94920791 15.636829225 0.0 7.7579629531 5.4553285546 0.0 14.33237043 10.416285923 6.9784547138 8.350389215 6.7152027347 7.3213676354 0.0 0.0 7.4852588008 6.8714511885 7.4941599103 0.0 11.897587454 7.2992912719 0.0 0.0 0.0 0.0 0.0 7.431130811 16.058440798 8.5807772057 6.1835737771 0.0 0.0 0.0 8.2751604833
0.0 0.8525706358 0.920130066 0.0 3.0435071413 2.8794366755 1.8753127059 2.6502666948 2.1121481891 1.6600948044 1.8529983096 1.8487494272 2.7539576777 1.6823165458 1.0619336606 1.7101611556 1.3062925889 2.281444574 1.2116751271 1.227768633 0.883353595 1.2614117577 1.6665330709 1.2826208667 1.8639406876 2.2608910193 2.0253815381 2.5317269226 2.3993129184 0.9899381582 1.862543554 1.8207939125 1.1242342706 1.6384305171 1.1155712266 2.3039556101 1.3342963392 1.7043639991 0.0 2.2777633403 1.8065998332 2.526878198 1.4998721468 2.5944651041 3.1329489838 1.2081636384 1.5543625758 1.0930135391 1.7139012565 2.871591467 2.0869763255 1.398182604 1.6730593543 1.3454382139 1.4668876256 1.8647519945 1.089487339 1.4997243761 1.3767436933 1.5015077762 0.9665309107 2.3837655312 1.4624644705 5.8217943746 1.3689798832 1.4492891149 1.5661380498 1.2778949239 1.4888794517 3.2174218351 1.7192192126 1.238922604 1.7461345818 1.2512564801 1.7594837368 0.0
0.0 0.0 2.8939299519 0.0 9.5722298408 9.0562066688 5.8981048543 0.0 6.6429835662 5.2212162768 5.8279231461 5.8145598527 8.6615587344 5.2911065734 3.3399208882 5.3786815296 4.1084618237 7.1754429404 3.8108774747 3.8614936652 2.7782631185 3.9673057128 5.241465471 4.0340111472 0.0 7.1107993103 6.3700910488 0.0 0.0 3.1134855737 5.8579441937 5.7266360858 3.5358644922 5.153079247 0.0 0.0 4.1965372979 0.0 4.3283126237 0.0 0.0 0.0 4.7172949673 8.1599336348 0.0 0.0 4.8886745258 0.0 5.3904446385 9.0315324574 6.563814748 0.0 0.0 0.0 4.6135543144 5.8648900295 3.4265808271 4.7168302092 4.3300398035 0.0 3.0398667052 7.4972557946 4.5996429105 18.310308224 4.3056216007 0.0 0.0 4.0191474363 4.682721497 0.0 5.4071703089 3.8965743695 5.4918226816 3.9353660305 0.0 0.0
0.0 4.5878774343 4.9514301682 10.294621844 16.377807479 0.0 10.091486247 14.261690767 0.0 8.9333495342 9.9714073814 9.9485431742 14.819675643 9.0529298035 5.7145077179 9.2027680122 7.0294589562 0.0 0.0 6.6069036038 0.0 6.7879449466 8.9679953178 6.9020760091 10.030290818 0.0 0.0 0.0 12.911251144 5.3270834658 0.0 0.0 0.0 8.8167690535 0.0 12.398111675 7.1801535366 0.0 7.405617295 12.257165086 9.7217265758 13.597709067 8.071154797 13.961409654 16.859114475 6.5014046476 0.0 0.0 9.2228943501 0.0 11.230496557 7.5239401277 9.0031147401 7.2401105106 0.0 10.034656646 5.8627803585 8.0703596093 7.4085724495 8.0799564925 5.2011237181 0.0 7.869855542 31.328406021 0.0 0.0 8.4277467654 6.8766446311 8.0120005927 17.313682192 9.2515114868 6.6669256709 9.39634924 6.7332970771 9.4681840934 8.9220055982
0.0 2.1104335845 2.2776686317 0.0 7.5338270125 0.0 0.0 0.0 0.0 0.0 0.0 0.0 0.0 0.0 2.6286859619 0.0 0.0 0.0 0.0 3.0391900077 0.0 0.0 4.1252973244 0.0 0.0 0.0 0.0 0.0 0.0 0.0 4.6104971296 0.0 0.0 0.0 0.0 5.703158299 0.0 0.0 0.0 0.0 0.0 0.0 3.7127487369 0.0 0.0 2.9906602587 0.0 2.7056203727 0.0 7.1082709382 0.0 3.4610288005 0.0 0.0 0.0 4.6159638521 2.6968916987 3.7123829488 0.0 3.7167975359 0.0 5.9007179272 0.0 0.0 0.0 0.0 0.0 0.0 0.0 0.0 0.0 0.0 4.322341059 3.09733128 0.0 0.0
3.794598554 1.8355301424 1.980981282 4.1186995446 6.5524765482 6.1992433111 0.0 5.7058549752 4.547320191 3.5740781172 3.9893870472 3.9802394747 5.9290950408 3.6219201078 2.286275367 3.6818677747 0.0 4.9118044982 2.6086591835 2.6433074741 1.9018038881 2.7157389736 3.587939294 0.0 4.0129452884 4.8675540073 0.0 5.4506464144 5.1655675179 2.1312736472 4.0099373488 3.9200530364 2.4204046025 3.5274362901 2.401753622 4.9602693217 2.872654824 3.669386867 2.9628589609 4.9038790372 3.8894940899 5.4402074199 3.2291289656 5.5857177132 6.7450391243 2.6010991726 3.34644338 2.3531883611 3.6899199732 6.1823530782 4.4931267759 3.0101978729 3.6019899654 2.8966425687 3.1581153976 4.0146919803 2.3455966774 0.0 2.964041267 0.0 2.0808793381 5.1320949859 3.1485926271 12.533951569 2.9473262796 3.1202269277 3.3717952238 2.751226178 3.205462395 6.9269037796 3.701369193 2.6673212616 3.7593162645 2.6938753094 3.7880561427 3.5695396053
3.1455751436 0.0 1.6421567109 0.0 0.0 0.0 3.3468717726 4.7299326469 3.7695522092 2.9627722476 0.0 0.0 0.0 3.0024314037 0.0 0.0 2.3313412098 4.0716955745 0.0 0.0 0.0 2.251242362 0.0 2.2890942722 3.3265761244 0.0 3.6146997124 4.5183746405 4.2820552834 1.7667432571 0.0 3.2495720475 0.0 0.0 0.0 4.1118710349 2.3813195208 3.0417795075 2.4560952545 4.0651256745 0.0 4.5097211186 0.0 0.0 0.0 2.1562104098 2.7740718723 0.0 0.0 5.1249311078 0.0 0.0 0.0 2.4012044316 2.6179552734 0.0 1.9444087432 2.6765590428 0.0 0.0 1.7249683279 4.2543078516 0.0 10.390160103 0.0 0.0 2.7950875683 2.2806598792 0.0 0.0 3.0682916163 2.2111059551 3.1163274929 2.2331182317 0.0 2.9590099971
0.1586382709 0.0 0.0828175736 0.1721877465 0.2739350513 0.2591676631 0.1687901025 0.2385409034 0.1901068063 0.1494191189 0.1667816645 0.166399238 0.2478737531 0.1514192173 0.0955808014 0.1539254098 0.1175746633 0.2053445605 0.0 0.1105070065 0.0795074567 0.1135351023 0.0 0.1154440573 0.1677665483 0.2034946095 0.1822972544 0.2278715679 0.2159534632 0.0891007471 0.1676407974 0.1638830634 0.1011882536 0.0 0.1004085244 0.2073706973 0.0 0.1534036287 0.1238662841 0.205013226 0.1626055057 0.2274351518 0.1349980579 0.2335184044 0.2819853875 0.108742432 0.0 0.0 0.1542620427 0.0 0.187841178 0.1258453506 0.150586011 0.1210980192 0.1320292407 0.1678395711 0.0980608082 0.1349847576 0.1239157119 0.135145275 0.0869939456 0.2145540992 0.0 0.5239986195 0.1232169195 0.1304452625 0.1409624118 0.1150186923 0.1340086453 0.2895884828 0.1547406927 0.0 0.1571632475 0.1126210625 0.0 0.0
0.6395553423 0.3093668782 0.3338817384 0.0 1.1043780579 1.0448428527 0.0 0.9616854009 0.0 0.6023880316 0.6723856983 0.6708439334 0.0 0.0 0.3853371059 0.6205552897 0.4740060744 0.0 0.0 0.4455125865 0.0 0.4577204529 0.6047242444 0.4654164673 0.6763562894 0.0 0.0 0.9186716285 0.8706234019 0.3592125564 0.6758493204 0.6606998938 0.0 0.5945268496 0.404800228 0.8360217026 0.484167617 0.6184517124 0.0 0.8265174805 0.0 0.9169122027 0.544249056 0.941437033 1.1368332498 0.0 0.564021651 0.3966148636 0.0 1.0419961118 0.7572878112 0.5073496191 0.6070923953 0.0 0.5322801728 0.6766506831 0.3953353338 0.5441954354 0.4995702181 0.5448425664 0.3507189175 0.8649818205 0.5306751707 0.0 0.4967530137 0.5258943133 0.0 0.4637015945 0.5402602067 1.1674853755 0.6238421292 0.4495599569 0.6336087378 0.454035472 0.6384526607 0.6016230944
7.5718726022 0.0 3.952918255 8.2185948775 13.075037305 12.370183542 8.0564238721 11.385659469 9.0738792726 7.13183853 7.9605602679 7.9423068868 0.0 7.2273040852 4.5621125835 7.3469257238 5.6118890274 9.8011838084 5.2054083505 5.2745467425 3.7949249571 5.4190790503 7.1594975994 5.5101942928 8.0075691936 9.7128848552 0.0 10.87640752 10.307551275 4.2528168151 8.0015670474 0.0 4.829758678 7.0387678223 4.7925418693 9.8978921858 5.7321943408 7.3220208908 5.9121907814 9.7853690705 7.7612304217 10.855577191 6.4435151163 11.14593344 13.459283299 5.1903228445 6.6776083379 4.6956330757 7.362993358 12.33648019 8.9657398663 6.0066524762 7.1875347928 5.7800603126 6.3018121977 8.0110546028 4.6804843686 6.4428802873 5.9145499956 6.4505418504 4.1522582756 10.240759032 6.2828101336 25.010678502 5.8811963343 6.2262082405 6.7281962799 5.4898914399 6.3962900266 13.822182294 7.3858395253 5.3224646807 7.5014691069 5.375451542 7.5588176494 7.1227822271
0.0 3.5141770139 3.7926475439 0.0 0.0 11.868635575 7.7297768989 10.924028941 8.7059796627 0.0 0.0 7.6202867764 0.0 0.0 4.3771421437 7.0490452885 0.0 9.4037957023 0.0 0.0 0.0 0.0 0.0 0.0 7.6829030289 9.3190768221 8.3483396531 0.0 0.0 4.0803867441 7.6771442391 0.0 0.0 0.0 0.0 0.0 0.0 0.0 5.6724815439 9.3886221715 0.0 0.0 6.182263382 0.0 0.0 0.0 6.4068653152 4.5052490597 0.0 0.0 8.6022247588 5.7631132979 0.0 5.5457082929 0.0 0.0 0.0 0.0 5.6747451039 0.0 3.9839053414 0.0 0.0 0.0 0.0 0.0 0.0 5.2673042907 6.1369530292 0.0 0.0 5.1066658343 7.1973227242 0.0 7.2523460752 6.8339896695
0.0 1.4702613145 1.5867678097 3.2990820835 0.0 4.9655995339 3.2339839169 4.5703950278 3.6424076113 2.8628398245 3.1955026554 0.0 0.0 0.0 0.0 0.0 2.252706554 3.9343598731 2.08953838 2.1172916923 1.5233466451 2.1753093893 2.8739426397 2.2118845787 3.214372828 3.8989151896 3.4927781906 4.3659727383 4.1376242828 1.707152131 3.2119634657 3.1399660496 0.0 0.0 1.923806837 3.9731802408 2.3009991283 2.9391822198 0.0 3.9280115716 3.1154883057 4.3576110942 2.5865352401 0.0 0.0 2.0834828044 2.6805041928 1.8849060188 2.9556292566 0.0 3.5989986365 0.0 2.8851972403 2.3202133337 0.0 3.2157719299 1.8788250732 0.0 2.3741997523 2.5893558892 1.6667862435 4.1108127542 2.5220255597 10.039706613 0.0 0.0 0.0 2.2037346724 2.5675782956 0.0 0.0 0.0 3.0112157491 2.1577965744 0.0 2.8592044723
6.4075693026 0.0 3.3450903095 0.0 11.064529485 10.468058893 6.8176126308 0.0 0.0 6.0351979011 6.7364896749 6.7210430594 0.0 0.0 0.0 0.0 4.7489663061 8.2940862584 4.4049888986 4.4634960951 0.0 4.5858041195 6.0586039214 0.0 6.7762701843 8.2193647605 7.3631809313 9.2039761642 0.0 3.5988744008 0.0 6.6194120781 4.0871017079 5.9564383866 4.0556076121 0.0 4.8507726456 6.1961365118 0.0 8.2807033035 6.5678101591 0.0 0.0 9.4320579219 11.389691168 4.3922230439 0.0 3.9736001823 6.2308087701 10.439538 7.5871059328 5.0830282072 6.0823299228 0.0 5.3328021363 6.7792196529 0.0 5.4521786245 5.0050880385 0.0 3.5137784351 8.6660693671 5.3167219605 21.164864258 4.976863066 5.2688235645 5.6936224643 0.0 5.4127524033 11.696788313 6.2501419533 4.504045841 6.3479915338 0.0 0.0 6.0275341577
1.1059527344 0.5349734764 0.5773658621 1.2004134188 0.0 1.8067972127 1.1767266142 1.6629969737 1.3253368249 1.0416810659 1.1627247126 1.1600586117 1.7280612901 1.0556248282 0.6663451898 1.0730968441 0.8196762335 1.4315674077 0.0 0.7704037956 0.0 0.7915142803 1.0457209679 0.8048226331 1.1695908675 1.4186704041 1.270892237 1.5886152962 1.5055277757 0.6211692447 0.0 1.1425170048 0.7054377559 1.0280870966 0.7000018441 0.0 0.8372481073 0.0 0.8635385068 1.4292574966 1.1336104631 1.5855728045 0.9411440916 1.6279824309 0.0 0.7581019972 0.0 0.0 1.0754436934 1.8018744787 1.3095419114 0.8773356446 1.049816099 0.8442394429 0.9204468693 1.1700999487 0.0 0.941051368 0.8638830952 0.942170421 0.6064815977 1.4957720565 0.9176714152 3.6530762905 0.0 0.9094041052 0.0 0.0 0.9342463637 2.0188771135 0.0 0.7774027214 1.0956695531 0.7851420175 1.1040459193 1.0403582963
13.79223789 0.0 0.0 0.0 0.0 22.532406858 0.0 20.739086905 0.0 0.0 14.500236166 14.466987459 0.0 0.0 8.3099314182 0.0 10.222109185 17.852949434 0.0 0.0 6.9124918672 0.0 0.0 0.0 14.585863371 0.0 15.849183713 19.811479641 0.0 0.0 0.0 0.0 8.7974513224 12.821182468 8.7296605518 18.029104662 0.0 0.0 0.0 17.824142739 0.0 19.773536999 0.0 20.302423666 0.0 0.0 12.163327036 0.0 13.411762362 22.471015882 0.0 0.0 0.0 0.0 0.0 14.592212077 0.0 0.0 10.773409015 0.0 0.0 0.0 0.0 0.0 10.712655004 0.0 0.0 0.0 0.0 0.0 0.0 9.6949199879 13.663997254 9.7914360591 0.0 12.974215505
5.8614429888 0.0 3.0599834689 6.3620755199 10.121483782 0.0 6.2365377366 8.8137238137 7.0241575417 5.5208093355 6.1623290064 6.1481989281 9.1585584249 0.0 0.0 5.6873099345 4.3442051025 7.587169401 4.0295453824 4.0830659267 0.0 4.1949494628 5.5422204271 0.0 6.198718966 0.0 6.735606469 8.4195080862 0.0 3.2921371784 6.1940726599 6.055230101 0.0 5.4487626072 3.7099423636 7.6620320764 4.4373343418 0.0 0.0 7.5749270946 6.0080262875 8.4033831734 0.0 8.628150109 10.418931468 4.0178675798 5.1691863599 3.6349245445 0.0 9.5497612167 6.9404460217 4.649794429 0.0 4.4743877471 4.8782797682 6.2014170472 3.6231978175 0.0 4.5784972127 0.0 3.2142940638 7.9274478563 4.8635701289 19.360952548 4.552677895 4.8197541818 5.2083468627 4.2497658611 4.9514157594 10.699854283 5.7174333981 4.1201595596 0.0 4.1611770836 0.0 5.5137987839
0.0 5.4096064804 5.8382746942 12.138478815 19.311216296 18.270180377 11.898959853 16.81608454 13.401693715 0.0 11.75737381 11.730414423 17.474009396 10.67438885 6.7380261189 10.851064395 8.2884966452 14.475888372 7.6881437675 7.7902579269 5.6049260101 8.0037253604 10.574241854 8.1382982963 11.826803786 14.345474963 0.0 16.063943318 15.223769348 6.2812107888 11.817938898 0.0 7.1333268359 10.395929641 7.0783593567 14.618722105 8.4661819453 10.814281126 8.7320282383 14.452530746 0.0 16.0331779 9.5167693381 16.462020449 19.878729591 7.6658631833 9.862514037 6.9352296178 0.0 18.220402108 0.0 8.8715437271 10.615651473 8.5368777387 9.3074807795 11.831951572 0.0 9.5158317254 8.7355126869 0.0 6.1326905466 15.125120341 9.2794156229 36.939598029 8.686250895 9.1958172839 9.9372300524 8.1083119356 9.4470200975 20.41471437 10.908538253 7.8610304721 11.079317717 7.9392895787 11.164018822 10.520014973
11.939130145 5.7752178373 0.0 12.958864868 20.616375926 0.0 0.0 17.952609259 14.307454872 11.24529596 12.552002663 12.52322121 18.655000344 0.0 7.193419479 11.584439806 0.0 15.45424959 0.0 8.3167669773 5.9837381494 8.5446617297 0.0 8.6883298546 12.626125104 15.315022117 0.0 17.149634141 16.252676532 6.7057300228 12.616661077 12.333853689 7.6154368217 0.0 7.5567543339 15.606736824 9.0383737082 11.545170519 9.3221873754 15.429313326 0.0 0.0 10.159965653 17.574615544 21.222244933 8.1839649436 10.529077705 7.4039510895 11.60977483 19.451838436 14.136943492 9.4711320985 11.333116366 9.1138475173 9.9365322066 12.631620806 7.3800650055 10.158964671 9.3259073224 10.171045223 6.5471719549 16.147360275 9.9065702503 39.43618195 9.273316144 9.8173218696 10.608843445 8.6563168485 10.08550237 21.794454551 11.645798068 8.3923227255 0.0 8.4758710188 11.918545438 11.231016219
0.0 5.1059913007 5.5106004304 11.457204411 18.227370655 17.244763072 11.231128496 15.872278637 12.649521138 9.9422021752 0.0 0.0 16.493277337 10.075286771 6.3598531375 10.242046368 7.8233032143 13.663426418 7.2566452546 7.3530282375 5.2903484851 0.0 9.980760544 7.6815347758 11.163022202 13.540332486 12.129881186 15.162351482 14.369332434 5.9286766536 11.154654858 10.904618911 6.7329675275 0.0 6.6810851083 13.798243581 7.9910158935 10.207327567 8.2419415134 13.641379744 10.819611473 15.133312779 8.9826388716 15.53808646 18.763032159 7.2356151723 9.3089785843 6.5459885529 10.264445594 17.197778618 12.498768449 8.3736266691 10.01984604 8.0577438722 0.0 11.167881068 6.5248703647 8.9817538825 8.2452303966 8.9924345519 0.0 14.276220121 8.7586066781 34.866356152 8.198733432 8.6797003117 9.3795011493 7.6532314053 8.9168043202 19.268934692 10.296294495 7.4198286604 10.457488929 7.4936954599 10.537436169 9.9295771566
0.0 2.878083445 0.0 0.0 0.0 9.7203195595 6.3306267266 0.0 0.0 5.604100321 6.255298429 6.240955174 9.2967311658 0.0 0.0 5.7731128704 4.4097449722 7.7016350126 0.0 4.1446660589 0.0 4.2582375523 5.6258344362 4.3298346528 0.0 7.6322509134 6.8372247766 0.0 8.0995315816 0.0 6.2875209906 6.1465837509 0.0 5.5309666429 0.0 0.0 0.0 0.0 4.6457179473 7.6892080098 6.0986677859 8.5301627855 5.0632252791 0.0 10.576119123 0.0 5.247172503 3.6897636866 5.7857385956 9.6938359302 7.0451546893 0.0 5.6478656759 0.0 0.0 6.2949761807 0.0 5.0627264392 0.0 5.0687467898 0.0 8.0470471587 0.0 0.0 4.6213629384 4.8924685342 0.0 4.313880951 0.0 10.861280146 0.0 4.1823193136 5.8945509286 4.2239556582 0.0 5.5969840031
0.0 0.8555890848 0.9233877031 1.919834653 3.0542824026 2.8896310601 1.8819520806 2.6596497239 2.1196260583 1.6659722196 1.8595586822 1.855294757 2.7637078153 1.6882726351 1.0656933405 1.7162158262 1.3109173994 2.2895218218 1.2159649531 1.2321154366 0.8864810283 1.2658776717 1.6724332802 1.2871618697 1.8705398007 2.268895499 2.0325522179 0.0 2.4078074684 0.9934429445 1.8691377206 1.8272402683 1.1282145201 1.6442312319 1.1195208055 2.3121125562 1.3390202945 1.7103981454 1.3810668255 2.285827555 1.8129959362 2.5358243813 1.5051823082 2.6036505727 3.1440409058 1.2124410323 1.5598656556 1.0968832545 1.7199691686 2.8817580764 2.094365076 1.4031327428 1.6789826693 1.350201616 1.4720810083 1.87135398 1.0933445702 1.5050340144 1.3816179296 1.5068237284 0.9699528258 0.0 1.4676421934 5.84240591 1.3738266325 1.4544201917 1.5716828197 1.2824191951 1.4941506945 3.2288128256 1.7253059524 1.2433088972 1.7523166131 1.2556864403 1.7657130295 1.6638566993
0.0 0.0 4.4187175647 9.1870479477 0.0 13.827846611 0.0 0.0 0.0 7.9722316902 8.8986073608 0.0 0.0 8.0789466026 5.0996974145 0.0 6.2731761744 10.956124123 5.8187971079 0.0 0.0 0.0 0.0 6.1594980559 0.0 10.857420302 9.7264390204 0.0 11.52216032 0.0 8.9444462487 0.0 5.3988820732 7.8681938264 5.3572797542 11.064228308 6.4076578831 0.0 0.0 10.938445827 8.6757891197 0.0 7.2027984356 12.459334773 0.0 5.8019339738 7.4644764575 0.0 8.2306250676 13.790171763 10.022234125 6.714457292 8.0344910234 6.4611642287 0.0 8.9550517874 5.2320177542 7.2020888002 6.6115017481 0.0 4.6415471791 0.0 0.0 27.957857277 6.5742177975 6.9598848089 0.0 6.1368027793 7.1500084915 15.450944276 0.0 5.9496469836 8.3854183581 0.0 8.4495246704 0.0
0.0 2.2194049775 2.3952751394 0.0 7.9228331535 7.4957262449 0.0 0.0 0.0 4.3215453564 4.8237101998 4.8126495435 7.1690803337 4.379392814 2.764417109 4.4518776767 3.4005302932 5.939038047 3.1542228825 0.0 0.0 3.2836968767 4.3383053998 3.3389082575 0.0 5.8855331997 5.2724568247 6.5905710309 6.245871967 0.0 4.8485583026 4.7398759738 2.9265975526 4.2651490593 2.9040459867 5.997638594 3.4734294293 4.4367865659 3.5824984694 5.9294550893 4.7029260615 6.5779488703 3.9044550312 6.753890557 8.1556674339 0.0 4.0463040748 2.8453239972 4.4616138772 0.0 5.4327998767 3.6397376367 4.3552945678 3.5024338673 3.8185899927 4.8543072972 2.8361446216 3.9040703558 3.5839280378 3.9087128884 2.5160654429 6.2053991345 3.8070756711 15.155247989 3.5637173503 3.7727776921 4.0769578936 3.3266057216 0.0 8.3755664765 0.0 3.2251532938 4.5455234087 3.2572607403 4.5802738207 4.3160576798
0.0 2.0832258053 2.2483048528 4.6744975621 0.0 7.0358003614 0.0 0.0 5.1609584328 4.056382182 0.0 0.0 0.0 4.1106802112 2.5947968561 4.1787175176 3.1918791434 5.5746280843 0.0 3.0000086702 0.0 0.0 0.0 0.0 0.0 0.0 4.9489472295 0.0 5.8626351613 0.0 4.5510584489 4.4490446956 2.7470261647 0.0 0.0 5.6296329947 0.0 4.1645523735 0.0 5.5656331217 0.0 6.174336352 0.0 0.0 7.6552486049 2.9521045683 0.0 0.0 0.0 7.0166308755 5.0994518859 3.4164091034 4.0880605952 0.0 0.0 0.0 0.0 0.0 3.3640238931 0.0 0.0 0.0 3.5734795412 0.0 3.3450533013 3.5412860319 0.0 0.0 3.6380236015 7.8616549907 4.2008505553 0.0 0.0 0.0 0.0 4.0512312205
7.7603064767 3.7538296211 0.0 8.4231231041 13.40042312 12.678028343 0.0 0.0 9.2996921353 7.3093217019 8.1586670367 8.1399594013 12.125550039 0.0 4.6756454696 7.5297615628 5.7515466852 10.045096396 5.3349503166 5.405809289 3.8893655863 5.5539384326 7.3376690959 5.6473211721 8.206845828 9.9546000321 8.9176625288 11.147078161 10.56406534 4.3586525564 0.0 8.016872545 4.9499522138 7.2139348334 4.9118092264 10.144211461 5.8748459206 7.5042369473 6.0593217587 10.028888092 7.9543766612 11.125729448 6.6038686488 11.423311512 13.794231473 5.3194893922 0.0 4.8124887573 7.5462290566 12.643486248 9.1888615681 6.1561342304 7.3664040238 5.9239030866 6.4586393066 0.0 4.796963059 6.6032180213 6.0617396844 6.6110702504 0.0 10.495610903 6.4391643565 25.633095083 6.0275559828 6.3811538668 6.8956343973 5.6265130616 6.5554683139 14.166161584 0.0 5.4549197146 7.6881509177 5.5092252086 7.7469266379 7.3000400236
8.057703377 3.8976869928 4.2065476331 8.7459210129 13.913965248 13.163886259 8.5733446998 0.0 0.0 7.5894355897 0.0 8.4519056759 12.590235423 7.6910264598 4.8548294328 7.8183233298 5.971962227 0.0 0.0 5.6129751955 4.0384170797 5.766781067 0.0 5.8637424973 0.0 0.0 9.2594125876 0.0 10.968910213 4.5256884543 8.5149681204 8.324101783 5.1396483875 0.0 5.1000436529 10.532966345 0.0 7.7918205388 0.0 10.413223458 8.2592108801 11.552098878 6.8569475797 11.861085129 14.322865451 0.0 7.106060823 4.9969169424 7.8354219046 13.128020413 9.5410047414 6.3920547116 7.6487054677 0.0 6.7061526382 8.5250644217 4.9807962554 6.8562720183 6.2940426995 6.864425167 4.4186778209 10.897832408 0.0 26.61542781 6.2585489817 6.6256977371 7.1598946171 5.8421369612 0.0 0.0 7.8597339406 5.6639676716 7.9827826129 0.0 0.0 0.0
2.7354062992 1.3231757305 1.4280268651 2.9690404711 4.7234734768 4.468838788 2.9104547536 4.1131707133 3.2780195632 0.0 2.8758231742 2.869228978 4.2740974287 2.6109278588 1.6481037326 0.0 2.0273448066 3.5407647933 1.880500048 1.9054769068 1.3709503815 1.957690488 2.586432163 1.9906066795 2.8928055666 3.5088660113 0.0 0.0 3.7236945426 0.0 2.8906372379 2.8258424748 1.7447932639 2.5428174576 1.7313483609 3.5757015544 2.0708061706 2.645145147 2.1358314852 3.5350515786 0.0 3.9216737774 2.3277771252 4.026567554 4.8622857586 1.8750502748 2.4123453828 1.6963391975 2.659946815 4.4566631523 3.2389532412 2.1699566123 2.5965608484 2.0880981785 2.2765856859 2.8940647017 1.6908665924 2.3275477875 2.1366837723 2.3303155953 1.5000402198 3.6995652511 0.0 9.0353299792 0.0 2.2492730842 2.4306207266 1.9832720934 2.3107166416 4.9933862469 2.6682001961 1.922787688 2.7099724105 1.9419296628 0.0 2.5731684083
4.2862537928 2.0733545124 2.2376513385 4.6523476181 7.4014621197 7.0024614664 4.5605465376 6.4451462204 5.1365034109 0.0 4.5062804717 0.0 0.0 0.0 2.5825015015 4.1589168101 0.0 5.5482129032 2.9466556634 2.9857932335 2.148215157 3.0676094744 0.0 3.1191876076 4.5328910866 5.4982290032 4.9254968154 6.1568710192 5.8348552687 2.407416654 4.5294934169 0.0 2.7340094769 3.9844760814 2.7129419424 5.6029571747 3.2448564609 4.144818787 3.3467480889 5.5392605629 0.0 6.1450794742 3.6475179335 6.3094431184 7.6189744759 2.9381161236 3.7800324397 2.6580842201 4.1680123089 6.9833828144 5.0752883107 3.4002205678 4.0686894624 3.2719522289 3.5673033414 4.5348640924 2.6495089037 3.6471585721 3.348083583 3.6514955976 2.3504928989 5.7970457969 3.5565467329 14.157939683 3.3292028827 3.5245057713 3.8086690491 0.0 3.6207849533 7.8244028123 4.1809449712 3.0129184184 4.2464000784 0.0 4.2788637001 4.0320346024
8.6969946511 4.2069261354 4.5402915139 9.4398148839 15.017887315 14.208297703 0.0 13.077480922 10.422187964 8.1915748992 9.1434383153 9.1224726221 13.589133902 8.3012259018 5.2400074355 8.4386223962 6.4457725874 11.257564361 5.9788920073 6.0583038327 4.3588216267 0.0 8.2233438937 6.3289667971 9.1974324059 11.156144863 9.9940464395 12.492558049 11.83917414 4.8847526941 9.1905383869 8.984528878 5.5474236817 0.0 5.5046767415 11.36864286 6.5839543452 0.0 6.790696873 11.239399675 8.9144895866 0.0 7.4009719187 12.802133449 15.45922931 5.961564911 0.0 5.3933680462 0.0 14.169586291 10.297979873 6.8991948493 0.0 6.6389328324 0.0 9.2014357201 5.3759683578 0.0 0.0 0.0 4.7692519288 11.762457084 7.2163874112 28.727073022 6.7550968894 0.0 0.0 6.3056470963 7.3467295438 0.0 0.0 6.1133420081 8.6161297377 6.1742023095 0.0 8.1811728993
0.4448241832 0.2151711663 0.2322217669 0.4828171241 0.7681181519 0.7267101653 0.4732900772 0.6688724098 0.5330624468 0.0 0.4676583859 0.466586056 0.6950418657 0.4245818446 0.2680100565 0.4316092473 0.3296811877 0.5757893471 0.3058017005 0.309863368 0.2229401475 0.3183541957 0.4205984225 0.3237069355 0.4704200154 0.5706020557 0.5111643416 0.638955427 0.6055368755 0.2498398832 0.4700674078 0.4595306632 0.2837334398 0.4135059201 0.281547067 0.5814706663 0.0 0.4301461651 0.3473229904 0.57486028 0.4559483716 0.6377317093 0.3785366579 0.0 0.0 0.3049154735 0.3922889133 0.275853974 0.4325531713 0.7247301972 0.5267095899 0.3528723239 0.4222455212 0.3395607325 0.3702120481 0.4706247724 0.2749640341 0.3784993636 0.347461587 0.3789494568 0.2439323788 0.601613037 0.3690957353 1.4693002935 0.3455021622 0.3657705485 0.395260799 0.3225142054 0.3757623294 0.8120106177 0.4338953132 0.3126783992 0.4406881948 0.315791214 0.444057245 0.4184415075
1.3505986923 0.653314066 0.7050840006 0.0 2.332200925 2.2064758077 1.437028344 2.0308657579 0.0 1.2721095954 0.0 1.4166732404 2.1103228431 1.2891378341 0.8137462968 0.0 1.0009954446 0.0 0.9284912836 0.940823533 0.0 0.9666038328 0.0 0.0 1.4283141107 1.7324921157 0.0 0.0 1.8385630616 0.7585770563 1.4272435048 0.0 0.8614864641 1.2555085269 0.0 0.0 0.0 1.306032518 0.0 0.0 0.0 1.9363147175 1.1493330049 1.9881057065 2.4007390746 0.9258004743 1.1910883295 0.8375624136 1.3133407974 2.200464124 1.5992234914 1.0714095979 1.2820441656 1.0309922406 0.0 1.4289358048 0.8348603311 1.1492197701 1.0549812325 1.1505863669 0.7406403795 0.0 1.1206679769 4.4611671979 1.0490319233 0.0 1.200111726 0.9792346741 1.140909442 0.0 1.3174158796 0.9493706796 1.3380407858 0.9588219724 1.3482700739 0.0
1.1198290542 0.5416857552 0.5846100355 1.215474931 1.9337101175 1.8294669845 1.1914909296 1.6838624928 1.3419657432 1.0547509732 1.177313347 1.1746137946 1.7497431671 1.068869687 0.6747057813 1.0865609232 0.0 1.4495291946 0.7698449005 0.0 0.5612438889 0.8014453606 0.0 0.8149206924 1.184265651 1.436470373 1.2868380425 1.6085475531 0.0 0.6289630164 0.0 1.1568520943 0.7142888393 1.0409864412 0.7087847235 1.4638317135 0.847753007 1.0828776658 0.8743732705 0.0 1.1478338027 0.0 0.9529525677 1.6484086248 1.9905375169 0.7676138556 0.9875733815 0.6944525644 1.0889372183 1.8244824853 0.0 0.8883435202 1.062988076 0.8548320625 0.9319956587 1.1847811196 0.6922121725 0.9528586808 0.0 0.9539917744 0.6140910845 1.514539415 0.0 3.6989112105 0.8697894002 0.9208143417 0.995054998 0.8119180369 0.9459682944 2.0442078385 0.0 0.7871567448 1.1094168506 0.7949931454 1.1178983145 1.0534116069
2.515539059 0.0 1.3132445288 0.0 4.3438088261 0.0 2.6765174206 3.782561146 3.0145380049 0.0 0.0 0.0 0.0 0.0 1.5156319973 2.4408068642 1.8643903279 3.2561642265 1.7293486977 1.7523179597 1.2607557545 0.0 2.378539207 1.8306051481 0.0 3.2268294137 0.0 3.6133766872 3.4243903982 1.4128772856 2.6582928027 2.5987061308 1.6045497909 0.0 1.5921855659 3.2882928311 0.0 2.4325329426 1.9641570344 0.0 0.0 3.6064564035 2.1406744149 0.0 4.4714636161 0.0 2.2184452219 0.0 2.4461448781 4.0984442553 0.0 1.9955392427 2.3878537661 0.0 0.0 2.6614447728 1.5549576522 2.1404635111 0.0 0.0 0.0 3.4022005774 2.0872847606 8.3090857402 0.0 2.0684803934 2.2352516251 0.0 2.1249852236 4.5920264733 2.4537348666 0.0 2.4921495025 1.785840706 2.5112019227 2.36634157
0.0 1.9019578086 2.0526728115 0.0 6.7896100688 0.0 0.0 5.9123493392 0.0 3.7034236739 4.1337625956 0.0 0.0 3.7529970616 2.3690154612 3.8151142291 2.9141437501 0.0 0.0 2.7389685273 1.970629995 2.814021316 3.7177864854 0.0 0.0 5.0437103368 0.0 0.0 5.3525089288 0.0 0.0 0.0 0.0 0.0 2.4886728636 0.0 2.9766159365 0.0 0.0 5.0813499662 4.0302545215 0.0 3.3459908443 0.0 0.0 0.0 3.4675508565 0.0 3.823457836 6.4060918646 4.6557326186 0.0 0.0 3.0014717955 3.2724073019 0.0 2.4304836043 0.0 3.0713096464 0.0 0.0 5.317825029 0.0 0.0 3.0539897452 0.0 3.4938201812 2.8507927991 3.3214677828 0.0 3.8353214019 0.0 0.0 2.7913664078 0.0 0.0
8.8793481301 4.2951344933 4.6354896814 0.0 15.332773562 14.506208949 9.4475694459 13.351681866 10.640714284 8.3633310335 0.0 9.3137472735 13.874062885 0.0 5.3498768357 8.6155584774 6.5809237635 11.493606363 0.0 6.1853307915 0.0 6.3548202618 8.3957661416 6.4616688581 0.0 11.39006036 10.203595739 0.0 12.087410994 4.9871733215 9.3832402013 0.0 5.6637388054 0.0 5.6200955724 11.607013891 0.0 0.0 6.9330802191 0.0 0.0 12.730067461 7.5561511538 13.070561069 0.0 6.0865635049 7.8306664975 5.5064530217 8.6344005955 14.46668586 10.513901871 7.0438531174 8.4286446664 6.7781340792 7.3899796383 9.3943660234 0.0 7.5554067054 6.9358468114 7.5643912314 4.8692508039 0.0 0.0 0.0 0.0 0.0 0.0 6.4378602035 7.5007714566 0.0 0.0 0.0 0.0 0.0 8.8640389092 8.3527109306
6.0023408554 0.0 3.1335396126 6.515007634 10.364784872 9.8060363617 6.3864521628 9.0255888587 7.19300484 5.6535190213 6.3104595968 6.2959898585 9.3787126337 0.0 0.0 5.8240219759 4.4486314754 7.7695504264 4.1264079381 0.0 3.0082958747 4.2957880159 5.6754447946 4.3680164819 6.3477243013 7.6995544766 6.8975175519 8.6218969399 8.1709557711 3.3712738527 6.3429663069 6.2007862388 0.0 5.5797404277 3.7991222746 7.8462126571 4.5439993632 0.0 4.6866853336 7.7570138384 6.152447736 8.605384415 5.107874375 8.8355543174 10.669382632 4.1144494234 5.2934437027 0.0 5.8367590387 9.7793191915 7.1072810553 0.0 0.0 4.5819434615 4.9955442735 6.3504872392 3.7102925557 5.1073711361 4.6885555193 5.1134445761 3.2915595387 8.1180085242 4.9804810425 19.826352777 4.6621155546 4.935611844 0.0 4.3519220955 5.0704383139 10.957058294 0.0 4.2192003066 5.9465309127 0.0 5.9919919919 0.0
0.0 0.0 0.7303309641 1.518446356 2.4157101119 2.2854831517 1.4884840601 0.0 0.0 1.317660061 1.4707725482 0.0 2.185887235 1.3352980303 0.8428841343 1.3573990152 0.0 1.8108413981 0.0 0.9745116289 0.7011405305 1.0012150446 1.3227702792 1.0180492614 0.0 1.7945275117 0.0 0.0 1.904396543 0.7857394472 1.4783488549 0.0 0.0 0.0 0.8854576538 1.8287089881 1.0590654167 1.3527976626 1.0923210941 1.807919508 0.0 2.0056483954 1.1904872055 2.0592938659 0.0 0.0 1.2337376643 0.8675530354 1.3603676298 2.2792562074 0.0 1.1097735927 0.0 1.06790901 1.1643065403 1.4801017511 0.8647541995 1.1903699161 1.0927569764 1.1917854467 0.7671605112 1.8920561808 0.0 0.0 1.0865946401 1.1503381485 1.2430841617 1.0142981588 1.1817620199 2.5537506897 1.3645886287 0.0 1.3859520514 0.0 1.39654762 1.3159868419
0.0 3.6447470103 0.0 0.0 13.011019954 12.309617261 8.016978408 11.329913566 0.0 7.0969199749 7.9215841664 0.0 11.773193436 7.1919181163 0.0 0.0 0.0 0.0 5.1799218876 0.0 3.7763444332 5.3925464235 7.1244436214 5.4832155521 7.9683629293 0.0 8.6585239932 0.0 10.257083952 4.2319943838 0.0 7.7839100837 0.0 0.0 4.7690768629 9.8494306155 0.0 0.0 5.8832438053 9.7374584304 0.0 0.0 6.4119666963 11.091361272 13.393384622 5.1649102425 6.6449137622 4.6726425492 7.326943034 12.276078925 8.9218422542 5.9772430014 7.1523435404 5.7517602671 6.2709575765 0.0 0.0 0.0 5.8855914684 6.4189590264 0.0 10.190618734 0.0 24.888222455 5.8524011117 6.1957237876 6.695254018 0.0 0.0 13.754506809 0.0 5.2964050924 0.0 0.0 0.0 7.0879080131
0.0 0.5212412239 0.0 0.0 0.0 0.0 1.1465211785 1.6203094474 0.0 1.014942119 0.0 0.0 1.6837036256 1.0285279583 0.6492407523 0.0 0.7986359361 0.0 0.0 0.7506282742 0.0 0.7711968731 1.0188783206 0.7841636133 0.0 1.3822545049 0.0 1.5478370758 0.0 0.6052244301 1.1387144254 1.1131896967 0.6873298499 1.0016970937 0.6820334728 0.0 0.0 0.0 0.0 0.0 0.0 0.0 0.9169858317 0.0 0.0 0.0 0.9502999721 0.0 0.0 1.755622101 0.0 0.0 1.0228683336 0.0 0.8968198871 1.140064613 0.0 0.9168954882 0.8417080504 0.0 0.0 1.4573770323 0.8941156762 3.55930535 0.0 0.88606058 0.9574992143 0.7812742854 0.0 1.9670544877 0.0 0.7574475443 1.0675447738 0.0 0.0 1.0136533036
4.7259468401 0.0 2.4671943809 5.1295953501 0.0 0.0 0.0 0.0 0.0 0.0 4.9685443246 0.0 7.3843352791 0.0 2.8474200084 0.0 3.5026327845 6.1173604051 0.0 3.2920822656 0.0 0.0 4.4685650215 3.4391605188 4.9978847131 0.0 5.430764774 6.7884559676 0.0 2.6543745841 4.9941385032 0.0 3.0144699947 4.3932121281 0.0 0.0 3.5777207509 0.0 3.6900646392 6.1074897146 4.8441335868 0.0 4.0216880953 6.9566792378 8.4005451123 0.0 0.0 2.9307561633 0.0 7.6997531039 0.0 0.0 4.4860642971 0.0 3.9332449194 0.0 2.9213011727 0.0 0.0 4.0260737966 0.0 6.3917191072 0.0 15.610291304 0.0 0.0 4.1993704357 0.0 3.9922127891 0.0 0.0 0.0 4.6820048467 0.0 4.7177986559 4.4456493034
10.690969399 5.1714552421 5.5812518676 11.60409729 18.46106387 17.46585827 11.375122854 16.075777205 12.811700716 0.0 11.239769961 11.213997428 16.704737733 10.204462076 0.0 10.373359698 7.923605826 0.0 7.3496827417 7.4473014514 5.3581760709 7.651371245 10.108723928 7.7800197737 11.306143369 0.0 12.285398456 15.35674807 14.553561721 6.0046882482 11.297668746 11.044427087 6.8192909397 9.9382616891 0.0 13.975150935 0.0 0.0 8.347611489 13.816275945 0.0 15.327337062 0.0 15.737300348 19.003593094 0.0 0.0 6.6299147067 10.396046106 17.418271428 12.659015225 0.0 10.148310539 8.1610522489 0.0 11.31106453 6.6085257621 9.0969089964 0.0 9.1077266027 5.8627064261 14.459255615 0.0 35.313377888 8.3038494366 0.0 9.499755783 7.7513535255 9.0311267154 19.515981805 10.428303341 0.0 10.59156445 7.589772169 10.672536693 10.056884318
0.0 0.0 0.0 10.163234327 0.0 15.297149438 0.0 14.079672606 0.0 0.0 0.0 0.0 0.0 8.9373896716 5.6415749779 9.0853155351 0.0 0.0 6.4370839085 0.0 0.0 6.7013122131 0.0 6.8139866513 0.0 12.011095114 10.759939373 13.449924216 0.0 0.0 0.0 9.6730575156 0.0 8.7042429783 0.0 0.0 7.0885151493 0.0 0.0 0.0 9.5976507688 0.0 0.0 0.0 0.0 0.0 8.257627891 0.0 0.0 15.255471381 0.0 0.0 0.0 7.1477069084 0.0 0.0 0.0 0.0 0.0 7.9768341598 0.0 0.0 0.0 0.0 7.2727731884 0.0 0.0 0.0 7.909745563 0.0 9.1334369097 6.5818374742 9.2764261373 0.0 0.0 8.808136417
0.0 0.0 2.7218405808 0.0 9.0030111518 8.5176736234 0.0 0.0 0.0 0.0 5.4813620179 5.4687933812 0.0 4.9764675816 0.0 5.0588348377 0.0 6.7487506972 0.0 3.6318675072 0.0 0.0 0.0 3.7941261283 0.0 0.0 0.0 7.4891119552 0.0 2.928340189 0.0 0.0 3.3256020785 0.0 3.2999758921 0.0 3.9469875588 0.0 4.0709267817 0.0 5.3441104915 0.0 4.4367780448 7.6746980311 9.2675894387 0.0 4.5979664097 0.0 0.0 8.4944666795 0.0 0.0 0.0 0.0 4.3392063953 0.0 3.2228170355 0.0 0.0 0.0 0.0 7.0514267469 4.3261222418 17.221474189 0.0 0.0 0.0 0.0 4.4042605077 0.0 5.0856295137 3.6648621153 0.0 3.7013470057 0.0 4.9044975037
2.8632086947 0.0 1.4947464797 3.107758615 4.944161433 0.0 3.0464356825 0.0 3.4311736862 2.6968153271 3.0101860624 3.0032837752 4.4737898438 0.0 0.0 2.7781478528 2.1220654785 0.0 1.9683599067 1.9945037228 1.4350032949 2.049156803 2.7072742574 2.0836108896 0.0 3.6728056359 3.2902217155 4.1127771444 0.0 1.6081493604 3.025692262 0.0 1.8263126926 0.0 1.812239623 0.0 2.1675574245 2.7687304025 2.2356208219 3.7002146332 0.0 0.0 2.4365344578 4.2146949921 5.0894592384 1.9626555117 0.0 0.0 0.0 4.6648853192 3.3902821255 2.2713403275 0.0 2.1856573416 2.3829512757 3.0292798621 0.0 2.4362944052 2.2365129291 0.0 1.5701244094 3.8724146379 2.3757658834 9.4574745125 0.0 0.0 0.0 0.0 2.4186768822 5.2266849434 2.792862619 2.0126232904 0.0 2.0326596077 2.858272128 2.6933907997
1.0401270068 0.0 0.0 0.0 1.7960813831 1.6992575888 1.1066884624 1.5640162647 1.2464534711 0.0 1.0935199466 0.0 1.625207987 0.9927945913 0.626684673 0.0 0.0 0.0 0.0 0.0 0.52129825 0.0 0.0 0.0 0.0 0.0 1.1952493966 1.4940617457 0.0 0.5841975766 1.0991529335 0.0 0.0 0.0 0.6583381009 0.0 0.0 0.0 0.0 1.3441888389 1.066138562 0.0 0.8851276881 1.5310857692 0.0 0.7129801633 0.9172844206 0.0 0.0 1.6946278534 1.2315986627 0.8251170865 0.9873315946 0.0 0.0 1.1004562125 0.6429450748 0.0 0.0 0.0 0.5703841306 1.406744487 0.0 3.4356471027 0.8078835264 0.0 0.924233545 0.7541310652 0.8786405093 1.8987146049 0.0 0.0 1.0304558751 0.0 0.0 0.9784367153
0.0 3.3661965445 3.6329408013 7.5533230725 0.0 0.0 0.0 10.464022822 0.0 6.5545365505 7.3161756284 7.2993998064 10.873424945 6.6422744414 4.1928225871 6.7522130497 5.1576226233 9.0078059452 0.0 4.8475872338 3.48773661 4.9804200636 6.5799566972 5.0641597873 7.3593793156 8.9266545403 0.0 9.9959933654 0.0 3.9085634286 7.353863026 0.0 0.0 6.468999651 4.4045992797 9.0966860553 5.2681895647 0.0 5.4336158071 0.0 7.1329809644 9.9768491921 0.0 10.243701931 12.36979272 4.7701810199 6.1370749964 4.3155349764 6.7669800547 11.337877318 0.0 0.0 0.0 5.3121809227 5.7916984815 7.3625825909 0.0 5.9213475117 0.0 5.9283888931 0.0 9.4117988087 5.7742345802 22.986135441 5.4051302721 0.0 0.0 5.0455003923 0.0 0.0 6.78797689 4.8916263516 6.8942465869 4.9403240776 6.9469529285 0.0
2.545529272 1.2313280682 0.0 0.0 0.0 4.1586363058 2.7084268148 3.8276567743 0.0 0.0 0.0 2.6700627084 3.9774128324 0.0 0.0 0.0 0.0 3.2949841599 0.0 1.773209064 0.0 0.0 2.4068961101 1.8524295909 2.6920027384 3.2652996179 0.0 3.6564553013 3.465215921 0.0 0.0 2.6296878602 0.0 0.0 1.6111675746 3.3274958011 0.0 0.0 0.0 3.2896675255 2.6091880124 0.0 0.0 0.0 0.0 0.0 0.0 1.578588557 0.0 4.1473058365 3.0141227242 2.0193300269 2.4163217172 0.0 0.0 2.6931744712 0.0 0.0 1.9883668064 2.1685577615 0.0 3.4427615537 0.0 8.4081465161 0.0 2.0931407807 0.0 1.8456041319 2.1503192606 0.0 0.0 0.0 2.5218608656 0.0 2.5411404284 2.3945530531
1.3474037055 0.6517685811 0.7034160483 1.4624869928 0.0 2.2012561512 1.4336288985 2.0260615259 1.6146836057 1.269100283 1.4165701097 0.0 2.1053306468 1.2860882395 0.8118212921 1.307374736 0.9986274819 0.0 0.9262948373 0.9385979135 0.675301371 0.9643172272 1.2740221741 0.0 1.4249352796 1.7283937187 1.5483527064 0.0 1.8342137423 0.7567825605 1.4238672064 1.3919506666 0.0 1.252538486 0.8528258481 0.0 1.0200356373 1.3029429572 1.0520657418 1.7412921793 1.3810996538 1.9317341562 0.0 1.9834026281 2.3950598674 0.9236103935 1.1882706816 0.8355810693 1.3102339481 2.1952586887 0.0 1.0688750629 1.2790113519 1.0285533173 1.1213983056 1.4255555031 0.0 1.1465011668 1.0524855606 1.1478645308 0.0 1.82232816 1.118016916 0.0 0.0 0.0 1.1972727323 0.0 1.1382104977 0.0 1.3142993903 0.9471248408 1.334875506 0.9565537756 0.0 1.2674887271
1.4436560906 0.6983279606 0.7536648877 1.5669604039 2.4928915517 2.358503867 0.0 2.1707941353 1.7300292498 1.3597590282 0.0 1.5142832313 2.2557258813 1.377960527 0.8698141085 1.4007676338 0.0 1.8686974073 0.9924651225 1.0056470744 0.7235418259 0.0 1.3650325168 1.0505757254 1.5267261673 1.8518622955 1.6589599731 2.0736999664 1.9652416198 0.8108436605 1.5255817959 1.4913852838 0.920843614 1.3420141319 0.9137478432 1.8871358631 1.0929023384 1.396019269 1.1272205277 1.8656821634 0.0 2.069728448 1.2285230261 2.1250878801 0.0 0.9895889142 1.2731553282 0.895271176 0.0 2.3520779731 1.7094113497 1.1452306301 1.3703780987 0.0 1.2015058941 1.5273906968 0.8923829178 1.2284019894 1.1276703364 1.2298627459 0.7916711313 1.9525069855 0.0 4.768545411 0.0 1.1870912151 0.0 0.0 1.2195190727 2.6353424975 1.4081869539 1.0147831266 1.4302329336 0.0 1.4411670284 1.3580323501
4.1896690131 2.0266343463 2.1872289715 4.5475134222 0.0 6.8446707169 0.0 0.0 5.0207594362 3.9461893333 4.4047376962 0.0 6.5463962562 3.9990123401 2.5243084148 4.0652013925 3.1051707812 0.0 0.0 0.0 0.0 2.9984851528 3.9614936513 0.0 4.4307486778 5.3743340444 4.8145075814 0.0 5.7033749042 2.3531688612 0.0 4.328185051 0.0 0.0 0.0 0.0 0.0 0.0 0.0 5.4144410149 4.2944444934 0.0 0.0 6.1672685755 7.4472914615 2.871909755 0.0 2.5981879817 4.0740919369 0.0 4.9609237333 3.3236013169 3.9770071928 3.198223327 3.4869191121 0.0 2.5898058982 3.5649749161 0.0 3.5692142127 0.0 0.0 3.4764048888 0.0 0.0 3.4450859259 0.0 3.0376670686 3.5391955902 7.6480907555 4.0867331796 2.9450264839 4.1507133468 2.9743451772 4.1824454458 3.9411782992
1.2149309734 0.0 0.6342582708 1.3186996136 2.0979312034 0.0 1.2926787615 1.8268651718 0.0 0.0 1.2772971421 0.0 1.898340788 0.0 0.0 1.1788375334 0.9004453927 1.5726310268 0.8352242789 0.8463177532 0.0 0.8695084204 0.0 0.88412815 0.0 0.0 1.3961232651 1.7451540814 1.6538792927 0.6823779459 1.2838768099 1.2550982096 0.7749500976 0.0 0.7689785426 1.5881481926 0.9197487618 0.0 0.0 0.0 0.0 1.7418117891 0.0 0.0 0.0 0.8328037617 1.071443436 0.7534292193 1.1814156362 1.9794273719 1.4385813966 0.9637864401 1.153262753 0.0 1.0111457535 0.0 0.0 0.0 0.949008305 1.035009898 0.6662430093 0.0 1.008096812 0.0 0.9436566042 0.9990148588 0.0 0.0 1.0263050208 2.2178129865 0.0 0.0 0.0 0.8625082483 0.0 0.0
4.896305093 2.3684496414 2.5561304054 5.3145040957 8.4548928795 7.9991035059 5.2096372072 7.3624670376 5.8675685171 0.0 5.1476475941 5.1358441569 7.6505216116 4.6734919696 2.9500621908 4.7508445704 3.6288937057 6.3378755455 3.3660454629 3.4107533811 2.4539650059 3.5042143136 4.6296453205 3.5631334278 5.1780456283 6.2807775676 5.6265299043 7.0331623804 6.6653149697 0.0 5.1741643771 5.0581834609 3.1231339004 4.5515761487 3.0990678788 6.400411426 0.0 4.7347400125 3.8230819977 6.327649042 0.0 7.0196925756 4.1666596282 7.2074496678 8.7033632008 3.3562905127 4.3180345777 3.0364024002 4.7612346077 7.9773094393 5.7976408316 3.8841650747 0.0 3.7376406384 4.0750283028 5.1802994468 3.0266065815 4.1662491199 3.8246075691 4.1712034228 2.6850324102 6.6221241745 4.0627407343 0.0 3.8030396281 4.0261394664 4.3507469609 3.5500047121 4.1361218128 8.9380296155 4.776007942 0.0 0.0 3.4760028523 4.8878631877 0.0
6.7536255944 3.2668761063 3.5257500096 7.3304604595 11.662096186 11.033411755 7.1858143053 10.155279313 8.0933193829 6.361143374 7.1003101077 7.0840292604 10.552601928 6.4462925372 4.0691123487 6.5529873805 5.0054457279 8.7420284654 4.6428909878 4.7045580071 3.3848301029 4.8334715724 0.0 4.9147405354 7.1422390598 8.6632714521 0.0 9.7010591782 9.1936758268 3.7932403251 7.1368855296 6.9769094519 4.3078355298 6.2781302612 4.2746405192 8.8282861465 5.1127503652 0.0 5.2732956665 8.7279227316 6.9225206463 9.6824798583 5.7472029568 9.9414590434 12.004819012 4.6294356822 5.9559991234 0.0 6.5673186815 11.003350523 7.9968659558 5.3575494507 0.0 5.1554437476 5.6208130255 7.1453478216 4.1746924027 5.7466367299 5.2753999345 5.7534703537 3.7035485458 9.1341014224 5.6038644009 22.307923989 5.2456506041 5.553379136 0.0 4.8966316903 0.0 12.328501682 6.5876960001 4.7472977402 6.690830184 4.7945586281 6.7419814124 6.3530657316
3.3662709538 1.6283387334 0.0 0.0 0.0 5.4994836467 3.5816906988 5.0617881169 0.0 3.1706424754 3.5390720649 0.0 5.2598292372 3.2130841463 0.0 3.2662650262 0.0 4.357368659 0.0 2.3449355829 1.6871316154 2.4091911422 0.0 2.4496987697 3.5599710934 4.3181130855 3.8683096391 0.0 0.0 1.8906992324 3.5573026847 0.0 2.1471935947 0.0 0.0 0.0 0.0 0.0 2.6284166608 4.35033781 3.4504548487 0.0 2.8646305763 4.9552117375 5.9836709899 2.3074916801 2.9687027463 2.0875646043 3.2734083068 0.0 3.9859505405 2.6704120397 3.1954036833 0.0 2.8016328948 0.0 0.0 0.0 0.0 2.8677544919 1.8459933441 4.5527931445 2.7931850378 11.119141195 2.6146372811 2.7680212087 0.0 2.4406726136 2.8436354466 0.0 3.2835651588 0.0 3.3349712669 0.0 0.0 3.1666162627
0.0 2.8201265797 0.0 0.0 0.0 0.0 6.203144919 8.7665317523 0.0 0.0 0.0 6.1152791104 9.1095199866 5.5647537078 3.51265598 5.6568578934 0.0 7.5465447829 4.0079696492 0.0 0.0 0.0 5.512545251 4.24264342 6.1655286446 7.478557893 0.0 8.3744268072 7.9364287844 3.2745098119 6.1609072166 6.0228080741 3.7187334578 5.4195878402 0.0 0.0 0.0 0.0 0.0 7.5343680265 5.9758570079 0.0 0.0 0.0 0.0 0.0 5.1415085514 0.0 0.0 0.0 0.0 0.0 0.0 4.4504301572 0.0 0.0 3.6037978252 0.0 0.0 0.0 3.1970834992 7.8850012567 0.0 0.0 0.0 4.7939473673 0.0 4.227010983 4.9249039783 10.642563155 0.0 0.0 5.7758505155 4.1388965438 5.8200067473 5.4842757882
0.0 0.0 0.0 0.0 0.0 10.925042692 0.0 0.0 0.0 0.0 0.0 0.0 0.0 0.0 4.0291459355 0.0 0.0 8.6561651389 0.0 0.0 0.0 4.7859976996 0.0 4.866468447 7.0720887044 8.5781816692 0.0 9.6057763483 0.0 0.0 0.0 6.9083829474 4.2655244015 0.0 0.0 0.0 5.0625334441 6.4666292583 0.0 0.0 6.8545283432 9.5873795127 0.0 0.0 0.0 4.5839658295 0.0 0.0 0.0 0.0 0.0 0.0 0.0 0.0 5.565605964 7.0751669323 0.0 5.6901938406 0.0 5.6969603452 0.0 0.0 5.548823807 22.088817798 5.1941283502 0.0 0.0 0.0 5.6490464651 0.0 0.0 4.7006702581 6.6251135213 0.0 0.0 0.0
0.0 6.259213089 6.7552058575 14.044889541 22.344142452 21.13960647 13.76775289 19.457137379 15.506498859 0.0 13.603930029 0.0 0.0 12.350856694 7.7962678857 0.0 9.5902478078 0.0 8.8956064132 9.0137581281 6.4852085586 9.2607517234 12.234981095 9.4164600332 13.684264341 16.598505821 14.869494798 0.0 17.614740872 7.2677073511 0.0 0.0 8.2536526199 12.028664029 8.1900522144 16.914667837 9.795839501 12.512719773 0.0 16.722375268 13.263292035 18.551271212 11.011427064 19.047465696 0.0 8.8698265482 11.411472752 8.0244432116 0.0 21.082010267 15.321697681 10.264865442 12.282894308 9.8776384335 10.769268658 13.690220613 7.9985553414 11.010342195 0.0 11.023435164 7.0958612386 17.500598529 0.0 42.74115249 10.050471415 10.640067834 0.0 9.3817641598 10.930723346 0.0 12.621780468 9.0956458667 12.819381728 9.1861959698 0.0 0.0
0.0 2.1487974048 2.3190724791 0.0 0.0 0.0 4.7264905764 6.6796649532 5.3234047208 0.0 4.670249938 4.6595411626 6.9410050764 4.2400679499 2.676470662 4.3102467981 3.2923467068 0.0 0.0 3.09443692 2.2263819943 3.1792301982 0.0 3.2326850986 0.0 5.6982923771 0.0 6.3809003182 0.0 2.4950150239 0.0 0.0 2.8334915392 4.1294587163 0.0 5.8068312796 3.3629266488 4.295635792 0.0 5.7408169471 4.5533083948 6.3686797156 0.0 6.5390240393 0.0 3.045024989 3.9175760093 2.7548035995 4.3196732536 0.0 5.2599621943 3.5239439701 0.0 3.3910083471 3.6971063637 4.6998736273 0.0 3.7798672768 3.4699098833 3.7843621131 0.0 6.0079821802 0.0 14.673102871 0.0 3.6527515238 3.9472546154 0.0 3.7525340045 0.0 0.0 3.1225491057 4.4009133091 0.0 0.0 0.0
1.218443618 0.0 0.0 0.0 0.0 0.0 1.2964161927 0.0 1.4601421433 0.0 1.2809901016 1.2780528208 0.0 1.1629966589 0.7341218288 0.0 0.0 0.0 0.8376391042 0.8487646523 0.6106682373 0.0 0.0 0.0 1.2885546406 0.0 0.0 1.7501997228 0.0 0.6843508573 0.0 1.2587269869 0.7771906564 0.0 0.0 0.0 0.0 0.0 0.0 1.574633003 1.2489145251 1.7468477671 0.0 0.0 0.0 0.8352115887 1.0745412252 0.7556075563 0.0 1.9851503512 0.0 0.0 0.0 0.0 1.0140692082 1.2891155025 0.0 1.036769473 0.0 0.0 0.6681692709 1.6479130252 0.0 0.0 0.0 0.0 0.0 0.0 0.0 2.2242251934 1.1885077188 0.8564754669 0.0 0.0 0.0 1.1461773069
2.8011722491 1.3549881559 1.4623601718 3.0404235659 4.8370374912 4.5762807531 2.9804293024 4.212061536 0.0 2.6383840861 2.944965094 0.0 0.0 0.0 1.6877282329 0.0 0.0 3.6258935583 1.9257119319 1.9512892963 1.403911428 2.0047582215 2.6486164053 2.0384657999 2.9623557852 3.5932278506 3.2189332828 0.0 3.8132213925 0.0 2.9601353245 2.8937827346 0.0 0.0 0.0 3.6616702858 0.0 2.7087409951 2.1871821699 0.0 0.0 4.0159605389 2.383742659 4.123376222 0.0 1.9201311327 0.0 0.0 2.7238985319 4.5638123849 3.3168257082 2.2221277497 0.0 2.1383012362 2.3313204507 2.963645193 0.0 0.0 2.1880549481 2.3863421603 0.0 0.0 0.0 9.2525617153 0.0 2.3033511863 2.4890588757 2.0309548721 2.3662719992 0.0 2.7323503447 0.0 2.7751268667 1.9886184669 2.7963426418 0.0
0.0 0.0 0.0 4.5637627398 0.0 6.8691283091 0.0 6.3224248461 0.0 3.9602899808 0.0 4.4103407917 0.0 4.0133017365 2.5333283528 4.0797272977 3.1162662749 0.0 0.0 0.0 0.0 3.009199434 0.0 3.0597954733 0.0 0.0 0.0 6.0396386637 0.0 0.0 0.0 4.3436506576 0.0 3.9086080772 0.0 5.4962718364 0.0 0.0 0.0 5.4337880654 0.0 0.0 0.0 6.1893056531 0.0 0.0 3.7080572261 0.0 4.08864961 6.8504129318 0.0 0.0 3.9912179597 0.0 0.0 0.0 0.0 3.5777133963 0.0 0.0 2.3057374024 0.0 3.4888268879 0.0 0.0 0.0 0.0 0.0 3.5518419549 0.0 0.0 0.0 0.0 0.0 0.0 0.0
0.0 0.0 2.5400323671 5.281034328 0.0 7.9487266258 5.1768278719 7.3160995766 0.0 0.0 0.0 5.1034995566 0.0 0.0 2.9314832427 0.0 3.6060396017 0.0 0.0 3.3892730847 0.0 0.0 4.6004886672 0.0 0.0 0.0 0.0 0.0 6.623338044 2.7327386161 5.1415784431 0.0 0.0 0.0 3.0795505202 0.0 3.6833443599 4.7049214922 0.0 6.2877986741 0.0 6.975483845 0.0 0.0 0.0 0.0 0.0 0.0 4.7312492293 7.9270698142 5.7611283578 0.0 4.6185045669 0.0 4.0493645253 0.0 0.0 0.0 0.0 0.0 0.0 0.0 4.0371543417 0.0 0.0 0.0 0.0 0.0 0.0 0.0 0.0 0.0 0.0 0.0 0.0 0.0
1.971578542 0.9536955729 1.0292683487 0.0 0.0 3.2209718406 2.0977469202 0.0 2.3626738862 1.8570016361 2.0727857732 0.0 3.0806095531 0.0 0.0 1.9130064474 0.0 0.0 1.3553940941 0.0 0.0 0.0 1.8642035571 1.4347548355 2.0850260464 2.5290593711 0.0 0.0 2.6838997408 0.0 0.0 2.0367615546 1.2575817203 1.8327677088 0.0 0.0 0.0 1.9065216798 1.5394274433 0.0 2.02088389 0.0 1.6777746808 0.0 3.5045537 0.0 1.7387283176 1.2226578417 0.0 0.0 2.3345163426 1.5640235585 0.0 0.0 0.0 2.0859335839 0.0 1.6776093828 0.0 0.0 0.0 2.66650825 0.0 0.0 0.0 0.0 0.0 1.4294683402 0.0 0.0 1.9231388968 1.3858734433 0.0 1.3996702626 1.9681792686 0.0
2.425559702 1.1732961687 1.2662705421 2.6327295228 4.1884333317 3.9626417774 2.5807799621 3.647261152 2.9067097482 2.2845999991 2.5500711919 2.5442239375 3.7899592791 2.3151812589 1.4614187296 2.353500634 1.7977021792 3.1396931416 1.6674909089 1.6896385739 1.2156592605 1.7359377868 2.2934602544 1.7651254755 2.5651299444 3.1114076178 0.0 3.484128322 3.3019019617 1.3623394937 2.563207228 2.5057519365 1.5471559858 0.0 1.5352340219 3.1706725248 1.8362405613 2.3455226657 1.8939002891 3.1346270776 2.4862182367 3.4774555728 2.0641037464 3.5704677581 4.3115219847 1.6626584458 2.1390927372 1.5041904377 2.3586477103 3.9518453077 2.8720685703 1.9241599742 2.3024416372 1.8515738584 2.0187108949 2.566246454 1.4993377289 2.0639003865 0.0 2.0663546775 1.3301267566 3.2805058579 2.0126238087 8.0118746158 1.8839715851 1.9944920627 2.1552979852 1.758621697 2.0489757483 0.0 0.0 1.7049885178 2.4030067762 1.7219622312 2.4213777026 2.2816989197
8.1150836226 0.0 4.2365031582 8.8082021707 0.0 0.0 0.0 0.0 9.7248452196 0.0 8.5316559919 0.0 0.0 7.7457955381 4.8894014804 0.0 6.014489563 10.504327051 0.0 5.6529461252 4.0671753193 5.8078472739 7.6731245714 0.0 8.5820373683 10.409693474 9.3253504042 11.656688005 11.047021646 4.5579166343 8.5756046242 8.3833790958 0.0 7.5437335622 0.0 10.60797335 0.0 0.0 6.3363351584 10.487377754 0.0 11.634363295 6.9057770435 0.0 14.424860957 5.5626799504 0.0 0.0 0.0 13.221507229 9.6089478226 0.0 0.0 0.0 6.7539082662 0.0 0.0 0.0 6.3388636241 0.0 4.4501439603 0.0 0.0 26.804960697 6.3031171497 6.6728804323 7.2108814172 0.0 0.0 14.81379456 7.9157044129 0.0 8.0396293352 0.0 0.0 0.0
7.5872904881 3.6701380111 3.9609672075 8.2353296226 13.101660763 12.395371773 8.0728284039 11.408843008 9.0923555523 7.1463604163 0.0 7.9584790529 11.85521097 7.2420203589 4.5714019806 0.0 5.6233159848 0.0 5.2160076298 5.2852868018 3.8026522028 5.4301134069 7.1740758053 5.5214141788 8.0238742472 9.7326622813 8.7188432937 10.898554117 10.328539564 4.2614764226 8.0178598794 0.0 4.8395930575 7.0531001975 4.8023004678 9.9180463248 5.7438662644 7.3369300274 0.0 9.8052940894 7.777033879 10.877681373 6.456635435 11.168628847 13.486689161 5.2008914066 0.0 4.7051943479 7.3779859229 12.361599794 8.983995952 6.0188832529 7.2021700882 5.7918297011 6.3146439801 8.0273667534 4.690014795 6.4559993133 0.0 0.0 4.1607131253 10.261611318 6.2956032239 0.0 5.8931716566 6.2388860778 6.7418962678 5.5010699851 6.4093141853 13.850327093 7.4008786097 5.3333023107 7.5167436369 5.3863970641 7.5742089528 7.137285673
6.0271780887 2.9154775921 0.0 6.5419662437 10.40767357 9.8466129998 6.4128788196 9.0629360639 7.2227689509 5.6769128561 6.3365718021 6.3220421891 9.4175210385 5.7529030282 3.6314220334 5.8481213391 4.4670395765 7.8017002394 4.1434827025 4.1985165658 3.0207439759 4.3135636624 0.0 4.3860910043 6.3739907052 7.7314146517 6.9260589588 8.6575736985 8.2047665691 3.3852239294 6.3692130226 6.2264446241 3.8444671757 5.6028289723 3.8148427558 7.8786796927 4.5628020895 5.828297199 4.7060784836 7.7891117759 6.1779061002 8.640992846 5.1290103735 8.872115174 10.713531732 4.1314747045 5.315347573 3.737703772 5.8609111069 0.0 7.1366904477 4.7812695872 5.7212468422 4.6009031976 5.0162154585 6.376765076 3.7256454662 0.0 4.707956408 5.1346036236 3.3051797636 8.1516002306 5.0010898971 19.908392728 4.6814070368 4.9560350331 0.0 4.3699300205 5.0914194048 11.002397774 5.879096558 4.2366590389 5.9711372087 0.0 6.0167864023 5.6697040779
2.9179724155 1.4114869457 1.5233360405 3.1671997677 0.0 0.0 3.1047039302 0.0 0.0 0.0 0.0 3.0607266695 0.0 0.0 0.0 0.0 0.0 0.0 2.0060081272 0.0 1.462450166 0.0 2.7590554678 2.1234634806 3.0858768035 0.0 0.0 4.1914409805 0.0 1.6389079435 0.0 3.0144444701 0.0 0.0 1.8469017784 0.0 0.0 0.0 2.2783808606 0.0 0.0 4.1834135969 0.0 0.0 0.0 0.0 0.0 0.0 2.8374766247 4.7541091602 0.0 0.0 2.7698601605 0.0 2.4285292591 3.0872199756 1.8037181813 0.0 2.2792900309 2.4858452028 1.6001557008 0.0 0.0 0.0 2.266436531 2.3993937634 0.0 2.1156393705 0.0 0.0 0.0 2.0511181232 2.8908410218 0.0 0.0 2.7449064654
0.0 1.0524367991 1.1358340304 2.3615362478 0.0 3.5544563592 0.0 0.0 2.6072942066 0.0 0.0 2.2821474819 0.0 0.0 1.3108803139 0.0 1.6125237409 2.8162783517 0.0 1.5155915955 1.0904361363 0.0 2.0572145664 1.5833027116 2.3008999944 2.7909064747 2.5001870502 3.1252338128 2.9617782996 0.0 2.2991753339 0.0 1.3877859119 0.0 1.3770920105 2.844066598 0.0 2.1039141117 0.0 0.0 2.2301168559 0.0 1.851483707 0.0 3.867398972 1.4913906474 0.0 1.3492461765 2.1156871663 3.5447720167 2.5762213612 1.7259553199 0.0 0.0 0.0 2.3019014941 1.3448933374 1.8513012949 1.6994905349 1.8535027733 1.1931125179 2.9425861744 1.8053066357 7.1865841723 1.6899066727 0.0 1.9332841726 0.0 1.8379140199 3.9716745986 2.1222517984 0.0 2.1554768755 1.5445856444 0.0 0.0
2.3909397743 1.1565497541 1.2481971075 2.5951526675 0.0 3.9060831316 0.0 0.0 0.0 0.0 2.5136741161 2.5079103193 3.7358653245 0.0 1.4405599518 0.0 1.7720436396 3.0948804126 0.0 1.6655224224 1.1983081989 1.7111608082 2.2607257774 1.7399319021 0.0 3.066998607 0.0 0.0 3.254774032 1.3428948703 0.0 2.4699874278 0.0 2.2226034209 0.0 0.0 0.0 2.3120451038 0.0 0.0 0.0 0.0 2.0346428668 3.5195065982 4.249983784 0.0 0.0 1.4827211809 0.0 0.0 2.8310756373 0.0 0.0 1.8251464103 0.0 2.5296185092 1.4779377346 0.0 1.8676136769 2.0368616703 0.0 3.2336833139 0.0 7.8975214131 0.0 0.0 0.0 1.7335209518 2.01973079 4.3645749408 0.0 1.6806532771 2.3687087456 1.6973847253 2.3868174643 2.2491323118
9.9066058953 4.7920414955 0.0 10.752740404 17.106632461 16.184442032 10.540565118 14.896346934 11.871745685 9.3308904333 10.41514265 10.391260968 15.479162564 9.4557921163 0.0 9.6122982401 7.3422752658 12.823309424 6.8104591509 6.9009158765 4.9650631921 7.0900136977 9.3670779809 7.20922368 10.476646445 0.0 11.384056602 14.230070753 13.485811713 5.5641427618 10.46879358 10.234131481 6.3189805622 9.209122032 6.2702882141 12.949837145 0.0 9.5797141782 7.7351729389 12.802618324 10.154350857 14.202817539 8.4303273697 14.582703082 0.0 6.7907221359 8.7366015784 0.0 9.6333202154 16.14034649 11.730262259 7.8587612284 9.4037602443 7.5623009758 8.2449313597 10.481206556 6.1236785767 8.4294967956 7.7382596001 8.4395207474 5.4325777087 13.398424555 8.2200701437 32.722544093 7.6946215736 8.1460154577 8.8027879539 7.1826605862 8.368540758 18.084154316 9.6632108367 6.9636089715 9.8144939809 7.0329339562 9.8895255403 9.3190416836
1.6536469886 0.7999051413 0.8632912507 1.7948868641 2.8555018292 2.7015664206 1.7594697871 2.4865528627 1.9816753296 1.5575464523 1.7385338088 1.7345473909 2.5838385853 1.5783954993 0.9963352703 1.6045200754 1.2255995153 2.1405138387 1.1368268189 0.0 0.8287865574 1.1834910891 1.5635870104 1.2033900566 1.7488002478 2.1212299303 1.9002684792 0.0 0.0 0.9287871164 1.7474894187 1.7083187606 1.0547874104 1.5372204241 0.0 0.0 1.2518734015 1.5990810243 1.2911834358 2.1370600044 1.6950014863 0.0 1.4072211629 2.4341982806 2.9394186176 1.133532244 1.458345577 1.0254952643 1.6080291407 0.0 0.0 1.3118132463 1.5697101484 1.2623270137 1.3762741809 1.7495614382 1.0221868867 1.4070825204 1.2916986726 1.4087557552 0.9068257952 2.2365141656 1.3721242556 5.4621670704 1.2844144532 1.3597627758 1.4693936496 1.1989560475 0.0 3.0186733623 1.6130185928 0.0 1.6382713301 1.1739631293 1.6507958731 1.5555686155
0.0 3.4100054487 3.680221212 7.6516247617 12.173039394 11.516810855 7.5006413274 10.600205415 0.0 6.6398396693 7.4113909946 0.0 11.014935646 6.7287194129 0.0 0.0 0.0 9.1250368026 0.0 0.0 3.5331272807 5.0452370588 6.6655906429 5.1300666016 7.4551569503 9.0428292638 8.1008678822 10.126084853 0.0 3.9594308924 7.4495688697 0.0 4.4965716944 6.5531895615 0.0 0.0 5.3367516967 0.0 5.5043308563 9.1103130643 7.2258121688 10.10669153 5.9990011129 10.377017188 12.530777694 4.8322618879 6.2169451189 4.3716989156 6.8550479903 11.485432571 8.3472270128 5.5922759921 6.6916936552 5.3813155742 5.8670737486 7.4584019142 4.3575952612 5.9984100783 0.0 6.0055430989 0.0 9.534287376 5.8493825658 0.0 0.0 5.7966854255 6.264043188 0.0 0.0 12.868641645 0.0 0.0 0.0 5.0046192491 7.0373630965 6.6314081268
0.0 0.0 0.0 8.8363341835 0.0 0.0 0.0 0.0 0.0 0.0 0.0 8.5392793885 12.720390166 0.0 4.90501746 0.0 0.0 0.0 0.0 5.6710007463 4.0801652377 0.0 7.6976313248 0.0 0.0 0.0 0.0 0.0 0.0 0.0 8.602993757 0.0 5.1927808026 0.0 5.1527666441 0.0 6.1630467927 0.0 0.0 0.0 0.0 0.0 6.9278330096 11.983702097 0.0 0.0 7.1795215241 0.0 7.9164225603 13.263734644 0.0 6.4581341939 7.727775895 0.0 0.0 0.0 5.0322864965 6.9271504645 0.0 6.9353878984 0.0 11.010491507 6.7550488593 26.890571527 6.3232483148 6.6941925633 7.2339118387 5.9025315297 0.0 0.0 0.0 5.72252037 0.0 5.7794899153 0.0 0.0
5.4260479748 2.6246978356 2.8326842274 5.8894929212 9.3696478292 8.8645455203 5.7732802349 8.1590298398 6.5023946965 5.1107169977 5.7045838182 5.6915033391 8.4782497226 5.1791281701 3.2692364287 5.2648497326 4.0215123381 0.0 3.7302259193 3.7797708934 2.7194653106 3.8833435863 5.1305376478 3.9486372994 0.0 0.0 6.2352775434 7.7940969293 7.3864512332 3.047593281 5.733969515 5.605440348 3.4610331777 0.0 3.434363396 7.0928871458 4.1077238258 5.2470027843 4.2367103227 7.0122524265 5.5617428903 7.7791697943 4.6174604335 7.9872407724 9.6450007449 3.7194155579 0.0 3.3649179905 5.2763638927 8.8403935019 6.4249013686 4.304402123 5.1506292638 4.1420248598 4.5159152972 5.7407683525 3.3540623388 4.6170055112 4.2384009494 0.0 2.9755324463 7.3385875233 0.0 17.922797776 4.2144995216 4.4617370615 4.8214646121 3.9340881568 4.5836186593 9.9050562765 5.2927355892 3.8141091668 5.3755964203 3.85207986 5.4166927197 5.1042271984
7.1220108655 3.4450721023 3.7180666186 7.7303099367 12.298220354 11.635243515 7.5777738703 10.7092122 8.53477999 6.708120193 7.4876057353 7.4704368281 0.0 6.7979139279 4.2910673616 6.9104285798 5.2784742598 0.0 4.896143501 4.9611742279 3.5694600528 5.0971195509 6.7341359758 0.0 7.5318217565 9.1358208343 8.1841728307 10.230216038 9.6951568038 4.0001475404 7.5261762111 7.3574740307 4.5428120083 6.6205790223 4.5078063327 0.0 5.3916319678 0.0 5.5609344209 9.2039986017 7.3001185171 10.210623285 0.0 10.483728826 0.0 4.8819542583 6.2808768236 0.0 6.9255416002 11.603542554 8.4330653855 5.649783937 6.7605074174 5.4366541161 5.9274075651 0.0 4.4024064165 6.0600944868 5.5631534689 6.0673008594 3.9055634067 9.6323328362 0.0 0.0 5.5317814226 5.8562954066 6.3284592238 5.1637248194 6.0162722567 13.000975803 6.9470304261 5.0062452552 7.0557901979 5.0560840495 7.1097315364 6.6996019452
0.0 0.0 0.0 1.1982895347 0.0 1.8036004575 1.174644639 0.0 1.3229919145 0.0 1.1606675109 0.0 0.0 0.0 0.6651662293 0.0 0.0 0.0 0.7589601925 0.0 0.0 0.790113859 0.0 0.0 0.0 0.0 1.2686436551 1.5858045689 0.0 0.6200702138 0.0 0.0 0.7041896292 0.0 0.0 0.0 0.0 0.0 0.0 1.4267287201 0.0 1.5827674603 0.9394789311 0.0 1.9623936406 0.0 0.0 0.0 0.0 0.0 0.0 0.0 1.0479586658 0.0 0.9188183283 1.168029698 0.6824251006 0.0 0.0 0.0 0.0 1.4931255961 0.0 0.0 0.0 0.0 0.9809860822 0.0 0.0 0.0 0.0 0.0 0.0 0.7837528706 0.0 0.0
0.8414913838 0.407047749 0.43930304 0.9133641227 1.4530792862 0.0 0.8953414339 1.2653322165 0.0 0.7925887015 0.8846877421 0.8826591735 1.3148380045 0.0 0.0 0.8164921703 0.0 1.0892433298 0.0 0.0 0.0 0.6022431397 0.7956625605 0.0 0.8899120252 1.0794303269 0.0 0.0 0.0 0.0 0.8892449836 0.8693122098 0.5367496955 0.7822453951 0.5326136481 0.0 0.0 0.0 0.6570445468 0.0 0.0 0.0 0.0 1.238690539 1.4957820244 0.5768205809 0.7421083497 0.5218438004 0.8182778284 0.0 0.9963972248 0.667542439 0.7987784419 0.0 0.0 0.0 0.5201602662 0.7160221168 0.0 0.0 0.4614564647 0.0 0.6982329037 2.7795330917 0.0 0.0 0.7477303827 0.6101127934 0.7108443616 1.5361123882 0.8208168111 0.5915060124 0.0 0.5973946465 0.0 0.0
0.0 0.0 0.0 0.7688085102 1.2231044481 1.1571688983 0.0 1.0650715877 0.8488160944 0.6671478808 0.744670661 0.7429631484 1.1067422316 0.6760782068 0.4267628507 0.6872682137 0.0 0.9168518019 0.0 0.0 0.0 0.5069277843 0.6697352486 0.5154511603 0.7490681113 0.9085918757 0.0 0.0 0.9642199498 0.3978297761 0.7485066405 0.0 0.0 0.0 0.4483183597 0.0 0.0 0.6849384909 0.5530559244 0.9153724121 0.7260243493 1.0154850376 0.0 1.0426464148 0.0 0.4855287836 0.6246569146 0.439253026 0.6887712606 1.154016118 0.838700193 0.5618923442 0.672357988 0.0 0.0 0.0 0.0 0.6026992776 0.5532766171 0.6034159785 0.3884230269 0.957971869 0.0 0.0 0.0 0.5824306896 0.6293891639 0.5135519298 0.0 0.0 0.6909084055 0.4978899925 0.7017249755 0.5028466488 0.0 0.6663007089
0.0 0.0 3.463105683 0.0 0.0 0.0 7.0581392015 0.0 0.0 6.2481207427 0.0 0.0 0.0 0.0 0.0 0.0 4.9165106712 0.0 0.0 4.6209690211 0.0 0.0 6.2723525315 0.0 7.0153381861 0.0 0.0 9.5286940592 0.0 3.7258433215 0.0 6.8529460985 0.0 0.0 0.0 0.0 0.0 6.4147372958 0.0 8.57284797 0.0 0.0 5.64508861 0.0 0.0 0.0 5.8501749573 0.0 0.0 10.807846734 0.0 0.0 0.0 5.0638435771 5.520944332 0.0 0.0 5.6445324437 5.1816684233 0.0 0.0 8.9718098159 0.0 0.0 5.1524476688 5.4547085849 5.8944944646 0.0 0.0 0.0 6.4706480588 0.0 0.0 0.0 0.0 6.2401866211
11.182106215 5.4090288394 5.8376512797 0.0 19.309154233 0.0 0.0 16.814288908 13.400262674 10.532265945 11.75611835 11.729161842 17.472143511 10.673249033 6.7373066285 10.849905712 8.2876115946 0.0 7.6873228229 7.7894260785 0.0 0.0 0.0 8.1374292839 0.0 0.0 0.0 0.0 15.222143745 0.0 0.0 0.0 7.132565135 10.394819557 7.0776035252 14.617161109 8.4652779213 10.81312637 8.7310958271 14.450987496 0.0 16.031465867 0.0 16.460262625 0.0 7.6650446178 9.8614609118 6.9344890698 0.0 18.218456523 13.240562903 8.8705964183 0.0 0.0 9.3064869211 11.830688149 0.0 9.5148156192 8.7345799036 9.5261301799 0.0 15.123505272 0.0 0.0 8.6853233719 0.0 9.936168949 8.1074461251 0.0 0.0 10.907373433 7.8601910665 0.0 7.9384418166 0.0 10.518891639
7.2068479013 0.0 3.7623560415 0.0 12.444716137 0.0 0.0 10.836779798 8.6364458607 6.7880269839 0.0 0.0 0.0 6.8788903373 0.0 0.0 5.3413511802 9.3286885122 0.0 0.0 0.0 5.157836183 0.0 0.0 0.0 9.2446462734 8.2816622866 10.352077858 0.0 0.0 7.6158276443 0.0 4.5969257568 6.6994430272 0.0 9.4207347738 5.4558568171 6.9690410369 0.0 0.0 0.0 0.0 0.0 0.0 12.810438407 0.0 6.3556943129 4.4692660792 0.0 0.0 0.0 0.0 0.0 0.0 5.9980145464 7.6248578238 0.0 0.0 0.0 6.1395742426 3.9520862819 9.7470727013 5.9799285335 0.0 0.0 5.9260553034 0.0 5.2252348502 6.0879377898 0.0 0.0 0.0 0.0 0.0 7.1944223015 0.0
5.8642318666 0.0 3.0614394107 6.365102599 0.0 9.5804074281 0.0 0.0 7.0274996398 5.5234361396 6.165261046 6.1511242446 9.1629160721 0.0 3.5332456576 0.0 4.3462720777 0.0 4.0314626423 4.0850086517 0.0 4.1969454221 5.5448574187 4.2675119698 0.0 0.0 0.0 0.0 7.9829487141 3.2937035791 6.1970198031 0.0 0.0 5.4513551315 0.0 0.0 0.0 5.67072777 4.5788485099 0.0 6.0108849097 0.0 4.9903463335 0.0 0.0 4.0197792834 5.1716458617 3.6366540436 5.702459953 0.0 6.9437482898 4.6520068038 5.5665715457 4.4765166633 0.0 6.2043676849 3.624921737 4.9898546738 4.5806756642 0.0 3.2158234267 0.0 4.8658842182 19.3701645 4.5548440617 4.8220474235 5.210824997 0.0 0.0 10.70494528 0.0 0.0 5.8097060654 4.163156974 5.854121122 5.5164222524
7.9858009965 3.862906242 0.0 0.0 13.789804904 13.046419195 8.4968410281 12.008074556 9.5699172377 7.5217117656 0.0 8.3764856573 12.477887294 7.6223960964 4.811507685 7.7485570411 5.918671819 10.336981027 5.4899702328 5.5628881844 4.0023805333 5.7153215794 7.5508828618 5.8114177808 8.4453156313 10.243855071 9.1767868347 11.470983543 10.871029872 4.4853037742 8.4389853683 8.2498222139 5.0937850767 7.4235532004 5.0545337523 10.43897612 6.0455538126 7.7222907461 6.2353900434 10.320301751 8.1855103607 11.449014491 6.7957600636 11.755243524 14.195056313 0.0 7.0426503615 4.9523272861 7.7655030379 13.010873395 9.4558662197 6.3350156362 0.0 0.0 6.6463107308 8.4489915759 4.936350451 6.7950905306 6.2378782278 6.8031709252 4.379248043 10.800586325 6.6262698888 26.377926809 6.2027012358 6.5665737637 0.0 5.7900050403 6.7459533396 14.577793755 7.7895981271 5.6134256325 7.9115487828 0.0 0.0 7.5121603856
0.0 0.0 0.0 0.7924865298 0.0 0.0 0.0 1.0978740158 0.0 0.6876949226 0.7676052751 0.0 1.140828046 0.6969002877 0.0 0.7084349282 0.5411322163 0.9450893078 0.5019368957 0.5086036368 0.0 0.0 0.0 0.0 0.0 0.0 0.0 0.0 0.0 0.4100822695 0.0 0.754264591 0.0 0.0 0.0 0.9544145134 0.5527327808 0.7060334538 0.0 0.0 0.7483846881 0.0 0.6213226239 0.0 1.297825343 0.0 0.0 0.4527812864 0.7099842664 0.0 0.0 0.0 0.0 0.5573483068 0.0 0.0 0.4513205567 0.6212614099 0.0 0.622000184 0.0 0.9874758044 0.0 2.4116805986 0.0 0.0 0.6487733002 0.0 0.0 0.0 0.0 0.5132241737 0.0 0.5183334867 0.0 0.0
3.848882293 0.0 0.0 0.0 6.6462131902 6.2879267649 0.0 0.0 0.0 0.0 0.0 4.0371789051 6.0139138806 0.0 0.0 0.0 2.8525968994 4.982070459 0.0 2.6811213853 0.0 0.0 0.0 0.0 0.0 4.9371869413 4.4228966349 5.5286207936 5.2394636928 2.1617626438 4.0673016231 0.0 2.4550297703 3.5778981315 2.4361119776 5.0312285973 0.0 0.0 3.0052442251 0.0 0.0 0.0 0.0 0.0 0.0 2.6383092718 0.0 2.386851965 0.0 0.0 0.0 3.0532603453 3.6535183366 2.9380805724 3.2032939083 0.0 2.3791516782 0.0 0.0 3.2788951442 0.0 0.0 0.0 0.0 0.0 0.0 0.0 2.7905839233 0.0 0.0 0.0 2.7054787027 3.8130952716 0.0 3.842246289 0.0
1.2552782045 0.6072054655 0.6553216609 0.0 2.1676024167 0.0 0.0 1.8875344219 1.5042834817 1.1823285909 1.3197155215 1.3166894442 1.9613837066 1.1981550366 0.0 1.2179861199 0.0 0.0 0.0 0.0 0.6291292572 0.0 0.0 0.9134895899 1.3275087429 1.6102189381 0.0 0.0 0.0 0.0 1.3265136967 1.2967793738 0.8006857907 1.1668991672 0.7945159234 0.0 0.0 1.2138573534 0.9801332667 1.6222354974 1.286670273 1.7996564603 0.0 1.8477922241 2.2313033857 0.0 1.10702552 0.0 0.0 2.0451631341 0.0 0.9957932907 1.1915620142 0.9582284478 0.0 1.3280865601 0.7759388361 0.0 0.0 0.0 0.0 0.0 1.0415751873 0.0 0.9749949534 1.032191627 0.0 0.9101237476 0.0 0.0 0.0 0.0 0.0 0.0 0.0 1.1808272213
6.8061544104 3.2922854411 3.5531728317 7.3874758216 11.752802443 11.119228188 7.2417046285 10.234265747 0.0 6.4106195146 7.1555353905 7.1391279128 10.634678685 6.4964309569 4.100761372 6.6039556587 5.0443774297 8.8100228186 4.6790027863 4.7411494436 3.4111568684 4.8710656817 6.4354815147 4.952966744 0.0 8.7306532437 7.8212101975 9.7765127468 9.2651830341 3.8227436519 7.1923952912 7.0311749405 4.3413413107 6.3269607367 4.3078881137 8.8969514007 5.1525166684 6.5815693683 5.3143106701 8.7958073724 6.9763631059 9.7577889194 5.7919039493 10.018782411 12.098190923 4.6654428271 6.002324105 4.2207793827 6.6183984267 11.088933143 8.0590645326 5.3992197691 6.4606834003 5.1955421143 5.6645309736 7.2009234019 4.2071626138 5.7913333183 5.3164313048 0.0 3.7323542617 0.0 5.6474505248 22.481432103 5.2864505879 5.5965725921 6.0477962574 4.9347170508 5.7494545751 12.424391154 6.6389342374 4.7842216007 6.7428705855 4.8318500776 6.7944196614 6.4024790454
3.752804588 1.8153134888 1.9591626197 4.0733359083 6.4803071268 6.1309644245 3.9929600059 5.6430103012 0.0 3.5347129782 3.9454476675 3.936400847 5.8637915855 3.5820280339 2.261094175 3.6413154331 2.7813889636 4.8577055501 2.5799272342 2.6141939062 1.880857291 0.0 3.5484214871 2.7309865749 3.9687464366 4.813942437 4.3124900998 5.3906126248 5.1086736067 0.0 3.9657716267 3.8768773062 2.3937461019 3.4885848673 2.3753005446 0.0 2.8410152087 3.628971991 2.9302258312 4.8498673806 3.846654938 5.3802886061 0.0 5.5241962392 0.0 2.5724504898 3.3095854255 2.3272701848 0.0 6.1142602218 4.4436391727 2.9770433492 0.0 2.8647387509 3.1233317002 3.9704738904 0.0 3.1932484832 0.0 3.1970457406 2.0579603918 5.0755697434 0.0 12.395901775 0.0 0.0 0.0 2.7209239862 3.1701572146 6.8506103912 0.0 0.0 3.7179109 2.6642047839 0.0 3.5302244538
7.7941907359 3.7702201768 4.0689800875 8.4599014565 13.458934135 12.733385125 8.2929689401 11.719954392 9.3402979 7.3412368011 8.1942906798 8.1755013602 0.0 0.0 4.6960610014 7.5626391809 5.7766599845 10.088956861 5.3582446079 5.4294129757 3.9063479403 5.5781889039 7.3697079699 0.0 8.2426798369 9.9980653577 8.9566002163 11.19575027 10.610191808 0.0 8.2365014614 8.0518770629 0.0 0.0 4.9332559331 0.0 5.9004975882 7.5370031158 6.0857789134 10.072677786 7.9891082999 11.174308341 0.0 11.473189755 13.854461996 5.3427161755 0.0 0.0 7.5791785776 12.698692207 0.0 6.1830141028 7.3985683647 5.9497689552 6.4868400238 8.2462675814 4.8179083064 6.6320500206 6.0882073966 6.6399365353 4.2741729404 10.541438475 6.4672800391 25.745018296 6.0538744368 6.409016255 6.9257431905 5.6510804196 6.584091821 14.228016086 7.6026955324 0.0 7.72172012 5.5332804461 7.780752476 7.3319145957
7.184101345 3.4751066225 3.7504811352 7.7977036349 12.405437601 11.736680857 7.6438377422 10.802576298 8.6091871471 0.0 7.5528835114 7.5355649237 11.225224236 6.8571788944 4.3284773621 6.9706744615 5.324492583 9.2992449133 4.9388286223 5.0044262943 3.6005790008 5.1415568036 6.7928449191 5.2280058461 7.5974850128 9.2154679321 8.2555233559 10.319404195 9.7796802545 4.0350212697 7.5917902489 0.0 4.5824167465 6.6782979635 0.0 0.0 5.4386368124 0.0 5.609415263 9.2842400809 0.0 10.29964063 6.1135293798 10.575127135 12.770005563 4.9245156762 6.3356342034 0.0 6.9859192389 11.704703523 0.0 0.0 6.8194462698 5.4840514688 0.0 7.6007919269 4.4407870832 6.1129270617 0.0 6.1201962603 3.939612541 9.7163085806 5.9610544316 23.729829925 5.5800081057 5.9073512386 6.3836314322 5.2087427443 6.0687227846 13.11431975 7.0075954067 5.0498902557 7.1173033583 5.1001635502 7.1717149633 0.0
9.8440867126 0.0 5.1391342822 10.684881387 16.998674933 16.082304317 10.474045109 0.0 11.796824785 9.2720045092 10.349414164 10.325683196 0.0 9.3961179554 5.9311393924 9.5516363912 7.2959392095 12.74238334 6.7674793106 6.8573651766 4.9337293835 0.0 0.0 7.1637272934 10.410529817 12.627587093 11.312213438 14.140266797 13.400704671 5.5290282471 10.40272651 10.169545331 6.2791023734 9.1510045709 6.2307173158 12.868112562 7.4523464814 9.5192579628 7.6863573612 12.721822818 0.0 14.113185575 8.3771247711 0.0 17.498227829 6.7478668531 0.0 0.0 9.5725256999 16.038487055 11.65623424 7.8091657025 9.3444144492 7.5145763685 8.192898769 10.41506115 6.085032911 8.3762994387 7.6894245429 8.3862601308 0.0 13.313869001 8.1681944486 0.0 7.6460619098 8.0946071112 8.7472348095 7.1373318354 8.3157280859 0.0 0.0 6.9196626244 9.7525561034 6.988550109 9.8271141493 9.2602305352
1.4774929769 0.714695601 0.0 0.0 0.0 0.0 1.5720430487 0.0 1.7705782443 0.0 1.5533372662 1.5497754997 0.0 0.0 0.8902010977 0.0 0.0 1.9124965517 0.0 1.0292177613 0.7405004371 0.0 0.0 0.0 1.5625100773 0.0 0.0 2.1223040282 0.0 0.8298484809 0.0 0.0 0.9424266495 0.0 0.9351645657 1.9313671741 0.0 0.0 1.1536406932 1.9094106356 1.514442205 0.0 0.0 2.1748963888 0.0 0.0 1.3029959615 0.9162548363 1.4367345499 2.4072067502 1.7494770952 1.1720729223 1.4024974713 0.0 1.2296671844 1.5631901822 0.9132988821 0.0 0.0 1.2586886734 0.0 1.9982704864 1.225959328 0.0 0.0 1.2149146494 0.0 1.0712377865 1.2481025618 2.6971105217 0.0 1.0385679473 1.4637552035 1.0489072278 0.0 1.3898623589
0.0 0.0 0.0 2.4955318342 0.0 0.0 2.4462894866 0.0 2.7552343098 0.0 2.4171810222 0.0 0.0 2.1945317526 0.0 2.2308542155 0.0 0.0 0.0 0.0 0.0 0.0 0.0 1.6731406616 0.0 0.0 0.0 0.0 0.0 0.0 0.0 0.0 0.0 2.1372837372 0.0 0.0 1.7405497741 0.0 1.7952047187 0.0 2.3566555937 0.0 1.9565384761 3.3844023385 0.0 1.5760134283 0.0 1.4258035585 2.2357330656 0.0 2.7223983646 1.8238875009 2.1824560223 0.0 1.9135111521 0.0 1.4212037356 0.0 0.0 0.0 0.0 0.0 0.0 7.5943571047 0.0 1.8905544199 0.0 1.6669758102 0.0 0.0 2.2426701806 1.6161375814 0.0 1.6322267549 0.0 0.0
0.9618057827 0.4652464497 0.5021135241 0.0 0.0 0.0 0.0 1.4462463504 1.1525959316 0.9059111134 1.0111782516 1.0088596432 1.5028303561 0.9180374826 0.5794955217 0.9332322422 0.0 1.2449807015 0.6612092036 0.6699914043 0.4820446619 0.6883504043 0.9094244652 0.6999241816 0.0 1.2337646591 1.1052475072 1.3815593839 1.3093012709 0.5402076897 1.0163870763 0.9936043629 0.6134928662 0.894088946 0.6087654568 1.2572649384 0.7281234054 0.0 0.7509871838 1.2429718581 0.9858586762 1.3789134426 0.8184778621 1.4157955105 1.7096453134 0.6592929897 0.8482132032 0.5964557624 0.9352732094 0.0 1.1388596854 0.7629860392 0.9129858478 0.7342035088 0.800478261 1.0175922189 0.5945315205 0.8183972239 0.7512868595 0.0 0.5274343918 0.0 0.7980645522 3.1769439973 0.7470501606 0.7908747815 0.8546390608 0.6973452421 0.8124791658 0.0 0.9381752096 0.0 0.9528628841 0.6828086854 0.9601474968 0.90476075
0.0 0.0 4.2415850081 8.8187679509 14.029858104 13.273531521 8.644754207 12.217111358 0.0 0.0 0.0 8.5223036874 12.695102606 7.7550869203 0.0 7.8834440774 6.0217041766 10.516927399 5.5855397446 5.6597270534 4.0720540538 5.814814012 7.682328782 0.0 8.592331855 10.422180306 0.0 0.0 11.060272977 4.5633840321 8.5858913947 0.0 5.1824577893 0.0 5.1425231771 10.620698026 6.1507949345 7.8567205381 0.0 10.499957771 8.3280038891 11.648319165 6.914060791 11.959879039 14.442164138 0.0 7.1652489601 5.0385374988 0.0 13.23736694 0.0 0.0 0.0 6.2021563782 6.7620098412 8.5960717906 0.0 0.0 6.346467337 6.921600661 4.4554820807 0.0 0.0 0.0 6.3106779832 6.6808848113 7.2195311492 5.8907975641 6.8633870305 0.0 7.9251996074 5.7111442584 8.0492731825 5.7680005508 8.1108096733 7.6429322241
2.2644696548 1.0953733969 1.1821730115 2.4578805909 3.9102645764 3.6994686424 2.4093811853 3.4050335661 2.7136648151 2.1328715871 2.3807118938 2.3752529763 3.538254603 2.1614218367 1.3643607137 2.1971962858 0.0 2.9311749526 1.5567469066 1.5774236664 1.1349230051 1.6206479838 2.1411434013 1.6478972143 2.394770541 0.0 0.0 3.2527349676 3.082610908 1.2718616822 2.392975519 2.3393360377 1.4444038537 2.1050375486 1.4332736699 2.9600968848 1.7142892944 2.1897481628 1.7681196345 0.0 2.3210996404 3.2465053794 1.9270192749 3.3333402946 4.0251784742 1.5522353845 1.9970279801 1.4042918006 2.2020015264 3.6893892046 2.681324281 1.7963696663 2.1495282986 1.7286042527 1.8846411241 2.3958128992 1.3997613773 1.9268294208 1.7688251891 1.9291207136 1.2417883076 3.0626357956 1.8789583029 0.0 1.7588503311 1.8620307507 2.0121569799 1.6418253749 0.0 4.1337082665 2.208833978 1.5917541659 2.2434145491 1.6076005947 2.2605653968 2.1301631788
0.0 1.9060084599 0.0 4.2768440542 6.8040700863 6.4372738552 0.0 5.9249410307 4.721922323 3.7113109561 0.0 0.0 6.1567527802 0.0 2.374060818 0.0 2.9203500815 5.1004016283 2.7088231122 0.0 1.9748268994 2.8200144138 3.7257043565 0.0 0.0 5.0544520641 4.5279466407 5.6599333009 0.0 0.0 4.163905748 4.0705701737 0.0 3.6628782363 2.4939730579 0.0 2.9829553165 3.8102792483 3.0766229955 5.0921718556 4.0388378643 5.6490934834 3.3531168922 5.8001908932 0.0 2.7009728217 0.0 2.4435430509 3.8316007583 6.4197350929 4.6656480592 0.0 0.0 0.0 3.2793766368 4.1688429417 2.4356598715 3.3527865358 0.0 3.3567735082 2.1607782574 0.0 3.2694882233 0.0 3.0604939104 3.2400333744 0.0 0.0 3.3285416032 7.1928740912 3.8434895904 2.769737621 3.9036616388 2.7973112568 3.9335050337 0.0
6.8642134289 3.3203698555 0.0 0.0 11.853058202 11.214079323 0.0 10.321567825 8.2258441509 0.0 7.2165747582 7.2000273187 10.725396434 6.5518479197 0.0 6.660289847 5.0874078379 8.885175577 0.0 4.7815932048 3.4402553002 4.9126176765 6.4903785561 4.9952173852 7.2591902796 0.0 7.8879280179 9.8599100224 9.3442184778 3.8553530714 7.2537490876 7.0911534675 4.3783745604 6.3809320557 4.3446359952 8.9728456921 0.0 0.0 0.0 8.8708388678 0.0 0.0 0.0 10.104246336 0.0 4.7052407828 0.0 4.2567841945 0.0 0.0 0.0 5.445277114 6.5157954232 5.2398620133 5.7128515213 0.0 0.0 5.840735537 0.0 5.8476810585 3.7641926262 0.0 5.6956253699 0.0 5.3315459699 5.6443134296 6.0993861999 4.9768120153 0.0 0.0 0.0 4.8250327833 6.8003897696 4.8730675488 0.0 0.0
3.7622609434 0.0 0.0 4.0835999418 0.0 0.0 0.0 5.6572296163 4.5085678783 3.5436197842 3.9553894469 3.9463198301 0.0 0.0 0.0 3.6504908571 0.0 0.0 0.0 2.6207811788 0.0 2.6925954162 0.0 2.7378681428 0.0 0.0 4.3233567566 0.0 0.0 2.1131109098 0.0 3.8866463013 2.3997778879 3.4973754392 0.0 4.917997852 2.848174028 0.0 2.9376094443 0.0 3.8563477785 0.0 0.0 5.5381161655 6.6875578268 0.0 0.0 2.333134464 3.6584744347 0.0 4.4548363001 0.0 0.0 0.0 0.0 0.0 2.3256074767 3.2012948635 0.0 3.2051016892 0.0 5.088359216 3.1217602861 0.0 2.9222091327 3.0936363195 0.0 0.0 3.1781454092 6.8678726294 0.0 0.0 0.0 2.6709180743 0.0 0.0
2.6126345904 1.2637883754 0.0 0.0 0.0 0.0 2.7798264431 3.928561576 0.0 0.0 2.7467492135 0.0 4.0822655078 2.4937430462 1.5741328159 2.5350178598 1.9363526251 0.0 1.7960986176 0.0 1.3094187834 0.0 2.4703467769 1.9012633949 2.7629693947 3.3513795435 0.0 3.7528468847 3.5565660462 0.0 0.0 2.6990117698 0.0 0.0 0.0 0.0 1.9778633372 0.0 0.0 3.3763898386 2.6779715044 3.7456594898 0.0 0.0 0.0 1.7908934436 0.0 0.0 0.0 0.0 3.0935811171 0.0 2.4800208622 0.0 0.0 0.0 0.0 0.0 2.0407841913 2.2257253457 1.4327147549 3.5335197361 2.167850404 0.0 0.0 2.1483202202 2.321528538 1.8942580029 0.0 4.7692708889 0.0 0.0 0.0 1.8547711214 2.608130048 0.0
1.6119414178 0.7797312464 0.8415187353 1.7496191728 2.7834850476 2.6334319453 1.7150953273 2.4238411066 0.0 1.5182645714 1.6946873618 1.6908014828 2.5186732483 1.538587798 0.971207337 0.0 1.1946894554 2.086529311 1.1081556383 1.1228741952 0.8078842629 1.1536430189 1.5241527846 0.0 0.0 0.0 1.8523430258 2.3154287822 0.0 0.9053627718 1.7034171081 0.0 1.0281852931 1.498451173 1.0202623765 0.0 0.0 1.5587516267 1.2586193259 0.0 1.6522529402 2.3109943085 1.3717305398 2.3728069259 2.8652854246 1.1049441537 1.4215655779 0.0 1.5674740683 2.6262569924 1.9086754612 1.2787288452 1.5301214948 1.2304906731 1.3415640519 1.7054368705 0.9964069663 1.371595394 1.2591215682 1.3732264292 0.0 2.1801084752 0.0 0.0 1.2520210594 1.3254690703 1.4323350141 1.1687179455 0.0 2.9425413361 0.0 1.1330752265 0.0 1.1443553576 1.6091622084 1.5163366164
6.7649156872 3.2723373706 3.5316440356 7.342714852 0.0 11.051856403 7.1978268916 10.172255979 8.1068490532 0.0 0.0 0.0 10.570242802 0.0 0.0 0.0 0.0 8.756642588 4.6506525478 4.7124226564 3.3904885519 0.0 6.3964887113 4.9229565485 7.154178801 0.0 0.0 0.0 0.0 0.0 7.1488163213 6.9885728103 0.0 6.2886254645 4.2817864717 0.0 5.1212973931 6.5416914136 0.0 8.7425132736 0.0 9.6986661415 5.7568106044 0.0 0.0 4.6371747489 5.9659558173 0.0 6.5782973235 11.021744916 8.010234384 5.3665057112 6.4215378979 5.1640621464 0.0 0.0 4.1816712711 5.756243431 5.2842188651 5.7630884786 3.7097397991 0.0 0.0 0.0 0.0 5.5626627667 6.0111524523 4.9048174308 5.7146184325 0.0 6.598708707 0.0 6.7020153012 4.8025737322 6.7532520395 6.3636862051
0.0 0.7312125817 0.789155353 0.0 0.0 0.0 0.0 0.0 1.8114972126 0.0 1.5892356844 1.5855916036 0.0 0.0 0.9107741001 1.4667304986 1.1203500758 0.0 1.039200813 1.0530035098 0.0 0.0 1.4293125967 0.0 0.0 0.0 0.0 0.0 2.0577858535 0.8490267035 0.0 0.0 0.9642066111 0.0 0.0 1.9760020567 1.1443676688 1.4617585308 1.1803019193 0.0 0.0 2.1671930199 0.0 0.0 2.686993451 1.0361891626 0.0 0.0 0.0 2.4628385287 0.0 0.0 1.4349099048 0.0 0.0 1.5993163064 0.0 0.0 1.1807729097 1.2877776121 0.0 0.0 0.0 4.9930986551 0.0 0.0 1.3432081738 0.0 1.27694685 0.0 0.0 1.0625697834 0.0 0.0 1.5090323214 1.4219827885
0.0 0.7483572331 0.8076585815 1.67921982 2.6714860772 2.5274706553 1.6460851089 0.0 0.0 0.0 1.626498298 1.6227687749 0.0 0.0 0.0 1.5011207482 0.0 0.0 1.0635668266 0.0 0.7753774579 1.1072239334 1.4628255133 0.0 1.6361031417 0.0 1.7778103776 2.222262972 2.1060345052 0.8689337281 1.6348767858 0.0 0.9868142449 1.4381580564 0.9792101223 0.0 1.1711995168 0.0 1.2079763132 0.0 1.5857713083 2.218006928 1.316536276 0.0 2.7499950558 1.0604845624 1.3643661037 0.9594097587 1.5044036804 2.5205844006 0.0 0.0 0.0 0.0 1.2875835957 1.6368152791 0.9563145813 1.316406568 1.2084583468 1.3179719753 0.84838765 2.0923875425 1.2837011021 0.0 1.2016435409 0.0 1.3747022106 0.0 1.3068872657 0.0 1.5090715996 1.0874837264 0.0 1.0983099794 1.5444144165 0.0
7.3387996026 3.5499375462 3.8312418134 7.9656148472 12.672569075 11.989411713 7.8084356959 11.03519269 8.7945723732 6.9123104046 7.7155229096 7.6978313935 11.466941683 7.0048373943 4.4216842747 7.1207769089 5.4391471078 9.4994894418 5.0451784838 5.1121886978 3.6781117737 5.2522720958 6.9391180885 5.3405826817 7.7610848338 9.4139084558 8.4332929916 10.54161624 9.990270198 4.1219090696 7.7552674422 7.5814300923 4.681091842 0.0 0.0 9.5932209978 5.5557492526 7.0966386821 5.730205147 9.484161504 7.5223287193 10.521427098 6.2451745638 10.802845769 13.044987432 5.0305573311 6.4720620634 4.5510948164 0.0 0.0 8.6897616515 5.8217591766 6.9662922573 5.6021418418 6.1078334624 7.7644629571 0.0 6.2445592757 0.0 6.251985005 4.0244458649 9.9255339153 6.0894163088 24.240814274 5.700164753 6.0345567024 6.5210928366 5.3209047794 6.1994031294 13.396715879 0.0 5.1586316538 7.270563227 5.2099875042 7.3261464999 6.9035328676
1.1755666486 0.5686472461 0.0 0.0 0.0 0.0 0.0 0.0 0.0 0.0 1.2359121246 0.0 0.0 0.0 0.0 1.1406426527 0.871270546 1.521677055 0.8081626264 0.818896667 0.0 0.0 1.1115436089 0.8554819895 1.2432104679 1.5079682527 0.0 0.0 1.6002928396 0.6602685852 1.2422786082 0.0 0.7498413564 0.0 0.0 1.5366914575 0.889948477 0.0 0.0 0.0 0.0 0.0 1.0003841676 0.0 0.0 0.805820535 0.0 0.7290177645 0.0 0.0 1.3919706948 0.9325593142 1.115896507 0.8973798804 0.0 0.0 0.7266658609 0.0 0.9182599974 1.0014750991 0.0 0.0 0.0 3.8830182506 0.9130816943 0.9666463158 1.044582175 0.0 0.0 2.1459548211 0.0 0.8263361385 0.0 0.8345625826 1.1735398095 1.1058433853
2.3484505146 1.1359967718 1.2260154651 0.0 0.0 3.8366683424 0.0 3.5313137509 0.0 0.0 0.0 2.4633423825 3.6694754666 2.2415810315 1.4149598399 0.0 1.7405527492 3.0398814624 0.0 0.0 1.1770131296 1.6807518633 0.0 1.7090116676 2.4835837819 0.0 2.6986935655 3.3733669569 0.0 1.3190303592 2.4817221892 2.4260934166 1.4979714859 0.0 1.4864285245 3.0698760028 0.0 0.0 1.8336926957 3.03497645 0.0 3.3669063362 1.9984853399 3.4569616394 0.0 0.0 2.0710904108 1.4563718241 0.0 0.0 0.0 0.0 2.2292464058 1.7927118335 1.9545355392 0.0 1.4516733841 1.9982884448 1.8344244166 0.0 0.0 3.176217705 1.9486419631 7.757174993 1.8240796278 0.0 2.0867804896 1.702714646 1.9838382648 0.0 0.0 0.0 2.3266145523 1.6672205944 2.344401462 2.2091631048
6.1373913559 0.0 0.0 0.0 0.0 0.0 6.5301450289 0.0 0.0 0.0 6.4524426577 0.0 0.0 0.0 3.6978263906 5.955060366 4.5487240762 0.0 4.2192506257 4.2752908409 0.0 0.0 0.0 0.0 6.4905458046 0.0 0.0 0.0 8.3547993237 3.4471262963 6.485680757 0.0 0.0 5.7052825712 0.0 0.0 0.0 5.9348737207 0.0 7.931543847 0.0 0.0 0.0 9.0343510971 0.0 4.2070230489 0.0 3.8060516022 5.9680840082 0.0 7.2671923111 4.8687001119 0.0 4.6850355339 5.1079422147 0.0 0.0 0.0 0.0 0.0 3.3656184391 8.3006607829 0.0 20.272438551 0.0 0.0 5.4535483967 4.4498387702 0.0 11.203588146 0.0 0.0 0.0 0.0 0.0 0.0
4.2301378739 2.0462100176 2.2083558588 4.5914387745 7.3045616867 6.9107847763 4.5008395598 6.3607659386 5.0692559675 3.9843063746 4.4472839489 4.4370864293 0.0 4.0376396095 2.5486912205 0.0 3.1351642541 5.4755753319 2.908077852 2.9467030305 2.1200905817 3.0274481276 3.99975852 3.0783509965 4.4735461758 5.4262458244 4.8610118844 0.0 0.0 2.3758985954 4.4701929887 4.3699918662 2.6982156434 3.9323110563 2.6774239265 5.5296028877 3.2023745849 4.0905545445 3.3029322409 5.4667401962 4.3359254017 0.0 3.5997643868 6.2268394706 7.5192263567 2.8996501124 3.7305440043 0.0 4.1134444153 6.8919559034 5.0088422994 3.3557046546 4.0154219101 3.2291156133 3.5205999694 4.4754933509 2.6148213574 0.0 3.3042502506 3.603689975 2.3197200899 5.7211504888 3.5099841871 13.972582998 3.2856167377 3.4783627079 3.7588057013 3.0670085094 3.5733813966 7.7219652116 0.0 2.9734730906 4.1908059269 0.0 0.0 3.9792469379
8.520022009 4.1213206058 4.4479024281 9.2477268066 14.712292647 13.91917714 9.0652487582 12.811371025 10.210109859 8.0248868983 8.9573811196 8.9368420512 13.312612526 8.1323066441 0.0 8.2669072968 6.3146094154 11.028487423 5.8572292539 5.935025151 0.0 6.0976557851 8.0560094346 6.2001804726 9.0102764999 10.92913168 9.7906804638 0.0 11.598262192 4.7853542669 9.0035227653 8.8017052847 5.4345407532 7.9201618824 5.3926636581 11.137305617 6.4499793524 8.2388838822 6.6525149359 11.010692365 8.7330912026 12.214911878 7.2503716704 12.541626519 15.1446539 5.8402547418 7.5137780303 5.2836199515 0.0 13.881253456 10.088429244 6.7588051182 8.0875574436 6.5038390982 0.0 9.0141983518 5.2665743243 7.249657348 6.6551695708 0.0 4.6722037934 0.0 7.0695432199 28.142514077 6.6176393662 0.0 7.5707005912 0.0 7.1972330579 15.552995084 8.310693882 5.9889433704 8.4408025925 6.048565243 8.5053323159 8.0146965657
0.0 0.4301137662 0.4641968553 0.9651213739 1.5354203676 0.0 0.9460774004 0.0 1.0655586461 0.8375020187 0.93482 0.9326764793 0.0 0.0 0.5357354183 0.8627600161 0.0 0.0 0.0 0.0 0.4456434759 0.6363702186 0.8407500629 0.6470700121 0.9403403255 1.1405979874 1.021785697 1.2772321213 1.2104305172 0.0 0.0 0.9185731883 0.0 0.0 0.5627950596 0.0 0.6731397958 0.8598354059 0.6942770358 1.1491099127 0.9114124105 0.0 0.0 1.3088829363 1.5805429254 0.6095070495 0.0 0.0 0.8646468614 1.4486905472 1.0528596807 0.0 0.0 0.6787607655 0.7400308371 0.9407496221 0.5496359867 0.756596665 0.6945540817 0.0 0.4876056396 1.2025870084 0.0 0.0 0.6906373135 0.731152556 0.7901017308 0.644685819 0.7511255039 1.6231586743 0.0 0.6250246547 0.0 0.0 0.0 0.0
2.5437165104 1.2304511958 1.3279546498 2.7609782388 4.39246538 4.1556747934 0.0 3.8249309642 3.0483049216 2.3958902072 2.674293355 2.668161262 3.9745803757 2.4279611785 1.5326091326 2.4681472135 1.8852740297 3.2926376848 1.7487197501 1.771946299 1.27487793 1.8205008953 2.405182074 1.8511104101 2.6900856678 3.2629742823 2.9230811278 0.0 0.0 1.4287034287 2.6880692897 2.6278151662 1.6225229261 2.3646237678 1.6100202051 3.3251261733 1.9256897403 2.4597806128 1.9861582588 0.0 2.6073299171 3.6468536096 2.1646528735 3.7443967173 4.5215500768 1.7436518821 2.243294819 1.5774643881 2.4735450204 4.144352393 3.0119762605 2.0178919903 2.4146009689 1.9417699716 2.1170487903 2.6912565661 1.5723752882 2.1644396072 1.9869508199 2.1670134546 1.3949215057 3.4403098411 2.1106651826 8.4021587768 1.9757458957 2.0916501809 2.2602894768 1.8442898117 2.148787942 4.6434634017 2.4812200271 1.788043988 2.5200649591 1.8058445455 2.5393307922 2.392847807
0.0 0.0 0.4346641821 0.9037193764 1.4377353716 0.0 0.8858869997 0.0 0.9977667278 0.0 0.8753458065 0.8733386587 1.3009538605 0.0 0.5016513894 0.0 0.0 1.077741372 0.572388402 0.0 0.4172911875 0.5958837019 0.0 0.0 0.0 1.0680319903 0.956778658 1.1959733225 1.133421704 0.0 0.0 0.8601326334 0.0 0.7739852082 0.5269894689 0.0 0.6303139615 0.8051318081 0.6501064289 1.0760023783 0.0 1.1936828127 0.0 1.2256104807 1.4799871866 0.5707295948 0.7342719933 0.0 0.0 0.0 0.9858756834 0.0 0.7903436728 0.6355773194 0.0 0.88089818 0.5146675895 0.7084612202 0.6503658489 0.0 0.0 0.0 0.6908598539 0.0 0.0 0.0 0.73983466 0.0 0.70333814 1.5198916785 0.0 0.0 0.8248639925 0.0 0.831170057 0.7832234596
3.9774104309 0.0 2.0764187574 4.3171255924 6.8681543515 6.4979034431 4.2319391818 5.980745202 4.7663958394 3.7462660099 4.1815832237 4.1719949498 6.2147402749 3.7964128778 2.3964209555 3.8592486356 2.947855455 5.1484398593 2.7343362149 2.7706537516 1.9934268446 2.8465747739 3.7607949748 2.8944364767 4.2062764273 5.1020575183 4.5705931934 5.7132414918 5.4144283867 2.2339517382 4.2031235746 4.1089089174 2.5370121176 0.0 2.5174625912 0.0 3.0110503386 3.8461664368 3.1056002285 0.0 0.0 5.7022995792 3.3846982883 5.8548201029 7.0699939896 2.7264119863 3.5076645438 0.0 0.0 6.4801994916 4.7095915553 0.0 3.7755225635 3.0361937379 3.3102635089 4.2081072693 2.4586001809 3.3843648204 3.1068394944 0.0 0.0 5.379343253 3.3002819611 13.13779811 3.0893192312 3.2705496912 3.53423776 2.8837716408 0.0 7.2606203145 3.8796895712 0.0 3.9404283512 2.8236577868 3.9705528267 3.7415088467
0.0 1.5379767665 1.6598491718 3.4510270693 5.4902703375 5.1942988907 3.382930693 4.780892551 0.0 0.0 3.3426771097 3.3350124282 4.9679437066 3.0347793519 1.9156527671 0.0 2.3564588877 4.1155636867 2.1857757186 2.2148072582 1.5935070347 2.2754970615 0.0 2.3137567851 3.3624163812 0.0 0.0 4.5670552361 4.3281897937 1.7857780032 3.3598960514 3.2845826686 0.0 2.9556120786 2.0124111199 4.1561719942 2.4069756608 0.0 2.4825570222 4.1089230031 3.2589775595 4.5583084819 2.7056626369 4.6802304516 5.6516170576 2.1794412429 0.0 1.9717186567 3.0917559228 5.1801466928 3.7647568028 2.522221937 3.0180800369 0.0 2.6461609075 3.3638799211 1.9653576425 2.7053960691 2.4835476674 2.7086131959 0.0 4.3001434134 2.6381818505 10.502102831 2.4695423064 2.6144144464 2.8252016112 2.3052315206 2.6858325971 5.804000071 3.1013491371 2.2349282283 0.0 2.2571776633 0.0 0.0
0.0 0.0 0.0 1.0540724771 1.6769334863 0.0 1.0332733021 1.4602630327 1.1637666225 0.9146909925 1.0209783553 1.0186372755 0.0 0.0 0.0 0.0 0.0 1.257046764 0.0 0.6764848047 0.0 0.6950217359 0.918238395 0.7067076835 0.0 0.0 0.0 0.0 0.0 0.0 0.0 1.0032341446 0.0 0.9027542475 0.0 1.2694500568 0.0 0.0 0.7582655764 0.0 0.9954133885 0.0 0.8264103586 0.0 0.0 0.6656827036 0.8564338876 0.0 0.0 1.5822101498 0.0 0.0 0.0 0.7413192379 0.8082363096 1.0274544853 0.6002935813 0.8263289389 0.0 0.0 0.5325461629 1.313424302 0.0 3.2077341974 0.7542903965 0.7985397554 0.8629220232 0.7041037495 0.0 1.772758257 0.0 0.6826305 0.9620978089 0.6894263079 0.9694530224 0.9135294802
2.3466413944 1.1351216608 0.0 2.5470707125 0.0 3.8337127791 2.496811389 3.5285934163 2.8121366837 2.2102679736 2.4671017632 2.4614447558 0.0 2.2398542378 1.4138698308 0.0 1.7392119208 3.0375397009 0.0 1.6346642863 0.0 1.6794571023 2.2188399506 0.0 0.0 0.0 2.6966146369 0.0 3.194470875 0.0 2.4798104036 2.4242244845 1.4968175291 2.18142391 1.4852834597 3.0675111351 1.7764964135 0.0 0.0 3.032638467 2.4053263355 3.3643126523 1.9969458141 3.4542985817 4.1712417772 1.6085619869 2.0694949539 1.4552499134 2.2819064594 0.0 2.7786225954 1.8615552695 2.227529114 1.7913308246 0.0 2.482750745 1.4505550928 1.9967490707 1.8330112745 0.0 1.2868495895 3.1737709174 0.0 7.7511992818 1.8226744548 1.9295990246 2.085172946 1.701402966 1.9823100223 4.2837098346 2.2889868429 1.6495148025 2.3248222534 1.6659362571 2.342595461 0.0
0.0 3.3432337182 3.608158354 0.0 11.934677632 11.291298784 7.3537703595 10.392641507 8.282486808 6.5098241631 7.2662676483 7.2496062642 10.799250855 6.5969635417 0.0 0.0 0.0 0.0 0.0 4.8145189616 3.4639446867 4.9464456598 6.5350709039 5.0296141451 7.3091766176 8.8657605269 0.0 0.0 9.4085621918 3.8819007957 7.3036979579 7.1399827144 4.4085237785 6.4248707616 4.3745528916 9.034632156 5.2322521142 6.6834194741 5.3965498859 8.9319229189 7.084322664 9.9087911771 5.8815339443 0.0 0.0 4.7376407816 6.0952103623 4.2860961488 6.720818464 11.260534922 8.1837789479 5.4827729574 0.0 5.275943381 5.7521898657 7.3123580414 4.2722686597 5.8809544829 5.3987033376 5.8879478309 3.7901126253 0.0 5.7348450961 22.829333357 5.3682586677 5.6831798249 6.1413861983 5.011082037 5.8384276641 12.616659211 6.7416720673 4.8582576625 6.8472168355 4.9066231924 6.8995636359 6.5015577197
3.1668830698 0.0 0.0 0.0 0.0 0.0 3.3695432695 4.7619729103 3.7950869165 2.9828418786 3.3294489835 3.3218146338 4.9482838399 0.0 1.9080718684 0.0 2.3471335672 4.0992769818 0.0 2.206042502 1.5872009778 2.2664921348 2.9944100921 2.3046004515 3.3491101399 4.0623465585 3.6391854587 0.0 4.311061654 1.7787110638 3.3465997839 0.0 0.0 2.9439157022 2.0044473151 0.0 2.397450428 3.0623843287 2.4727326878 4.0926625776 0.0 4.5402696831 2.6949553967 4.6617091655 5.6292516597 2.1708164422 0.0 1.9639158859 0.0 0.0 3.7498583617 2.5122406349 3.0061364533 2.4174700379 0.0 3.350567888 1.9575800445 2.6946898838 2.4737194127 2.6978942793 1.7366531538 0.0 2.627741655 10.460542388 0.0 0.0 2.814021314 2.2961089244 2.6752038312 0.0 3.0890760289 2.2260838465 3.1374372974 2.2482452328 3.1614229266 2.9790541429
0.0 0.0 0.0 0.0 0.0 1.2219960927 0.0 1.1247392844 0.0 0.0 0.7863887799 0.7845856086 0.0 0.7139536227 0.4506710618 0.7257705189 0.5543738653 0.0 0.5142194248 0.0 0.3748839663 0.0 0.7072553178 0.0 0.7910325852 0.9594932284 0.8595460171 1.0744325213 1.0182377117 0.4201170915 0.0 0.7727216457 0.4771106438 0.6953289535 0.4734341587 0.9777692899 0.0 0.7233102798 0.0 0.0 0.0 0.0 0.6365265535 1.101057803 1.3295834736 0.5127291939 0.6596515945 0.0 0.0 1.2186666866 0.0 0.5933708123 0.710024989 0.5709867678 0.6225283446 0.0 0.4623644905 0.0 0.0 0.0 0.4101833551 0.0 0.0 2.470695063 0.0 0.0 0.6646489551 0.0 0.6318613943 0.0 0.7296146424 0.5257829054 0.7410371808 0.5310172447 0.7467023914 0.0
9.1549554937 4.4284517905 4.7793713123 9.9368906844 15.808689725 14.956469255 9.7408139126 0.0 10.970992945 8.6229216683 9.624907706 9.6028380146 14.304701919 8.738346604 5.5159324323 8.8829780361 6.7851900027 11.850358064 6.2937247204 0.0 0.0 6.5520684419 0.0 6.6622335271 9.6817449833 11.743598082 10.520306615 0.0 12.462593882 0.0 9.6744879434 9.4576305161 5.8395364087 8.5103922806 5.7945385271 11.967285664 6.9306480481 8.8528662461 7.1482770931 11.831236873 0.0 13.125197856 7.7906876162 13.476260094 16.273271627 6.2754852248 8.0737236811 5.677368609 8.9024049973 14.915719402 10.840244383 7.2624882873 8.6902625804 6.9885215578 7.6193582791 9.6859591015 5.6590526987 7.7899200608 7.1511295581 7.7991834588 5.0203881799 0.0 7.5963833744 0.0 7.1108025081 7.5279474882 8.1348882544 6.6376858722 7.7335889806 16.712043424 8.9300277079 6.4352545043 9.0698324469 6.499319549 0.0 8.6119719265
3.2248490912 1.5599298917 1.6835419073 3.5002871303 0.0 5.2684424646 3.4312187444 0.0 0.0 3.0374392453 0.0 0.0 5.03885628 3.0780978809 1.9429968506 0.0 2.3900950506 0.0 0.0 2.2464214816 1.6162528006 0.0 0.0 2.3467834169 3.4104116107 0.0 3.7057964126 4.6322455157 0.0 0.0 0.0 3.3314668975 0.0 2.9978005716 2.041136335 0.0 0.0 3.1184376252 2.5179931135 4.1675738899 3.3054963002 0.0 0.0 4.7470361976 0.0 2.2105506508 0.0 0.0 0.0 5.2540882578 3.8184950513 2.5582242065 3.0611601994 2.4617189466 0.0 3.4118960412 1.9934112149 2.7440129716 0.0 2.7472760197 1.7684405206 0.0 0.0 10.652010153 2.5047926254 0.0 2.8655286214 2.3381364625 2.72417025 0.0 3.1456178851 2.266829659 3.1948643491 0.0 3.2192890066 3.0335821796
12.979970896 6.2786952262 6.7762317988 0.0 22.413689796 21.205404632 13.810605761 0.0 15.55476367 0.0 13.646272992 13.614982403 20.281323563 12.389299399 7.8205341885 12.594359028 9.6200979696 16.801534741 8.9232944662 9.0418139347 0.0 9.2895763109 12.273063131 9.4457692711 13.726857349 16.650169563 14.9157769 0.0 17.669567699 7.2903284808 13.716568259 13.409106022 8.2793425573 12.066103892 0.0 0.0 0.0 12.551666286 10.134885821 16.774424559 0.0 0.0 0.0 19.106751957 23.072377823 8.8974343601 0.0 8.0494197224 0.0 21.147629157 15.369387289 10.296815387 12.321125476 0.0 10.802788585 13.732832161 8.0234512748 11.044612477 10.138930069 11.057746198 7.1179474881 0.0 10.770214577 42.874186624 10.081754047 10.673185617 11.533711207 0.0 10.96474581 0.0 12.661066438 9.1239565533 12.859282743 9.2147884984 0.0 12.210124346
0.0 3.0268742204 0.0 6.7919263133 0.0 0.0 0.0 0.0 7.4987416114 5.8938203545 6.5786840157 0.0 9.7773523378 5.9727140128 3.7701739728 6.0715704922 4.6377193816 0.0 0.0 0.0 0.0 0.0 0.0 0.0 6.6175326466 8.0268220066 0.0 0.0 8.5182600886 0.0 0.0 0.0 3.9913592945 5.8169058212 0.0 0.0 4.7371408563 6.0509888973 0.0 0.0 0.0 0.0 0.0 9.2111072207 0.0 0.0 0.0 3.8805165992 0.0 0.0 7.4093741599 0.0 5.9398482849 0.0 5.2078785638 0.0 0.0 5.3244585977 0.0 0.0 0.0 0.0 5.1921750742 20.669066667 4.8602775453 0.0 5.5602464941 0.0 5.2859559556 11.422785163 6.1037292342 4.3985363016 6.199286639 0.0 6.2466800293 0.0
2.0988127909 0.0 1.0956913608 2.2780747853 3.6242098856 3.4288346897 2.2331233448 3.1559389576 2.5151471612 1.9768417558 2.2065513501 2.2014917787 3.2794142339 2.0033034171 1.2645511549 2.0364607929 1.5555338938 2.7167453844 1.4428633711 1.4620275262 1.05189792 0.0 1.984508447 1.5273455947 2.2195815396 2.6922702008 2.4118253882 3.0147817352 2.8571030702 1.1788188732 2.2179178321 2.1682023373 1.3387387537 1.9510439113 0.0 2.7435515379 1.5888807742 2.029557536 1.6387731657 2.7123617694 2.1513000202 3.0090078714 1.7860485319 3.0894903943 3.7307172782 1.4386818885 1.850935763 1.3015610904 2.040914507 3.4194926113 2.485172493 1.6649565715 1.9922799486 1.6021485244 1.7467705469 0.0 1.2973620895 1.7858725665 1.6394271055 1.7879962402 1.1509455108 2.8385892334 0.0 6.932595767 1.6301819564 1.7258142313 1.8649580037 1.5217179396 1.7729584249 3.8313075934 2.0472471318 1.4753096807 2.0792979676 1.4899968668 2.0951941482 1.9743314806
1.6546053105 0.8003687025 0.8637915454 1.7959270373 2.8571566502 2.703132033 0.0 0.0 0.0 0.0 0.0 1.7355525962 0.0 1.5793102114 0.0 0.0 0.0 2.1417543098 0.0 1.1525937518 0.0 1.1841769461 1.5644931407 1.2040874455 0.0 2.1224592259 1.9013697232 0.0 0.0 0.0 1.7485021242 1.7093087659 0.0 1.5381112745 0.0 2.1628870207 1.2525988874 0.0 0.0 0.0 0.0 2.3721603113 1.408036676 0.0 0.0 1.1341891488 1.4591907178 1.0260895595 1.6089610261 0.0 1.9591931316 1.3125734686 0.0 0.0 1.3770717596 0.0 1.0227792646 1.4078979532 0.0 1.4095721576 0.0 2.2378102708 0.0 0.0 0.0 1.3605507858 0.0 0.0 0.0 3.0204227445 0.0 0.0 0.0 1.1746434647 1.6517525427 0.0
3.1186259026 0.0 1.6280877808 3.384991298 0.0 5.0949054271 0.0 0.0 3.7372571389 2.9373891429 0.0 0.0 4.8728815736 0.0 0.0 0.0 0.0 0.0 2.143950667 2.172426685 1.5630151076 2.2319551824 0.0 2.2694828021 0.0 4.0004442613 3.5837313174 4.4796641468 0.0 1.7516069506 0.0 3.2217318288 1.9892318992 0.0 0.0 0.0 0.0 0.0 0.0 0.0 3.1966166761 0.0 0.0 0.0 5.5434727621 0.0 2.7503054297 1.9339896098 0.0 5.081024033 0.0 0.0 2.9603287534 0.0 0.0 0.0 0.0 2.6536280267 2.4360247178 2.6567835934 0.0 4.2178597103 2.5876999592 0.0 0.0 2.564387347 0.0 2.2611206694 0.0 0.0 3.0420044904 2.1921626381 0.0 2.2139863278 3.1132489614 0.0
0.2444240955 0.1182332698 0.1276023145 0.0 0.0 0.0 0.2600656695 0.0 0.2929096738 0.0 0.0 0.2563819122 0.3819148908 0.2333012395 0.1472674331 0.0 0.1811547779 0.0 0.0 0.1702651886 0.1225022064 0.1749307688 0.2311124099 0.0 0.0 0.3135371156 0.2808769994 0.3510962492 0.0 0.1372832003 0.2582948619 0.2525050816 0.1559071921 0.2272151882 0.1547058136 0.3195092511 0.1850382977 0.2363587487 0.190848679 0.3158769448 0.2505366671 0.3504238351 0.2080001126 0.35979669 0.4344728602 0.1675463961 0.215556767 0.1515775459 0.2376813618 0.3982281755 0.0 0.1938979531 0.2320174655 0.1865834369 0.2034258667 0.0 0.1510885376 0.0 0.1909248357 0.0 0.1340371169 0.3305771762 0.2028124699 0.8073580726 0.1898481617 0.2009853305 0.0 0.1772166305 0.0 0.4461874337 0.2384188483 0.1718120053 0.242151433 0.0 0.2440026746 0.0
0.0 1.662907534 0.0 0.0 5.9362482624 0.0 3.6577281652 0.0 4.1196670272 0.0 3.6142047595 3.6059174713 0.0 3.2812962836 2.0712623807 0.0 2.5478754447 4.4498733728 2.3633275803 2.394717369 1.7229485589 2.4603370412 3.2505111988 2.5017046249 3.6355474636 4.4097844235 3.9504318794 4.9380398492 4.6797712249 0.0 3.632822406 0.0 0.0 0.0 0.0 0.0 0.0 0.0 2.6842166056 0.0 3.5237062449 0.0 2.9254452221 0.0 6.1107012726 0.0 3.0317267911 0.0 0.0 5.6009330896 4.0705702371 2.7271035251 3.2632404734 2.6242275404 2.8611101319 0.0 2.1250048128 2.9251570009 0.0 2.9286354568 0.0 4.6494466204 0.0 0.0 2.6701446968 2.8267848869 3.0546944184 0.0 2.9040043764 0.0 0.0 2.4164727775 3.4057710056 0.0 3.4318080392 3.2338419106
0.695518799 0.3364376237 0.3630976248 0.754923853 1.2010152206 1.1362704648 0.7400275402 1.0458364286 0.8334865027 0.6550992113 0.0 0.7295452575 1.0867545021 0.6638682558 0.4190555272 0.0 0.5154833582 0.9002934875 0.4781458372 0.4844965847 0.3485850578 0.4977726846 0.6576398513 0.5061421287 0.735539965 0.8921827353 0.7992470337 0.9990587922 0.9468061681 0.390644983 0.7349886343 0.7185135769 0.4436403162 0.6465501468 0.4402217444 0.9091766922 0.5265340733 0.6725685236 0.5430677519 0.8988408154 0.7129123726 0.0 0.5918728604 1.0238162537 1.2363103618 0.0 0.0 0.4313201303 0.0 1.1331746236 0.8235532941 0.5517445863 0.6602152241 0.5309308302 0.5788566557 0.7358601193 0.429928637 0.5918145478 0.5432844589 0.5925183051 0.3814081194 0.9406709275 0.5771112099 2.2973705435 0.0 0.5719120098 0.6180224156 0.5042771982 0.0 1.2696446618 0.6784306217 0.4888981151 0.6890518447 0.4937652543 0.6943196287 0.6542673392
0.0 2.0591319546 2.2223017563 0.0 7.3506904248 6.95442679 4.5292626272 6.4009345509 5.1012686181 4.0094675044 4.4753688094 4.465106892 6.6513694208 0.0 0.0 4.130387953 3.1549630014 5.5101539132 2.9264425352 2.965311634 2.1334790788 3.0465666412 4.0250172311 3.0977909647 4.5017968839 0.0 0.0 0.0 5.7948300025 2.3909025353 4.4984225212 4.3975886227 0.0 3.9571438327 2.6943320166 5.5645226563 0.0 0.0 0.0 5.5012629832 4.3633070265 6.1029261678 3.6224971113 6.2661623293 0.0 2.917961574 3.7541026098 2.639850601 4.1394210595 0.0 5.0404734341 3.3768961275 4.0407795364 0.0 0.0 0.0 2.6313341086 3.622140215 3.3251167859 3.6264474898 2.3343692592 5.7572798917 3.5321499444 14.060820684 3.3063656013 0.0 3.7825427811 3.0863768492 0.0 7.7707298776 0.0 0.0 0.0 3.0220395749 4.2495120451 4.0043761171
2.6947881828 1.3035278611 1.4068220586 2.9249531152 4.6533345014 4.4024808895 2.8672373384 0.0 0.0 2.5381824553 2.8331200042 2.8266237254 4.2106312495 2.572158126 1.6236309992 2.6147308151 1.997240713 3.4881878886 1.8525764559 1.8771824327 1.3505931051 1.9286206932 2.5480261673 1.9610481113 0.0 3.4567627725 3.096683317 3.8708541463 3.6684013096 1.5135543213 2.8477140935 2.7838814694 1.7188847852 2.5050590978 1.7056395259 3.5226058729 2.0400567182 2.6058673208 2.1041164702 3.4825595096 2.7621795986 3.8634407457 0.0 3.966776952 0.0 1.8472076065 2.3765244061 1.6711502145 2.6204491985 0.0 3.1908579438 2.1377348725 0.0 2.0570919566 2.2427806083 2.8510906628 1.6657588722 2.2929859724 2.1049561017 2.295712681 1.4777660852 3.6446303145 2.2360178773 8.9011641391 2.0930857154 2.2158735721 2.3945283788 0.0 2.2764047526 4.9192393301 2.6285800249 1.8942361657 2.6697319627 1.9130939008 2.6901419963 2.5349593665
7.3766758263 3.5682591023 3.8510152069 8.0067261224 0.0 0.0 7.8487357549 11.09214634 8.8399619748 6.9479854781 0.0 7.7375606135 11.52612363 0.0 4.4445049963 7.1575278973 5.4672190492 0.0 0.0 0.0 3.6970948489 5.279379558 6.974931519 5.368145923 7.8011405106 0.0 8.476817997 10.596022496 10.041830907 4.1431826237 7.7952930949 0.0 4.7052513901 6.8573140582 4.6689940008 9.6427324989 5.5844229885 0.0 5.7597792659 9.5331101389 7.5611521538 10.575729156 6.2774064875 10.858600255 0.0 5.0565205029 6.5054649744 4.5745834378 0.0 12.018455669 0.0 5.8518058143 7.0022459361 0.0 0.0 0.0 4.5598252522 0.0 0.0 6.284252078 4.0452164023 0.0 6.1208443498 24.365923359 0.0 6.0657016079 6.5547488 5.3483664612 6.2313988225 13.465857569 7.1954385323 0.0 7.3080872765 0.0 7.3639574198 6.9391626394
3.1648133371 1.5308892871 1.6522000661 3.4351236539 5.4649694494 0.0 3.3673410871 4.7588606984 3.7926066179 2.980892427 0.0 3.3196436447 4.9450498635 3.0207941366 0.0 3.0707923573 0.0 0.0 2.1757029784 2.2046007315 1.5861636544 2.2650108572 2.99245308 2.303094268 0.0 4.059691591 3.6368070503 4.5460088129 0.0 1.777548578 3.3444125964 0.0 2.0186927966 2.941991691 2.0031372982 4.1370190499 2.3958835619 3.0603828917 2.4711166206 4.0899877969 3.2439591685 4.5373023664 0.0 0.0 5.6255726333 2.1693976939 2.7910379688 1.9626323586 3.0775081416 5.1562749518 3.7474076225 2.5105987471 3.0041717774 2.4158900879 2.633966568 3.3483781071 1.956300658 0.0 0.0 2.6961310566 1.7355181552 4.2803270036 2.6260242809 10.453705847 2.4581618808 0.0 2.8121821959 2.2946082906 2.673455438 5.777253418 3.0870571473 0.0 0.0 2.2467758805 0.0 2.9771071667
1.9319930781 0.0 0.0 2.0970068105 3.3361471986 3.1563009884 0.0 2.9050957986 0.0 1.8197166538 2.0311682649 0.0 0.0 1.8440750657 1.1640409706 1.8745969973 0.0 0.0 1.3281804159 0.0 0.96829003 1.3826993354 0.0 1.405947748 2.0431627772 2.4782807761 0.0 2.7751581607 0.0 1.0851229387 2.041631306 1.9958673426 1.2323319244 1.7959692966 1.2228359093 2.5254861242 1.4625919334 1.8682424312 0.0 2.4967754087 0.0 2.7698432203 0.0 0.0 3.4341890754 1.3243312897 1.7038180336 0.0 1.8786967174 3.1477014455 2.2876437933 0.0 0.0 1.4748051244 1.6079321702 2.0440520931 0.0 0.0 0.0 1.6458811261 1.0594650318 2.6129699487 1.6030837188 6.3815729984 0.0 1.5886415231 1.7167257459 1.4007673952 1.6320385599 0.0 0.0 1.358047799 1.9140293494 0.0 1.9286620556 1.8174059025
0.0 2.3148494992 2.498282879 5.1942320956 8.2635510612 7.8180766104 0.0 7.1958477971 5.7347801725 4.5073914879 5.0311517065 5.0196153916 7.4773834374 4.5677266496 2.8832996343 0.0 0.0 6.1944437305 3.2898688314 3.3335649692 2.3984295742 3.424910797 4.5248722895 3.4824965186 5.0608618058 6.1386379312 5.49919648 6.8739956 6.5144729065 2.687821693 0.0 4.943712227 3.0524545757 4.4485698931 3.0289331897 0.0 3.6228027135 4.6275885943 3.736562219 0.0 4.9051733001 6.8608306289 4.0723643792 7.0443386095 0.0 3.2803346445 0.0 2.9676858872 4.653483593 7.7967757631 5.6664350134 3.7962629311 4.5425920691 3.6530544744 0.0 0.0 2.9581117567 0.0 0.0 4.0768053436 2.6242677156 6.4722595579 3.9707972632 15.806992673 3.7169734262 3.9350243148 4.2522856502 3.4696649176 4.042517662 8.735753979 4.6679225935 3.3638495734 4.7410016165 3.3973377863 4.7772464545 4.5016678162
2.7252201798 1.3182484823 1.4227091716 0.0 4.7058841831 0.0 2.8996167879 4.097854068 3.2658128579 0.0 2.8651141698 2.8585445291 0.0 0.0 1.6419665158 2.6442587314 2.01979537 3.5275796759 1.8734974327 1.8983812826 1.3658452297 0.0 2.5768007942 1.9831940486 2.882033323 3.4957996789 3.131653879 3.9145673487 3.7098282306 1.530646752 2.8798730688 2.8153195887 1.7382959942 0.0 1.7249011573 3.5623863394 2.0630948924 2.6352951425 2.1278780654 0.0 2.7933726406 3.9070702293 2.3191089373 4.011573402 4.844179555 1.8680679534 2.4033622792 0.0 2.650041692 0.0 0.0 2.1618761172 2.5868917624 2.0803225083 2.268108125 2.8832877693 1.6845701351 2.3188804536 2.1287271787 2.3216379547 1.4944543627 3.6857887918 2.261269023 9.0016841731 0.0 2.24089723 2.4215695692 1.975886775 2.3021119836 4.9747918507 0.0 1.9156276018 2.699881002 1.9346982956 2.7205215243 2.5635864312
2.8277435274 1.3678412632 1.4762317853 3.0692643273 0.0 4.619690304 0.0 4.2520161868 3.388673414 2.6634111931 2.9729003583 2.9660835663 4.4183751946 2.699063154 0.0 0.0 2.0957804902 3.660287954 0.0 1.9697987796 1.4172286102 2.0237748988 0.0 2.0578022195 2.9904560136 3.6273123869 0.0 0.0 3.8493927371 1.5882299999 2.9882144901 2.9212324948 1.8036910495 0.0 1.7897922961 3.6964040514 0.0 2.7344354916 2.207929279 3.6543818823 2.8984598979 4.0540550206 0.0 0.0 5.0264185932 1.9383450567 2.493777266 0.0 2.7497368094 4.6071036638 3.3482883571 2.2432063445 2.6842111663 2.1585846719 2.3534348224 2.9917576524 0.0 2.4061172166 2.2088103361 0.0 1.5506760454 3.8244489296 2.3463384321 0.0 2.1963542893 2.325200248 2.512669518 2.0502200447 2.3887179133 0.0 2.7582687942 1.987693909 2.8014510845 0.0 2.8228681075 2.6600290837
0.0 1.0867547773 1.1728714349 2.4385414889 3.8794978232 3.6703604742 2.3904236864 3.3782420727 2.692313151 2.1160897217 2.3619799707 2.3565640051 3.5104148996 2.1444153322 1.3536256474 2.1799083006 0.0 2.9081118747 1.5444981068 1.5650121777 1.1259932011 0.0 2.1242964516 1.6349312255 2.3759280016 2.8819126686 2.5817134323 3.2271417904 3.0583563014 1.2618544171 2.3741471032 2.3209296683 1.4330389918 2.0884746871 1.4219963826 2.9368062433 1.7008009192 2.172518781 1.7542077113 2.9034194796 2.3028367586 3.2209612179 1.9118570972 3.3071128984 3.9935075551 1.5400220823 1.9813149597 1.3932425484 0.0 3.6603603435 2.6602270787 1.7822354661 2.1326153748 1.7150032445 1.8698123862 2.3769621583 1.3887477715 0.0 1.7549077144 1.9139420013 1.2320176658 3.0385383572 1.8641742787 7.4209251218 1.7450113406 1.8473799158 1.9963249215 1.6289071605 1.8978449281 4.1011834131 2.1914544251 1.579229922 2.2257629093 1.5949516678 2.2427788107 2.1134026237
5.3370223066 2.5816341768 2.7862081168 5.7928634692 0.0 8.7191041067 5.6785574952 8.0251638868 6.3957093087 5.0268649939 5.6109881869 5.5981223204 8.3391462997 5.0941537379 3.2155977659 0.0 0.0 6.9083487488 3.6690237596 3.7177558448 2.6748467931 3.819629211 5.0463604448 3.8838516441 0.0 6.8461113727 6.1329747713 7.6662184642 7.2652610485 2.9975911377 5.6398917499 5.5134713726 3.4042476881 4.9612642542 3.3780154799 6.976513494 4.0403280232 0.0 4.1671982268 6.897201756 5.4704908632 7.65153624 4.5417013355 0.0 9.4867543307 3.6583907648 4.7067015687 3.3097094716 5.1897941051 8.6953483526 6.3194874209 4.2337794015 5.0661224158 4.074066277 4.4418222596 5.6465790381 0.0 4.5412538772 4.1688611152 4.5466541177 2.9267126118 0.0 0.0 17.628736785 4.1453518403 4.3885329312 4.7423583988 3.8695412106 0.0 9.7425431072 5.2058971896 3.7515307269 5.2873985155 0.0 5.327820544 5.0204816733
5.2897128745 2.5587495719 0.0 5.7415132844 0.0 8.6418145919 0.0 0.0 0.0 0.0 0.0 5.5484983966 8.265224878 5.0489971868 3.1870934623 0.0 0.0 0.0 3.6365001124 0.0 0.0 0.0 0.0 0.0 0.0 6.7854247907 0.0 0.0 0.0 0.0 0.0 0.0 3.3740711185 0.0 3.3480714428 0.0 4.0045129912 0.0 4.1302585683 0.0 0.0 0.0 0.0 0.0 0.0 3.6259613725 4.6649795436 0.0 0.0 0.0 0.0 0.0 5.0212143451 0.0 0.0 0.0 0.0 4.5009984445 4.1319067161 4.5063508152 2.900769098 7.1541978771 4.3891733786 17.472468836 0.0 0.0 0.0 3.8352400991 0.0 0.0 0.0 0.0 0.0 0.0 5.2805926799 0.0
0.0 0.0 1.927332231 0.0 6.3750219949 0.0 0.0 0.0 4.4241693995 3.4772847245 3.8813462337 3.8724463963 0.0 0.0 2.2243583238 0.0 0.0 0.0 0.0 2.5717212665 1.8502991239 0.0 3.4907705121 0.0 0.0 0.0 0.0 5.3030316892 0.0 0.0 3.9013399909 3.8138899307 0.0 0.0 2.3367091899 0.0 0.0 3.5700123172 0.0 4.7710718981 0.0 5.2928754042 0.0 5.4344449793 6.5623695801 0.0 0.0 2.2894591762 3.5899893446 6.0149222304 4.3714436537 2.928675518 3.5044406624 0.0 0.0 0.0 2.2820730909 0.0 2.883768928 0.0 2.0245248421 4.9931072892 0.0 0.0 0.0 3.0357247595 3.2804800682 0.0 3.1186518749 0.0 3.601128496 0.0 3.6575062415 2.6209196206 0.0 0.0
0.0 0.2638591201 0.0 0.0 0.9419244374 0.8911468397 0.5803840055 0.8202218196 0.0 0.0 0.0 0.0 0.8523127812 0.5206542953 0.3286541544 0.5292718268 0.404279949 0.7060763445 0.3749971199 0.3799778431 0.0 0.0 0.5157695226 0.3969538701 0.5768645192 0.6997152964 0.6268282863 0.7835353579 0.0 0.0 0.5764321251 0.5635111738 0.3479353534 0.507072161 0.0 0.7130432068 0.0 0.527477685 0.4259136587 0.7049370523 0.5591182976 0.782034743 0.0 0.0 0.9696054821 0.3739103615 0.4810542663 0.0 0.5304293376 0.0 0.0 0.0 0.0 0.0 0.4539819482 0.0 0.3371816464 0.0 0.4260836162 0.4646964182 0.0 0.7377433016 0.0 1.8017668882 0.4236808217 0.4485354464 0.4846986168 0.3954912545 0.460788122 0.995748691 0.5320751733 0.3834298468 0.5404051173 0.0 0.5445365008 0.5131245507
4.6420375365 2.2454548746 2.4233892833 5.0385192572 8.0158260909 7.583706086 4.9390981584 6.9801304659 5.5628627684 4.3722687769 4.8803276966 4.8691372177 7.2532262227 4.4307952093 0.0 4.5041308511 3.4404434524 6.0087465191 3.1912450494 3.2336312632 2.3265293838 3.3222387231 0.0 3.3780981383 4.9091471458 5.9546136676 5.3343414105 6.6679267631 6.3191818513 2.6072460974 4.9054674499 0.0 2.960948005 4.3152105376 2.9381317439 6.0680348803 3.51419823 0.0 3.6245474498 5.999051083 4.7581258745 0.0 3.9502829232 6.8331632251 8.251393225 3.1819966786 4.0937968964 2.8787205148 4.5139813286 7.5630437961 0.0 3.6824584523 4.406414114 3.5435431028 3.8634100581 4.9112839224 2.8694333978 3.9498937328 3.6259937976 0.0 2.5455973429 6.2782339756 0.0 15.333130194 3.6055458904 3.8170600433 4.1248105093 3.3656512034 3.9213309518 8.4738732961 4.5279874764 3.2630079946 4.5988757343 3.2954922969 4.6340340235 4.3667166895
0.6549621216 0.3168194736 0.0 0.7109031835 1.1309823374 0.0 0.0 0.0 0.0 0.0 0.6885833553 0.6870044496 1.0233843217 0.625157166 0.0 0.635504361 0.4854248 0.0 0.4502644823 0.4562449089 0.3282585738 0.4687468607 0.0 0.4766282708 0.0 0.8401583078 0.7526418174 0.0 0.8915965715 0.3678659257 0.0 0.6766160418 0.4177710267 0.0 0.4145517966 0.0 0.0 0.0 0.5114007091 0.8464281459 0.0 0.0 0.0 0.9641160909 0.0 0.0 0.0 0.4061692481 0.0 1.0670976208 0.7755307456 0.5195715851 0.0 0.0 0.0 0.0 0.0 0.0 0.0 0.0 0.0 0.8858190854 0.0 0.0 0.5087197093 0.0 0.0 0.0 0.5532749832 0.0 0.0 0.0 0.0 0.0 0.0 0.6161160924
8.2174648021 3.9749670811 4.2899515527 0.0 14.189839751 0.0 8.7433298312 0.0 9.8475354063 0.0 0.0 0.0 12.839864115 7.8435177207 4.9510869435 7.9733385269 0.0 10.636851304 5.6492313261 0.0 0.0 5.8811199944 7.7699299256 0.0 0.0 0.0 9.4430005011 11.803750626 11.18639262 4.6154200321 8.6837958096 8.4891451336 5.2415530509 0.0 0.0 10.741805221 6.2209320876 0.0 0.0 10.619688172 0.0 0.0 6.9929014199 12.096256837 14.606847287 0.0 7.2469538729 5.0959916457 7.9907761179 13.388311857 0.0 6.5187910436 7.8003576232 6.2728792029 6.839116642 8.694092292 5.0795513312 6.9922124641 6.418835731 0.0 4.506287681 11.113905544 6.8184944259 27.143136324 6.3826382734 6.7570665482 7.3018550386 0.0 0.0 15.000687737 8.0155701928 0.0 8.1410585715 0.0 0.0 7.7300841311
2.608113132 1.2616012472 1.3615730946 0.0 4.5036648512 4.2608796841 2.7750156403 3.9217627578 0.0 2.4565444643 2.7419956546 2.7357083218 4.0752006876 0.0 0.0 2.5306307259 0.0 0.0 1.7929902667 1.8168048179 0.0 0.0 0.0 0.0 2.7581877649 0.0 2.9970817284 3.7463521605 3.5504110081 0.0 2.7561203403 2.6943408259 1.6635986491 2.424486485 0.0 3.4093049296 1.9744404219 2.5220523167 0.0 3.3705466157 0.0 3.7391772042 2.2194531358 0.0 4.6360174509 0.0 2.3000859776 1.6173994111 0.0 4.2492706462 0.0 2.0689768602 2.4757289068 1.9909277397 2.1706439096 2.7593883057 1.6121814757 2.2192344705 2.0372523844 2.2218734773 0.0 3.5274045822 2.1640986948 8.6148674797 0.0 0.0 2.3175108714 1.890979776 0.0 4.7610171285 0.0 1.8333100354 2.583862819 0.0 2.6036163852 0.0
0.0 0.0 0.0 0.0 4.2262272646 3.9983983015 2.6040673865 3.6801718688 0.0 0.0 0.0 0.0 3.824157619 0.0 0.0 0.0 0.0 3.1680238664 1.6825373558 1.7048848681 1.2266286471 0.0 2.3141550765 0.0 0.0 3.1394831108 0.0 3.5155670251 3.3316963625 1.3746324355 0.0 2.5283623526 0.0 2.275131748 0.0 0.0 1.8528097047 2.3666872681 1.9109897196 0.0 2.5086523923 3.508834065 2.0827289918 3.602685537 4.3504265964 1.6776612873 2.1583946387 0.0 2.3799307453 3.9875044109 0.0 0.0 2.323217502 1.8682813604 2.0369265421 2.5894027367 0.0 2.0825237968 0.0 2.0850002339 1.3421290299 0.0 2.0307845297 0.0 1.9009714249 2.0124891736 2.1747461132 0.0 0.0 4.4677259654 2.3873152822 0.0 2.4246900811 0.0 0.0 0.0
0.0 0.7147996625 0.7714418408 1.6039208382 2.5516922425 2.4141347092 1.5722719421 2.2219974036 1.770836045 1.3918321323 1.553563436 1.5500011509 2.3089324638 1.4104629561 0.8903307132 1.433808022 1.0952025117 1.9127750161 1.0158747388 1.029367618 0.7406082559 1.057574189 1.3972300085 1.0753560165 1.5627375828 1.8955428087 1.6980904328 2.122613041 2.0115964501 0.8299693089 1.5615662186 1.5265631017 0.9425638692 1.373668681 0.935300728 1.931648386 1.1186810019 0.0 1.1538086662 1.9096886506 1.5146627116 2.1185478451 1.2575006215 2.1752130592 2.6266807492 1.0129306884 1.303185681 0.9163882453 0.0 2.4075572456 1.7497318234 1.1722435791 1.4027016785 1.1280224076 1.2298462271 0.0 0.9134318607 1.2573767298 1.1542690846 1.2588719417 0.8103445507 1.9985614396 1.2261378308 4.8810227325 0.0 1.2150915441 1.3130582998 1.0713937615 0.0 2.6975032278 1.4414023441 0.0 1.46396833 0.0 1.475160331 1.3900647264
0.0 0.6592315517 0.7114703999 1.4792329633 0.0 2.2264612783 0.0 0.0 0.0 1.2836319103 1.4327903163 0.0 0.0 0.0 0.0 0.0 0.0 0.0 0.0 0.9493451769 0.6830338 0.0 0.0 0.0 1.4412512702 0.0 0.0 0.0 0.0 0.7654479766 1.4401709673 0.0 0.0 1.2668804752 0.0 0.0 0.0 0.0 1.0641122503 0.0 0.0 0.0 0.0 0.0 0.0 0.9341860447 1.2018767827 0.8451487551 0.0 0.0 0.0 0.0 0.0 0.0 0.0 0.0 0.8424221981 0.0 1.0645368761 0.0 0.0 1.8431944335 0.0 0.0 0.0 0.0 0.0 0.9881042324 0.0 2.4878008928 1.3293485626 0.9579697404 1.3501602818 0.9675066398 0.0 0.0
7.108262977 3.4384219486 3.7108894932 7.7153878254 12.274480631 11.612783562 7.5631462052 10.688539801 8.5183049795 6.6951712535 7.4731521252 7.4560163597 11.106726091 6.7847916561 4.282784151 6.8970891167 5.2682850202 9.2010782084 4.886692289 4.9515974846 3.5625697883 5.0872803871 6.721136817 0.0 7.5172827945 9.1181856119 8.1683746107 10.210468263 9.6764418738 3.9924259035 7.5116481469 7.3432716187 4.5340428455 6.6077990668 4.4991047427 9.2918653378 5.3812242955 6.8737091536 5.5501999377 9.1862317732 7.2860268207 10.190913331 6.0489924157 10.463491686 12.635200062 4.8725304364 6.2687526082 4.408129468 6.9121729639 11.581143794 8.4167867187 5.6388779442 6.7474573528 5.4261595359 5.9159656649 0.0 4.393908284 6.0483964559 5.5524147022 6.0555889178 3.8980243491 9.6137391778 5.8981270566 23.479327951 5.5211032145 5.8449907769 6.3162431582 5.153757085 6.0046588176 12.975879525 6.933620309 4.9965815095 7.0421701378 5.0463240982 7.0960073512 6.6866694487
6.0963239545 0.0 0.0 6.6170179368 0.0 0.0 6.4864495772 9.1669091922 7.3056310474 0.0 6.4092671393 6.3945708376 0.0 0.0 3.6730829594 5.9152130041 0.0 7.8912040353 0.0 0.0 3.0553989927 0.0 5.7643094398 0.0 0.0 0.0 7.0055170959 0.0 8.298894481 0.0 6.4422828311 6.2978765443 0.0 5.6671065586 3.8586079476 7.9690666234 4.6151481288 5.8951614346 4.7600682391 7.8784711527 6.2487811697 8.7401252962 0.0 0.0 0.0 0.0 0.0 0.0 0.0 0.0 7.2185650219 0.0 0.0 4.6536863459 0.0 0.0 0.0 0.0 0.0 5.1935095673 0.0 8.2451181999 0.0 0.0 0.0 0.0 0.0 4.4200633649 0.0 0.0 0.0 4.2852634526 0.0 4.3279246394 6.0858130511 5.7347488785
7.9520093142 3.8465604677 4.1513697382 8.6311994997 13.73145375 12.991213655 8.4608868951 0.0 9.5294224141 0.0 0.0 0.0 0.0 0.0 0.0 0.0 0.0 10.293240395 0.0 5.5393489866 0.0 0.0 0.0 5.7868269373 8.4095795264 0.0 9.1379555309 11.422444414 10.825029428 4.4663243431 8.4032760497 8.2149133337 0.0 0.0 0.0 10.3948039 6.0199722293 0.0 6.2090051737 0.0 0.0 0.0 0.0 11.705501557 14.13499035 0.0 7.0128495935 4.9313716588 7.7326435401 12.955818267 9.4158539997 0.0 0.0 0.0 0.0 8.4132399164 4.9154624292 0.0 6.2114828294 6.7743835074 4.3607173836 10.754883962 6.5982310225 26.266309387 6.1764546879 0.0 7.0659772419 0.0 0.0 14.51610825 7.7566366716 5.5896725869 7.8780712966 0.0 0.0 7.4803728997
5.4248431521 2.6241150366 0.0 5.8881851932 9.3675673528 8.862577199 5.7719983113 8.1572181742 6.5009508772 0.0 5.7033171482 5.6902395735 8.4763671761 5.1779781745 3.2685105136 5.263680703 4.0206193844 0.0 3.7293976441 3.7789316171 2.718861469 3.8824813122 5.1293984415 3.9477605272 5.736996538 6.9587643192 6.233893036 7.7923662949 7.3848111143 0.0 5.7326963201 5.6041956922 3.4602646752 5.0429019908 0.0 7.091312211 0.0 5.2458377176 4.2357695856 7.0106953962 0.0 7.7774424744 4.6164351529 7.9854672515 9.642859128 3.7185896831 0.0 3.3641708298 5.2751923065 8.8384305434 6.4234747562 4.3034463553 5.1494855962 0.0 0.0 0.0 3.3533175886 4.6159803317 4.2374598368 0.0 2.9748717465 7.3369580322 0.0 17.918818122 4.2135637162 4.4607463585 4.8203940336 3.9332146152 4.5826008931 9.9028569158 0.0 0.0 5.3744028001 3.8512245278 5.4154899742 5.1030938341
0.0 0.0 0.0 5.2020229517 8.2759456051 7.8298029848 5.0993755644 7.2066408872 5.7433817996 4.5141521482 5.0386979575 5.0271443393 7.4885988043 4.5745778069 2.8876243107 0.0 3.5520883994 6.2037348094 0.0 3.3385650009 0.0 0.0 4.5316591693 3.4877199336 5.0684526192 0.0 5.5074447538 6.8843059423 0.0 2.691853171 5.0646535145 4.9511273271 3.0570329684 4.4552423266 0.0 6.264947122 0.0 4.6345295388 0.0 0.0 0.0 0.0 4.07847254 7.0549044502 0.0 0.0 4.2266436483 0.0 4.6604633776 0.0 5.6749341292 3.8019569659 4.5494055269 0.0 3.9887805858 0.0 2.9625486441 0.0 3.7436599912 0.0 0.0 0.0 3.9767530829 15.830701665 0.0 3.9409264786 0.0 3.4748690863 4.0485810556 8.7488567825 0.0 3.3688950291 0.0 0.0 4.7844118717 4.5084198915
1.6414816417 0.7940204975 0.8569402957 1.781682461 2.8344948243 2.6816918688 1.746525936 0.0 1.9670967841 1.546088086 0.0 1.7217868858 2.5648301191 1.5667837533 0.9890055534 1.5927161394 1.2165831754 2.1247667696 1.1284635511 1.1434518383 0.8226894424 1.1747845274 1.5520842057 1.1945371045 1.7359348891 2.1056247266 1.8862888176 2.357861022 2.2345405262 0.9219543295 1.7346337034 1.6957512111 1.04702768 1.5259115899 1.0389595691 2.1457318643 1.2426637731 1.5873171016 1.2816846162 0.0 1.6825319077 2.3533452827 1.3968686912 2.4162906699 0.0 1.1251932133 1.4476169996 1.0179510268 1.5961993895 2.6743854286 1.9436535938 1.3021626599 1.5581622977 1.2530404815 1.3661493762 1.7366904796 1.0146669878 1.3967310687 1.2821960626 0.0 0.9001545706 2.2200608531 1.3620299805 5.421983671 1.2749654308 1.3497594401 1.458583795 1.190135715 1.3866309175 2.9964659571 1.6011521359 1.1538398123 0.0 1.1653266617 0.0 1.5441247995
0.0 4.4716934121 0.0 0.0 0.0 15.102511713 9.8359280991 0.0 0.0 8.7071201949 0.0 9.6966049353 0.0 8.8236721975 5.5697927596 0.0 6.8514439967 0.0 0.0 0.0 0.0 0.0 0.0 0.0 9.7762823911 0.0 0.0 0.0 0.0 5.1921796911 9.7689544899 9.549979558 0.0 8.5934920139 5.8511193039 0.0 6.9983223674 0.0 7.2180764514 11.946762997 9.4755322708 0.0 0.0 0.0 16.432172003 6.3367622061 8.1525595634 5.73280528 0.0 15.061363958 10.946093959 0.0 0.0 0.0 0.0 0.0 0.0 0.0 0.0 0.0 0.0 12.502739568 7.6705582669 0.0 0.0 0.0 0.0 0.0 0.0 0.0 0.0 0.0 0.0 0.0 9.2284105322 0.0
0.9411050435 0.4552330503 0.0 1.0214858987 0.0 1.5374852078 1.0013297288 0.0 0.0 0.0 0.9894148794 0.0 1.4704852614 0.0 0.5670231642 0.9131464852 0.6974994622 1.2181852495 0.64697814 0.6555713233 0.4716697183 0.6735351865 0.889851118 0.0 0.9952576001 1.2072106076 1.0814595026 1.3518243783 1.2811214611 0.5285809158 0.9945115958 0.0 0.0 0.8748456618 0.0 1.2302050953 0.0 0.9100510734 0.0 1.216219642 0.0 1.3492353849 0.0 1.385323648 0.0 0.0 0.8299572927 0.5836183732 0.9151435251 1.5332962315 1.1143482532 0.7465644547 0.8933358496 0.7184014045 0.7832497394 0.9956908003 0.0 0.8007830364 0.7351170739 0.0 0.5160825347 1.2728198797 0.0 3.1085673145 0.0 0.7738529536 0.836244848 0.0 0.7949923513 1.7179535569 0.9179830662 0.6615270249 0.932354621 0.6681127408 0.0 0.8852877789
2.446398187 1.1833761987 0.0 2.6553478465 4.2244170285 3.9966856523 2.6029519764 3.6785955268 2.9316818927 2.3042274701 2.5719793809 2.5660818914 0.0 2.3350714599 1.4739740801 2.3737200446 0.0 3.1666668946 1.6818166682 1.7041546083 0.0 0.0 0.0 0.0 2.5871675063 3.1381383641 2.8112489511 0.0 3.3302692843 0.0 2.5852282713 2.5272793695 1.5604479228 0.0 0.0 3.1979124281 1.8520160837 2.365673536 1.9101711781 3.1615573071 0.0 0.0 2.0818368886 3.601142385 0.0 1.6769426883 2.1574701253 0.0 2.3789113405 0.0 2.8967431053 1.9406908304 2.3222223894 0.0 2.0360540576 2.588293608 0.0 2.0816317815 1.9109334172 2.0841071578 1.3415541506 3.3086893621 2.0299146761 8.0807062875 1.9001571746 2.0116271565 2.1738145959 0.0 0.0 4.4658122873 2.3862927143 1.7196364268 2.4236515044 1.7367559648 2.4421802591 2.301301467
2.1164220031 1.0237595164 1.1048843015 0.0 3.6546173051 3.4576028951 2.2518594336 3.1824175453 2.5362494531 1.9934276209 2.2250644977 2.2199624761 3.3069287894 0.0 1.2751608432 0.0 1.5685849513 2.7395391019 1.4549691136 1.4742940576 1.0607234301 0.0 0.0 1.54016015 0.0 0.0 2.4320608018 3.0400760023 0.0 1.1887092606 2.2365263453 2.1863937334 1.3499708821 1.9674133304 0.0 2.7665701613 1.6022116148 2.0465856908 1.6525226075 2.7351187081 2.1693496046 0.0 1.8010336262 3.1154114732 3.7620183034 1.4507525481 1.8664652665 1.3124812952 2.0580379478 3.4481824359 2.5060232949 1.6789256943 2.0089953414 0.0 0.0 2.2391782218 1.3082470643 0.0 1.6531820339 1.8029976759 1.1606020384 2.8624052309 0.0 6.9907608164 1.6438593173 1.7402939548 1.8806051549 1.5344852784 1.7878336921 3.8634525796 2.0644237039 1.4876876504 2.0967434487 1.5024980633 2.1127729996 0.0
5.4883634561 2.654841194 2.8652162068 5.9571308388 9.4772536072 8.9663504478 5.8395835073 8.2527322681 6.5770714883 5.1694110585 5.7700981461 5.7568674441 8.5756182336 5.2386078994 3.3067819945 5.3253139317 4.0676974213 7.1042477689 3.7730657218 3.8231796955 2.7506970267 0.0 5.189459339 3.9939854488 5.8041718929 0.0 6.3068866267 7.8836082834 7.4712809778 3.0825933847 5.7998213232 5.6698160621 3.5007814345 5.1019500884 3.4738053635 7.1743454518 4.1548990053 5.30726202 4.2853668485 7.0927846826 5.6256167607 0.0 4.6704896862 8.0789702881 9.7557688153 3.7621312087 4.8401688065 3.4035624118 5.3369603263 8.9419210553 6.4986881878 4.3538360556 5.2097816972 4.1895939697 4.5677783542 5.8066982419 3.3925820884 4.6700295394 4.2870768911 4.6755829137 3.009704967 7.4228675768 4.5540049801 0.0 4.2629009672 4.5129779082 4.876836752 3.9792692164 4.6362592559 10.018810956 5.3535200436 0.0 5.4373324905 3.8963190948 5.4789007605 5.162846727
1.7942160236 0.0 0.9366757268 1.9474620606 3.0982350965 2.9312143366 1.9090343385 2.6979234507 2.150128567 1.6899464163 1.8863186876 1.8819934024 2.8034789916 1.7125677462 1.0810292155 1.7409130542 1.3297821747 2.3224692178 1.2334633139 1.2498462111 0.899237946 1.2840943022 1.6965004549 1.3056847907 1.8974578301 2.3015460717 2.0618016892 0.0 2.4424570557 1.0077390992 1.8960355733 1.8535351951 1.1444501071 1.6678925646 1.1356312854 2.3453850445 1.3582894849 1.735011654 1.4009410871 2.3187217886 1.8390858797 2.5723161978 1.5268426554 0.0 3.1892852707 1.2298886821 1.5823129243 1.1126679684 0.0 2.9232280566 2.1245040662 1.4233245443 1.703144093 1.3696317114 1.4932650108 1.8982837258 1.1090783606 1.5266922275 1.4015001219 1.5285076965 0.9839109456 2.4266300973 1.4887623191 5.9264811346 1.3935967039 1.4753500459 1.5943001434 1.3008738666 1.5156522911 3.275277102 1.750133992 1.2612007514 1.77753335 1.2737564137 1.7911225477 1.6878004526
13.013098906 0.0 0.0 14.124562526 22.470894928 21.259525929 0.0 0.0 0.0 0.0 13.681101566 0.0 20.333086383 12.420919874 0.0 12.626502864 9.6446507754 16.844416302 8.9460688618 0.0 6.5219974506 9.3132855459 12.304386943 0.0 0.0 16.692664804 0.0 18.692306942 0.0 7.3089351541 13.751576243 13.443329288 8.3004734326 12.096899494 8.2365122386 17.010620324 9.8514087366 0.0 0.0 16.817236929 13.338531222 0.0 0.0 0.0 23.131264085 8.9201427545 11.476207053 0.0 0.0 21.201602998 15.408613665 0.0 12.352571955 0.0 10.830359902 0.0 0.0 0.0 10.164807059 0.0 0.0 0.0 0.0 42.983611869 10.10748511 0.0 0.0 9.4349844542 10.99273048 23.754946067 0.0 9.1472430869 12.892102728 9.238306857 12.990662529 0.0
7.0694308109 3.4196379823 3.6906170473 7.6732389598 12.207425618 11.549343374 7.5218290296 10.630148721 8.4717698085 6.6585957915 7.4323265838 7.4152844304 11.046050475 6.7477266014 4.2593874667 0.0 5.2395045826 9.1508130735 4.8599964778 4.9245470988 3.5431076071 5.0594887709 6.6844195062 5.1445579389 7.476216169 9.0683733161 8.1237510957 0.0 9.6235798457 3.970615435 7.4706123033 7.3031556095 4.5092735445 6.5717009158 4.4745263073 9.2411042364 5.3518268751 6.836158346 5.5198794098 9.1360477438 7.2462235376 10.135240765 6.0159470038 10.406330035 12.566174452 0.0 6.2345066548 4.384048027 6.8744120299 11.517876453 8.3708061379 5.6080729718 6.7105962539 5.396516636 5.8836469729 7.4794702992 4.3699045328 6.0153542997 5.5220820752 6.0225074695 3.8767295926 9.561219692 5.8659058164 23.351061289 0.0 5.813059818 6.2817377658 0.0 5.9718555984 0.0 6.8957422091 4.9692853778 7.0036990343 5.0187562246 7.0572421371 6.6501404318
1.834196248 0.8872407588 0.95754752 1.9908570416 3.1672725663 2.9965301099 1.9515730408 2.758040841 2.1980395328 1.727603218 1.9283512207 1.9239295559 2.8659484589 1.7507286154 1.105117614 1.7797055372 1.3594134951 2.3742204224 1.2609483767 1.2776963314 0.9192755192 1.3127075671 1.7343032992 1.3347791529 1.9397385749 2.3528310492 2.1077444816 2.634680602 2.4968819298 1.030194386 1.9382846263 1.894837219 1.169951703 1.7050579439 1.160936373 2.3976468787 1.388556029 1.7736726371 1.43215803 2.3703894899 1.8800659318 2.6296347021 1.5608650425 2.6999700565 3.2603515968 1.2572940919 1.6175713463 1.1374613682 1.7835977309 2.9883658729 2.1718440454 1.4550402541 1.7410949764 1.4001509925 1.5265391926 1.9405828739 1.1337917737 1.5607112626 1.4327295216 1.5625671854 1.0058352735 2.4807023019 1.5219361682 6.0585399517 1.4246499931 1.5082250315 1.6298256747 1.3298610278 1.5494253251 3.34825957 1.7891319437 1.289303883 1.8171418371 1.3021393211 1.8310338407 0.0
2.4548556382 0.0 0.0 2.6645276582 4.2390212744 0.0 0.0 0.0 2.9418170198 0.0 0.0 0.0 0.0 0.0 1.4790697607 0.0 1.8194148454 0.0 0.0 1.7100460468 1.2303420061 0.0 0.0 1.7864446799 0.0 0.0 0.0 0.0 0.0 1.3787938447 0.0 0.0 1.5658425524 0.0 1.553776595 0.0 0.0 0.0 0.0 0.0 2.5162468072 0.0 0.0 3.6135919061 4.3635965935 0.0 0.0 0.0 0.0 3.9995757377 0.0 1.947399999 0.0 0.0 0.0 0.0 0.0 2.0888281975 1.9175397114 2.0913121315 1.3461920419 3.3201278429 2.0369323007 8.1086421235 0.0 0.0 0.0 0.0 0.0 0.0 2.3945423747 1.7255813875 2.4320303179 1.7427601096 0.0 0.0
0.0 0.0 0.0 0.0 0.0 5.6900784718 0.0 0.0 4.1738333897 0.0 0.0 0.0 5.4421183934 0.0 2.0984958315 3.3794635102 0.0 0.0 0.0 0.0 0.0 2.4926861381 3.2932496936 0.0 0.0 4.4677653186 0.0 0.0 4.7413019708 0.0 3.6805876196 3.59808581 0.0 3.2377160062 2.2044894664 0.0 2.6367139585 3.3680077017 0.0 4.5011068508 0.0 4.9933847678 2.9639096721 0.0 6.1910462272 2.3874620921 3.0715886565 2.1599130348 3.3868543544 0.0 0.0 0.0 3.3061463358 2.6587315086 0.0 3.6849517371 0.0 0.0 2.7205945236 0.0 0.0 0.0 0.0 11.504495695 2.7052523947 0.0 0.0 2.5252586583 0.0 0.0 0.0 2.4482451367 0.0 0.0 3.4769302681 0.0
1.6398165508 0.7932150566 0.8560710301 1.7798751528 2.8316195612 0.0 1.74475429 2.4657563354 0.0 1.5445197607 1.7239934118 0.0 2.5622283993 1.5651944346 0.0 1.5911005153 1.2153490942 0.0 0.0 1.1422919403 0.8218549203 1.173592846 1.550509798 1.1933253865 1.7341739864 0.0 0.0 2.3554692481 0.0 0.0 0.0 1.6940310701 0.0 1.5243637312 0.0 2.1435552705 0.0 1.5857069543 1.2803844972 2.1191864946 1.6808251761 2.3509580895 0.0 0.0 2.9148345034 0.0 1.4461485616 1.0169184347 1.5945802322 2.6716725778 1.9416819848 0.0 0.0 0.0 1.3647635776 0.0 0.0 0.0 0.0 0.0 0.0 2.2178088613 1.3606483606 5.4164837035 0.0 0.0 1.4571042325 1.1889284617 1.3852243428 2.9934263933 1.5995279545 0.0 1.624569488 1.1641445742 1.6369892809 1.5425584657
0.0 0.0 2.4125358346 5.0159536253 7.9799262221 7.5497415201 4.9169777962 0.0 0.0 0.0 4.8584705453 0.0 7.2207417518 4.4109513448 2.784337894 4.4839585439 3.4250350007 5.9818356044 0.0 3.2191490455 2.3161097341 3.3073596659 0.0 3.3629689079 4.887160923 5.9279451936 0.0 0.0 0.0 0.0 4.8834977071 4.7740321979 2.9476870331 0.0 0.0 6.0408584354 0.0 4.4687586844 3.6083144657 0.0 4.7368160192 6.6253505105 0.0 0.0 8.2144383397 0.0 4.0754623206 2.8658278088 4.4937649048 0.0 5.4719494095 0.0 0.0 0.0 3.8461072982 0.0 2.8565822853 0.0 3.6097543358 3.9368796324 2.5341965703 6.250116128 0.0 0.0 0.0 0.0 4.1063370351 3.3505777181 3.903768786 8.4359220063 0.0 0.0 4.5782791004 3.280733027 4.6132799289 0.0
1.7171703309 0.8306327684 0.8964537975 1.8638358075 2.9651933301 2.805344633 1.8270582158 2.5820715252 2.0577995817 0.0 1.805318001 1.8011784484 0.0 0.0 0.0 1.6661562521 1.2726798039 2.2227397274 1.1804969853 1.1961763822 0.8606236379 1.2289538209 1.6236507807 1.2496171891 1.8159788159 2.2027150452 1.9732655613 2.4665819516 0.0 0.9644656271 1.8146176325 0.0 1.0953061076 1.596271346 1.0868659762 2.2446715222 1.2999629775 1.6605082648 1.340783071 2.2191532172 0.0 2.4618579917 0.0 2.5277057896 0.0 1.1770758523 1.5143665936 1.0648887305 1.6698001149 0.0 2.0332754263 1.3622053569 1.6300091334 1.3108181557 1.4291424996 1.8167692467 1.0614532645 1.4611343133 0.0 1.4628718239 0.9416606818 2.3224278194 1.4248331586 5.6719912414 0.0 0.0 1.5258390678 1.2450128516 1.4505684444 0.0 1.6749812323 1.2070433455 0.0 1.2190598533 0.0 1.6153243665
0.0 3.5456695677 0.0 7.9560380385 0.0 11.974997219 0.0 0.0 8.7839989348 0.0 7.7062467786 0.0 0.0 6.9964156981 4.4163682225 0.0 0.0 0.0 0.0 0.0 0.0 0.0 0.0 0.0 7.7517539251 0.0 0.0 10.528942385 9.9782592097 4.1169534277 7.7459435275 0.0 4.6754639122 0.0 0.0 0.0 5.5490697497 0.0 0.0 9.4727589943 7.5132848596 0.0 6.2376661865 0.0 0.0 0.0 6.4642809063 4.5456231779 0.0 0.0 0.0 5.8147598583 0.0 0.0 0.0 0.0 4.5309584218 6.2370516381 0.0 6.2444684397 4.0196073999 0.0 0.0 24.211670304 0.0 0.0 0.0 5.3145076226 0.0 0.0 0.0 0.0 7.2618220571 0.0 7.3173385039 0.0
0.0 1.0303054188 0.0 2.3118762047 0.0 0.0 0.0 3.2027658735 2.5524661925 2.0061735661 0.0 0.0 3.3280732405 2.0330278579 1.2833142018 0.0 1.578614459 2.7570556722 1.4642721634 0.0 0.0 1.5243773534 0.0 1.55000791 0.0 2.7322173328 2.4476113607 0.0 0.0 0.0 0.0 2.2003735009 1.3586025748 0.0 0.0 2.7842595678 0.0 0.0 1.6630888113 2.7526070144 2.1832203921 0.0 0.0 0.0 0.0 0.0 1.8783994163 0.0 2.0711970104 3.4702300607 0.0 0.0 0.0 0.0 1.7726886267 2.2534954925 0.0 1.8123708308 0.0 0.0 0.0 2.8807074053 0.0 7.0354596321 1.6543701281 1.7514213672 0.0 1.5442967533 0.0 0.0 2.0776235968 1.4971999021 0.0 0.0 2.1262820373 2.0036260441
0.0 4.1931663513 0.0 0.0 14.96876763 0.0 0.0 0.0 10.388099641 0.0 0.0 0.0 13.544687305 0.0 0.0 8.4110218111 0.0 11.220743735 0.0 6.0384886636 0.0 0.0 8.1964474298 0.0 9.1673499466 0.0 0.0 0.0 0.0 0.0 0.0 8.9551427719 5.5292794715 8.058231688 5.4866723456 0.0 6.5624199071 0.0 6.7684862327 11.202638461 0.0 12.427850772 7.3767652242 0.0 0.0 0.0 7.6447634682 5.3757277127 0.0 0.0 0.0 0.0 0.0 6.6172185737 7.2145386842 0.0 5.3583849342 0.0 0.0 7.3848096792 0.0 11.723985082 7.1927844456 0.0 6.7330026876 7.1279845857 0.0 0.0 7.3227002622 0.0 0.0 6.0933468231 8.5879485714 0.0 0.0 8.154414366
1.4007035764 0.0 0.731241402 1.5203392665 2.4187215604 0.0 1.4903396193 0.0 1.6785563912 1.3193026693 1.4726060281 0.0 2.188612184 0.0 0.8439348821 1.3590911625 1.0381306507 1.8130988112 0.9629367102 0.9757264649 0.7020145794 0.0 1.324419258 1.0193183719 1.4813021028 1.7967645877 1.6096016098 0.0 0.0 0.7867189579 0.0 0.0 0.8934461274 1.3020857297 0.8865614742 1.8309886751 1.0603856583 0.0 1.0936827925 1.8101732787 1.4357324509 2.0081486569 0.0 2.0618610023 2.4898023573 0.9601460766 1.2352756541 0.0 1.3620634778 2.2820975511 0.0 1.1111570477 0.0 1.0692402761 0.0 1.4819468608 0.0 1.1918538432 1.0941192182 1.1932711384 0.7681168612 0.0 0.0 0.0 0.0 1.1517721716 1.2446338029 0.0 0.0 0.0 1.3662897386 0.9845906958 0.0 0.9943926153 0.0 1.3176273643
0.0 1.1387058539 1.2289392204 2.5551131924 0.0 3.8458178839 0.0 3.5397350943 2.8210161203 2.2172469851 2.4748917379 2.4692168682 3.6782262929 2.2469266692 1.4183341825 2.2841163386 0.0 3.0471308567 1.6183310829 1.6398258056 0.0 1.6847600567 2.2258460284 1.713087254 2.4895065386 3.0196792274 2.7051293078 3.3814116348 3.2045575474 1.3221759329 2.4876405063 2.4318790724 0.0 2.1883118451 1.489973303 3.0771969269 1.7821057735 0.0 0.0 3.042214147 2.4129212518 0.0 2.0032512521 3.4652056707 0.0 1.6136410871 2.0760294688 1.4598449245 2.2891116724 3.8353397083 2.7873962099 1.8674332064 2.2345626282 0.0 1.9591966416 2.490590132 1.4551352799 2.0030538875 0.0 2.0054358227 1.2909128697 3.1837922288 1.9532890107 7.7756740104 1.8284296239 1.9356918124 2.0917569648 1.7067752155 1.9885692473 0.0 2.2962144125 1.654723213 0.0 1.671196519 0.0 2.2144314334
0.0 0.4305113186 0.4646259106 0.9660134316 1.5368395503 1.453991057 0.9469518558 1.3382701227 1.0665435375 0.0 0.9356840502 0.9335385483 1.390629587 0.8494971372 0.5362305963 0.8635574616 0.0 1.1520308941 0.0 0.6199700892 0.4460553824 0.0 0.8415271647 0.0 0.9412094781 1.1416522374 1.0227301293 1.2784126616 0.0 0.4998759796 0.0 0.0 0.5676897114 0.8273365897 0.0 1.1633979943 0.6737619761 0.8606301482 0.6949187532 1.1501720302 0.0 1.2759642653 0.7573706019 0.0 0.0 0.0 0.7848859132 0.0 0.8654460509 0.0 1.0538328345 0.0 0.0 0.0 0.7407148445 0.941619153 0.0 0.7572959841 0.6951960552 0.758196524 0.4880563315 1.2036985546 0.7384813423 2.9397545112 0.6912756667 0.0 0.0 0.6452816994 0.7518197661 1.6246589532 0.8681313888 0.0 0.8817224869 0.6318304367 0.8884632331 0.0
10.196647956 4.932341171 5.3231899115 11.067555288 17.607474323 16.658284332 10.84916801 15.332476847 12.219322406 9.6040769032 10.720073468 10.695492587 0.0 9.7326354129 6.1435603048 9.893723667 7.5572397727 13.198745687 7.0098533359 7.1029584211 5.1104285348 7.2975925807 9.6413239369 7.4202927502 10.783377949 13.079838068 11.717354936 14.64669367 13.880644481 5.7270477417 10.77529517 10.533762719 6.503985413 9.4787434102 6.4538674679 13.328977841 7.719248696 9.8601856206 7.9616405632 13.1774488 10.451646307 14.618642547 8.6771474766 15.009650242 18.124918466 6.9895384677 8.9923886719 6.3233654237 9.9153611162 16.612897776 12.073696678 8.0888472264 9.6790801705 7.7837073166 8.4863235085 10.788071569 6.3029654459 8.6762925852 7.9648175946 8.6866100147 0.0 13.790698833 8.4607344147 33.680583026 7.9199019495 8.3845115822 9.0605128285 7.3929519516 8.6135518986 18.613615712 9.9461268643 7.1674870222 10.101839222 7.238841679 10.179067529 9.59188125
4.1424169619 2.0037774979 2.1625608999 4.4962255194 7.1530860536 6.7674749456 4.4075050723 6.2288619191 0.0 0.0 4.3550600509 4.3450739987 6.4725644929 3.9539105588 0.0 4.0193531159 3.0701499506 5.3620276236 2.8477726684 2.8855968716 2.0761259912 2.9646675473 3.9168150144 0.0 4.3807776747 0.0 4.7602084571 5.9502605714 5.6390509298 2.3266292814 4.377494023 4.2793707841 2.6422623994 3.8507662173 0.0 5.4149348031 3.1359665322 4.00572819 3.2344389112 5.3533757033 0.0 5.9388647235 3.5251156107 6.0977127015 0.0 2.8395196959 3.6531832345 2.5688850198 4.0281433906 6.7490365294 4.9049732939 3.2861169765 0.0 3.1621530284 3.4475928361 0.0 2.5605974714 3.5247683087 3.2357295891 3.5289597935 2.2716157567 5.6025102569 3.4371971946 13.682831751 3.2174824818 3.4062314541 0.0 0.0 3.499279728 0.0 4.0406420624 2.9118117976 4.1039006466 2.9407998279 4.1352748637 3.8967287835
0.0 0.0 0.0 0.0 6.2823108145 5.9436417679 3.8709609493 5.4705963696 0.0 0.0 0.0 3.8161298728 0.0 0.0 0.0 0.0 0.0 4.7092854573 0.0 0.0 1.8233904456 2.6037661024 3.4400046551 2.6475452718 3.8474871902 4.6668594622 0.0 0.0 4.9525855517 0.0 3.8446032713 0.0 2.3206086886 3.3819962559 2.3027267083 4.7557520234 2.7542121416 3.5180940561 2.840697064 4.7016867716 3.7291260189 5.2159017519 3.0959884668 0.0 6.4669338262 2.4938530251 0.0 2.256163846 0.0 5.9274479376 4.3078702728 2.8860841411 3.453476002 0.0 3.0279028654 0.0 2.2488851756 3.0956834433 2.8418306222 3.099364681 0.0 4.9204931286 0.0 0.0 2.825804812 0.0 0.0 0.0 3.0732976946 6.6413000039 0.0 0.0 3.6043155668 0.0 0.0 0.0
0.6709120169 0.3245347861 0.3502515822 0.7282153775 1.1585244642 1.0960703152 0.7138460818 1.0088357477 0.0 0.631922435 0.7053520081 0.7037346522 1.0483061793 0.6403812393 0.0 0.6509804132 0.4972460557 0.868441975 0.4612295001 0.4673555644 0.3362524557 0.4801619687 0.0 0.4882353099 0.7095172727 0.8606181734 0.770970447 0.9637130588 0.913309082 0.3768243415 0.7089854476 0.6930932618 0.4279447511 0.6236758282 0.424647125 0.8770109005 0.5079058073 0.0 0.5238545403 0.8670406971 0.6876902227 0.9618673703 0.5709329712 0.9875946252 1.1925708974 0.4598928364 0.5916749942 0.4160604414 0.6524040992 1.0930840018 0.7944167754 0.5322243967 0.6368574483 0.5121470112 0.5583772673 0.7098261003 0.4147181778 0.5708767217 0.5240635804 0.5715555808 0.3679142691 0.9073909002 0.5566935737 2.2160917965 0.5211082518 0.5516783163 0.5961573805 0.4864363589 0.5667485532 1.2247258621 0.6544284027 0.4716013728 0.6646738571 0.4762963173 0.669755272 0.0
6.2783043586 0.0 0.0 6.8145414948 10.841316015 0.0 6.6800755598 9.4405491517 0.0 5.9134450988 0.0 6.5854541624 9.8099081384 5.9926014505 0.0 6.0917870939 0.0 8.1267631215 0.0 0.0 3.1466052258 0.0 0.0 4.5688403204 6.6395671469 8.0535490394 7.2146376811 0.0 0.0 3.526271472 6.6345903991 6.485873463 0.0 5.8362744621 3.9737906444 8.2069499734 0.0 6.0711369681 4.9021602848 8.1136501516 6.4353125501 9.0010253969 0.0 0.0 0.0 0.0 5.5368149646 3.8934376151 6.1051097556 10.228932975 7.4340452671 4.9804842743 0.0 0.0 0.0 6.6424571137 3.8808768922 5.3421875294 4.9041164541 5.3485402017 3.4428922143 8.4912419219 5.2094635394 20.737888776 4.8764608862 5.1625314355 5.5787605325 4.5520059788 0.0 11.460819787 6.1240529153 4.4131821756 6.2199284991 0.0 6.2674796959 0.0
2.0932972802 1.0125735832 1.0928119722 2.2720881884 3.6146857543 3.4198239886 2.2272548767 3.1476454045 0.0 1.9716467751 2.2007527111 2.1957064359 3.2707961978 1.9980388973 1.2612280164 2.0311091381 1.5514460761 2.7096059966 1.4390716425 0.0 1.0491336171 1.4981424058 0.0 1.5233318536 0.0 2.6851951318 2.4054873056 3.0068591319 0.0 1.1757210323 0.0 2.1625044764 1.3352206562 1.9459167252 1.3249318084 2.7363417057 1.5847053237 2.0242240224 1.634466602 2.7052339014 2.1456465773 3.0011004414 1.7813549404 3.0813714627 3.720913254 1.4349011485 1.8460716531 1.2981406928 2.0355511483 3.4105064605 2.4786416601 1.6605811999 1.9870443975 1.5979382073 1.7421801748 0.0 1.2939527265 0.0 1.6351188233 1.7832975303 0.0 2.8311296498 1.7369269209 0.0 1.6258979697 1.7212789306 1.8600570444 0.0 1.7682992331 0.0 2.0418671315 1.4714326858 2.0738337402 1.4860812752 2.0896881469 1.9691430966
0.0 0.0 2.6824905609 0.0 8.8728533936 0.0 5.4671712383 7.7264243996 6.1576268288 0.0 0.0 5.3897302906 8.0287187091 4.9045221121 3.0958960326 4.9856985736 0.0 0.0 0.0 3.5793611041 2.5752747008 3.6774421992 0.0 0.0 0.0 0.0 0.0 7.3808408438 0.0 2.8860047761 5.4299448387 5.3082305035 3.2775233964 4.7765794851 3.2522676913 6.7168103785 3.8899254222 4.9687979004 0.0 6.6404510473 5.2668499584 7.3667051705 4.3726349404 0.0 0.0 3.5222059097 4.5314929832 0.0 4.9966022337 0.0 6.0842423271 0.0 0.0 3.9224077579 4.2764738975 0.0 3.1762243308 4.3722041389 0.0 4.3774033536 2.8177647277 0.0 4.2635789034 16.972500992 3.9910396916 0.0 0.0 3.7254962075 4.3405875138 9.3798735876 0.0 0.0 5.0905732863 3.647836128 5.1294905909 4.8335925154
8.2614021499 0.0 0.0 8.9670179304 0.0 13.496669355 8.7900788873 0.0 9.9001884566 0.0 0.0 0.0 12.908516624 7.8854556388 0.0 8.0159705741 6.1229334555 0.0 5.6794367784 0.0 4.1405082793 0.0 0.0 0.0 8.736775277 10.597384827 0.0 11.866863217 0.0 0.0 0.0 8.5345351086 0.0 7.6797503966 0.0 10.799239776 0.0 7.9887977925 6.4505820685 10.676469788 8.4680037635 0.0 7.0302912413 12.160933408 0.0 5.6629775168 7.2857020684 5.1232390222 0.0 13.45989682 0.0 6.5536458797 7.8420647718 0.0 6.8756842031 8.7405780836 0.0 7.0295986018 6.4531561236 7.0379578621 4.5303820135 11.173329654 0.0 27.288265929 6.4167651245 0.0 0.0 0.0 0.0 0.0 0.0 5.8071527965 0.0 5.8649648851 0.0 0.0
5.289306144 2.5585528275 2.7612977544 0.0 0.0 0.0 0.0 7.9534141352 0.0 4.9819218227 0.0 5.5480717679 0.0 5.0486089652 0.0 5.1321702586 3.9201662088 6.8465839906 3.6362204988 3.6845168901 2.6509320674 3.7854794477 0.0 0.0 5.5936605328 6.7849030537 6.078142319 7.5976778987 7.2003052815 0.0 5.5894677538 0.0 3.3738116833 4.9169075927 0.0 0.0 0.0 0.0 4.1299409892 0.0 5.4215814121 0.0 0.0 7.7859543239 0.0 0.0 0.0 3.2801186948 0.0 8.6176067521 6.2629874342 4.1959268885 0.0 0.0 0.0 0.0 0.0 4.500652359 0.0 0.0 2.9005460555 7.1536477849 4.3888358914 0.0 4.1082899224 4.3492968293 0.0 3.8349452043 0.0 0.0 5.1593533638 0.0 5.2401260192 3.7550035984 5.2801866507 4.9755955727
2.7157470092 1.3136661029 1.4177636752 2.9477020588 4.6895260027 4.4367213664 2.8895373952 4.0836094684 3.2544605267 2.5579232742 2.8551547121 2.8486079082 4.2433796079 2.592163192 1.6362588563 2.635066992 2.0127743351 3.5153174139 1.8669849458 1.8917822966 1.3610973987 1.9436206203 2.5678435461 0.0 2.8720150525 3.4836478877 3.1207678994 3.9009598742 3.6969324522 0.0 2.8698623075 2.8055332225 1.7322534826 2.5245422984 1.7189052077 3.5500030856 2.0559233436 2.6261345615 2.1204813229 3.50964526 2.7836625645 3.8934888157 2.3110474549 3.9976287236 4.8273406444 1.86157434 2.3950079228 1.6841476543 2.6408298503 4.4246332367 3.2156749733 2.1543611937 2.5778994369 2.0730910743 2.2602239271 2.8732651381 1.6787143807 2.3108197655 2.1213274847 0.0 1.489259472 3.6729765772 2.2534085987 8.9703933108 2.109364776 2.2331076203 2.4131519222 1.9690183713 2.2941095846 4.9574989171 2.6490239146 1.9089686657 2.6904959133 1.9279730676 2.7110646868 2.5546751176
0.0 1.4362841647 1.5500982414 3.2228416185 0.0 4.8508465184 0.0 0.0 0.0 2.7966807433 0.0 0.0 0.0 0.0 1.7889878406 0.0 0.0 3.8434383929 0.0 0.0 1.4881427145 2.125038861 2.8075269769 0.0 3.14008996 0.0 0.0 0.0 0.0 0.0 3.137736277 3.0674026924 1.8939426394 0.0 0.0 3.8813616375 0.0 2.8712588965 0.0 3.8372367981 0.0 4.2569084479 0.0 4.3707688119 5.2779263388 2.0353343517 0.0 1.841346596 0.0 0.0 0.0 0.0 2.8185214882 2.2665941332 2.4711940332 3.1414567291 1.8354061786 0.0 0.0 2.5295169122 1.6282674813 4.0158135187 2.4637425596 9.8076930162 0.0 0.0 0.0 0.0 0.0 5.4202336311 2.8962847499 2.0871524807 2.9416277597 0.0 2.9641164299 2.7931294027
0.0 1.8422384207 0.0 4.1337520801 0.0 0.0 0.0 0.0 0.0 0.0 4.0039669867 0.0 5.9507639954 3.6351570726 0.0 0.0 2.8226428345 4.9297555798 2.6181930023 2.6529679214 0.0 2.7256641349 0.0 0.0 0.0 0.0 4.3764534333 5.4705667916 0.0 0.0 4.0245923931 0.0 0.0 3.5403279466 2.4105312668 0.0 0.0 0.0 0.0 0.0 3.9037089524 0.0 3.2409304039 0.0 0.0 0.0 3.3586735651 2.3617885154 3.7034054559 6.2049476103 4.5095477237 3.0211991877 3.6151540919 0.0 0.0 4.0293644013 0.0 3.2406111004 0.0 0.0 2.0884842896 0.0 3.1600997307 0.0 0.0 0.0 0.0 2.7612810337 0.0 0.0 0.0 0.0 3.7730553686 0.0 3.8019002819 0.0
4.6386924973 2.2438368061 2.4216429958 5.0348885143 8.0100499091 0.0 4.935539058 6.9751006034 5.558854185 4.3691181322 4.8768109461 4.8656285311 7.2479995682 4.4276023907 2.794848583 4.500885187 0.0 6.0044166331 3.1889454471 3.2313011175 2.3248528932 0.0 4.3860626748 3.3756638903 4.9056096281 5.9503227896 0.0 6.6631218738 6.3146282665 2.6053673231 4.9019325838 4.7920538496 2.9588143542 4.3121010089 0.0 0.0 3.5116659086 4.4856279491 3.6219356111 5.9947281835 4.7546971823 0.0 3.9474363604 6.8282392668 8.2454472942 3.1797037407 4.0908469178 2.8766461168 4.5107285663 7.5575938879 5.4926056519 3.679804883 4.4032388643 3.5409896355 3.8606260956 4.9077448649 2.8673656921 3.9470474504 3.6233809166 0.0 2.5437629926 6.2737098977 3.8489850212 0.0 0.0 3.8143094805 4.1218381824 3.3632259246 3.9185052517 8.4677670467 4.5247246213 3.2606566802 0.0 0.0 4.6306947516 4.3635700457
1.9117573386 0.9247587512 0.9980385144 2.0750427134 3.3012043168 3.1232418199 2.0340975436 0.0 2.2909861537 1.8006569001 2.0098937622 2.0052851222 2.9871383742 0.0 1.1518487789 0.0 0.0 2.4746170541 1.314269024 1.3317251851 0.9581481382 1.3682169111 1.8076403019 1.3912218192 2.0217626437 2.4523232068 2.1968728727 0.0 2.6024654439 1.0737573363 0.0 1.9749625825 1.2194244517 1.7771582733 0.0 2.499034125 1.4472727122 1.8486744174 1.4927184737 2.4706241262 1.9595666746 2.7408318193 0.0 2.8141413848 0.0 1.3104602136 1.6859722046 1.1855602258 1.8590192051 3.1147323488 2.2636829601 1.5165682989 1.814719173 1.4593579819 1.591090652 2.0226426449 1.1817354583 0.0 1.4933141315 1.6286421297 1.0483681709 2.5856016419 0.0 6.3147322574 0.0 0.0 1.6987447213 1.3860957256 1.6149445508 3.4898445635 0.0 1.3438235754 1.8939817624 1.3572017747 1.9084612053 1.7983703516
0.0 0.0 0.0 4.2767219797 0.0 0.0 0.0 0.0 4.7217875446 0.0 4.1424481406 0.0 6.1565770472 0.0 0.0 3.8231302546 0.0 5.1002560469 2.7087457939 0.0 1.9747705316 0.0 3.7255980133 2.867347691 4.1669102426 0.0 0.0 0.0 0.0 0.0 4.1637868972 0.0 0.0 0.0 0.0 0.0 0.0 0.0 0.0 0.0 4.0387225832 0.0 0.0 0.0 7.0038265149 2.7008957275 0.0 0.0 3.8314913924 6.4195518536 4.665514887 3.1256903464 3.7401877677 0.0 3.2792830332 0.0 0.0 3.3526908368 0.0 0.0 2.160716582 0.0 3.2693949019 0.0 0.0 0.0 0.0 2.8567826663 0.0 7.1926687841 3.8433798852 0.0 0.0 0.0 3.9333927592 0.0
1.0527138763 0.0 0.5495723604 1.1426273692 1.8178162691 1.7198207829 1.1200808108 1.5829428655 1.2615371552 0.9915361468 1.1067529391 1.1042151801 1.6448750861 1.0048086779 0.6342683606 0.0 0.7802182844 1.3626539617 0.7237054676 0.7333177456 0.5276066267 0.7534120042 0.0 0.7660797134 1.1132885679 1.3503777999 1.2097134458 1.5121418072 0.0 0.5912671158 1.1124540923 0.0 0.6714790708 0.9785965702 0.0 1.3760992818 0.7969442754 1.0179771107 0.8219690956 1.3604552462 1.0790402046 0.0 0.8958388673 1.5496138688 1.8712378085 0.7216081368 0.0 0.6528316516 1.0236734935 1.7151350217 1.2465025845 0.0 0.0 0.0 0.8761379773 1.1137731427 0.650725534 0.8957506073 0.822297096 0.0 0.5772865095 1.4237678977 0.8734961293 3.4772228348 0.8176599522 0.0 0.9354179551 0.0 0.0 1.9216914845 0.0 0.739979754 0.0 0.7473464923 1.0508988524 0.9902770533
4.3096256384 2.0846599842 0.0 0.0 7.4418203995 0.0 4.5854140313 6.4802899542 5.1645114502 0.0 4.5308520665 0.0 6.7338295834 0.0 2.5965832216 4.1815943197 3.1940765651 5.5784658891 0.0 3.0020740003 0.0 3.0843363642 4.0749172673 3.1361957398 4.5576077823 5.5282094396 0.0 6.1904428621 5.866671242 2.4205436812 4.554191586 4.4521076021 2.7489173312 0.0 0.0 0.0 3.2625498332 4.1674194237 3.3649970502 5.5694647339 4.4174010008 6.1785870208 0.0 6.3438468979 7.6605187949 2.9541369193 3.8006439897 2.6725780735 4.1907394139 7.0214614147 0.0 3.4187611008 4.0908749853 3.2897933475 3.586754934 0.0 0.0 0.0 0.0 3.6714062691 0.0 5.8286556048 3.5759396725 0.0 3.3473561744 0.0 0.0 3.124640118 3.6405281676 7.8670672795 4.2037425947 3.0293470919 4.2695546118 3.0595052242 4.3021952494 4.0540202557
9.0901050023 0.0 4.7455159234 9.8665012386 15.696706516 14.850522876 9.6718134058 13.668592372 10.893278281 0.0 9.5567282381 9.5348148806 14.203372431 8.6764472237 5.4768595029 0.0 6.7371260982 11.766414287 6.2491421835 6.33214348 4.5558434681 6.5056558887 0.0 6.6150406031 9.6131629 11.660410555 10.445784455 13.057230569 0.0 5.1055469943 9.6059572665 9.390635981 5.7981711824 8.4501076488 0.0 11.882513613 0.0 0.0 7.0976412072 11.747428544 0.0 13.032223561 7.7355011196 13.380798997 0.0 6.2310318901 8.0165322563 5.6371521224 8.839343485 14.810061681 10.763455897 7.2110433693 0.0 6.9390173239 0.0 9.6173471669 0.0 7.7347390013 7.1004734662 7.7439367806 4.9848255121 12.29412852 7.5425732609 30.025557178 7.060432079 7.4746221504 8.0772635613 6.5906668352 0.0 16.593661174 8.8667705259 6.3896694201 9.0055849373 0.0 9.0744324075 0.0
4.6195070884 2.2345564051 2.4116271969 5.0140644577 7.9769207282 7.5468980474 0.0 6.946251923 5.5358630317 4.3510476699 4.8566406908 4.8455045257 7.2180221908 4.4092900403 2.7832892238 4.4822697425 0.0 5.9795826549 3.1757561222 3.2179366116 2.3152374135 0.0 4.3679221307 3.3617023069 4.8853202628 5.9257125409 5.3084508179 6.6355635224 6.2885112679 2.5945916493 0.0 4.7722341456 0.0 4.2942663667 2.9238713195 0.0 3.4971418274 0.0 3.6069554597 5.9699342763 0.0 0.0 0.0 6.7999979978 0.0 3.1665526391 4.0739273719 0.0 4.4920724101 7.5263360434 5.4698884993 0.0 4.3850272803 3.5263442728 3.8446587319 4.8874466684 0.0 3.9307226522 0.0 3.9353968783 2.5332421112 6.2477621355 3.8330658044 15.258709793 3.5880461257 3.7985336801 4.104790458 3.349315784 3.9022985026 8.4327447698 0.0 3.2471707611 4.5765547749 3.2794973986 4.611542421 4.34552253
2.2588668616 1.0926632035 1.1792480569 2.4517992567 3.9005897266 3.6903153478 2.4034198492 3.3966087683 2.7069506148 2.1275943963 2.3748214919 2.3693760809 3.5295001872 2.1560740063 1.3609849868 2.1917599416 1.6741578763 2.9239225846 1.5528951743 1.5735207752 1.1321149573 1.6166381463 2.1358457442 1.6438199562 0.0 0.0 2.5957495919 3.2446869898 0.0 1.2687148182 2.3870547742 2.3335480087 1.4408300827 2.0998292253 1.4297274374 2.9527729576 1.7100477677 2.1843302469 1.7637449198 2.9192046781 2.3153567322 3.238472815 1.9222514077 3.3250928817 4.0152193022 1.5483948147 1.9920868961 1.4008172755 2.196553293 3.6802608488 0.0 0.0 2.1442098954 1.7243273077 1.8799781097 2.3898851341 1.3962980615 1.9220620234 1.7644487287 1.924347647 0.0 3.0550581647 1.8743093491 7.4612709198 0.0 1.8574236793 2.0071784635 1.6377631399 1.9081630579 4.1234805681 2.2033688396 1.587815818 2.2378638508 1.6036230392 2.2549722636 2.1248926891
0.0 4.8067705502 5.1876688195 0.0 17.159212249 16.23418733 10.572963118 0.0 11.908235268 0.0 0.0 10.42320006 0.0 9.4848559045 5.9871537111 0.0 7.3648428446 0.0 6.8313921135 6.9221268713 4.9803240548 7.1118059129 9.395869093 7.2313823049 10.508847981 12.746843385 11.419047199 14.273808999 13.527262368 0.0 0.0 10.265587612 0.0 9.2374276429 0.0 0.0 7.5227272436 9.6091588594 0.0 0.0 0.0 14.246472018 0.0 14.627525196 17.663482976 0.0 0.0 0.0 9.6629296628 16.189956253 0.0 7.8829163039 9.4326641049 7.5855448364 0.0 10.513422108 6.1425006167 8.455406112 7.7620442959 0.0 5.4492755471 13.439606612 8.245335756 32.823121716 0.0 0.0 0.0 7.2047375654 8.3942627169 0.0 9.6929121573 0.0 9.8446602928 0.0 9.919922473 9.347685149
1.0412693976 0.5036847346 0.5435977368 0.0 0.0 0.0 0.0 0.0 1.2478224741 0.0 0.0 0.0 0.0 0.993884996 0.0 0.0 0.7717362156 1.3478399989 0.7158377725 0.0 0.0 0.7452213573 0.9845603781 0.0 0.0 1.3356972962 1.1965621612 1.4957027015 0.0 0.0 1.1003601536 1.0756951508 0.66417915 0.0 0.0 1.3611391495 0.7882803715 1.0069102695 0.8130331368 0.0 1.0673095218 0.0 0.0 1.5327673891 1.8508948248 0.0 0.9182918912 0.6457344545 1.0125447246 1.6964890946 1.2329513504 0.0 0.0 0.7948628082 0.8666131267 0.0 0.6436512333 0.8860125398 0.0 0.8870661433 0.0 0.0 0.0 3.4394205378 0.0 0.8562162155 0.9252486479 0.0 0.0 0.0 0.0 0.0 1.031587644 0.0 0.0 0.9795113506
1.4825546896 0.0 0.0 1.6091813766 2.5600612809 0.0 1.5774286785 0.0 1.7766440318 1.3963970623 0.0 1.5550848436 0.0 1.4150889915 0.0 1.4385106245 1.0987945561 0.0 1.0192066041 0.0 0.7430373023 0.0 1.4018126425 1.0788829684 0.0 1.9017598087 1.7036598286 2.1295747858 2.0181940827 0.0 1.5666878424 1.5315699223 0.9456552895 1.3781740386 0.9383683267 1.937983805 1.122350051 1.4336343173 0.0 1.9159520461 0.0 0.0 1.2616249711 2.1823473214 0.0 0.0 0.0 0.0 1.4416566292 0.0 1.7554705926 1.1760883027 1.4073022584 0.0 0.0 0.0 0.9164277339 1.2615006731 0.0 0.0 0.0 2.00511632 1.2301593168 4.8970315074 1.1515242878 1.2190768004 1.3173648675 1.074907718 1.2523784106 0.0 1.4461298545 1.0421259558 1.4687698522 1.0525006575 0.0 0.0
3.2001540137 1.5479843437 0.0 3.473482818 0.0 5.2280980666 3.4049433403 4.8120017019 3.8349577046 3.0141793049 3.364427828 3.3567132725 0.0 0.0 0.0 3.1050831252 2.3717923081 0.0 2.1999985078 2.2292189549 1.603875946 2.2903036652 3.0258690528 0.0 3.3842955423 4.1050251486 3.6774183623 0.0 4.3563532189 1.797398017 3.3817588129 0.0 2.0412350327 0.0 2.0255058299 4.1832161038 2.4226377926 0.0 2.49871096 0.0 3.2801836468 4.5879692837 2.7232683175 0.0 0.0 2.1936228138 2.8222047896 1.9845485818 3.111873903 5.2138537807 0.0 2.5386339735 0.0 0.0 2.6633794119 0.0 0.0 2.7230000152 2.4997080514 2.7262380758 1.754898251 4.3281243414 0.0 10.570439758 2.4856115579 2.6314263773 2.843585129 0.0 2.7033092442 5.8417665576 3.1215295401 0.0 3.1703988871 2.2718650631 0.0 3.0103517756
9.1459097632 4.4240761733 0.0 0.0 15.793069644 14.941691227 0.0 13.752504773 0.0 0.0 9.6153976302 9.5933497452 14.290567882 8.729712512 5.5104823088 0.0 0.0 11.838649089 6.2875060842 0.0 4.583812095 0.0 8.6478104473 0.0 9.6721787483 0.0 0.0 0.0 0.0 0.0 9.6649288789 0.0 5.8337665421 8.5019834233 0.0 0.0 0.0 8.8441190008 0.0 0.0 0.0 13.112229251 0.0 0.0 16.257192507 0.0 8.0657462826 0.0 0.0 14.900981638 0.0 7.2553124456 0.0 6.9816164142 7.6118298251 9.6763887027 5.6534611625 7.7822230799 0.0 7.791477325 0.0 12.369602995 0.0 30.209886077 7.1037765425 0.0 0.0 0.0 0.0 0.0 8.9212042217 6.4288960269 9.0608708239 0.0 9.1301409533 8.6034627014
2.2366749052 1.0819284699 1.1676626811 0.0 3.8622688682 3.6540603039 0.0 0.0 0.0 2.1066921099 2.3514903536 0.0 0.0 0.0 1.3476141592 0.0 0.0 0.0 0.0 0.0 1.1209926348 1.600755686 2.1148623935 0.0 2.365376441 2.8691140164 0.0 3.2128099662 0.0 1.2562504874 2.3636034516 2.3106223567 1.4266748268 0.0 1.4156812581 0.0 1.6932476162 0.0 1.7464172273 0.0 0.0 3.2066568418 1.903366488 0.0 3.9757722798 1.5331828025 1.9725158862 1.3870551205 2.1749735285 3.644104584 2.6484129382 1.7743205101 0.0 0.0 1.8615084987 2.3664060049 1.382580305 1.9031789642 0.0 0.0 1.226546242 3.0250441259 1.8558954302 7.3879685921 0.0 0.0 1.9874591884 1.6216731397 1.8894165474 4.0829699464 2.1817221166 0.0 0.0 0.0 2.2328185692 2.1040169453
0.0 0.6374952532 0.0 0.0 0.0 2.1530500062 0.0 1.9816920345 1.5793230357 0.0 1.3855481025 1.3823710726 0.0 0.0 0.7940429091 0.0 0.9767581592 0.0 0.0 0.0 0.6605126896 0.9431992778 0.0 0.0 1.3937300803 1.6905429678 0.0 0.0 0.0 0.0 1.3926853973 1.36146781 0.8406271351 1.2251086697 0.0 0.0 0.9976974892 0.0 0.0 0.0 1.3508544276 1.8894303758 0.0 1.9399673401 2.3426095411 0.0 0.0 0.8172823619 0.0 0.0 1.5605012011 0.0 1.2510017962 0.0 0.0 0.0 0.0 1.121393502 1.0294367793 1.1227270092 0.0 1.782420303 0.0 4.3531481421 0.0 0.0 0.0 0.9555242862 1.1132843934 0.0 1.2855170484 0.0 0.0 0.935605841 0.0 1.2397315097
6.0065759783 0.0 3.1357505709 6.5196044836 0.0 9.8129552905 6.3909583064 0.0 7.1980800698 5.657508023 6.3149121217 0.0 9.3853300521 5.7332384453 3.6190091004 5.8281312808 4.4517703343 7.7750324544 0.0 4.1841651894 3.0104184638 4.2988190318 5.6794492667 0.0 0.0 7.704987117 6.9023842923 8.6279803654 8.1767210221 3.3736525512 6.3474417678 0.0 0.0 0.0 3.8018028538 0.0 4.5472055117 0.0 0.0 0.0 6.1567887711 0.0 5.1114783816 8.8417884949 10.676910719 0.0 0.0 3.7249275466 0.0 9.7862192693 7.1122958003 4.7649262434 5.7016904666 4.5851763825 4.9990690224 6.3549680068 3.7129104586 5.1109747876 4.6918636634 0.0 0.0 8.1237364169 4.9839951631 19.840341826 0.0 0.0 0.0 0.0 5.0740159063 0.0 0.0 4.2221772838 5.9507266573 4.2642104274 5.9962198128 5.6503238858
2.9043983943 1.4049208954 0.0 3.1524663738 5.0152874129 4.7449215146 3.0902612586 4.367280436 0.0 2.7356113161 3.0534901568 3.0464885743 4.5381491271 2.7722297353 1.7499227943 2.8181138796 2.1525932007 3.7595115516 1.9966764431 2.0231963603 1.4556470415 2.0786356716 2.7462207071 2.1135854097 0.0 0.0 3.3375543617 0.0 3.9537426135 1.6312839608 3.0692194263 3.0004216736 1.8525857586 2.699911506 1.8383102359 0.0 0.0 2.8085609512 2.2677821345 3.7534453772 2.977031754 4.1639529109 2.4715860845 4.2753269749 5.1626754511 1.9908899855 2.5613789287 1.8011382232 2.8242770592 4.731993674 3.439054226 2.3040154957 2.7569751378 2.217099887 0.0 3.0728586371 1.7953275232 2.4713425785 2.2686870755 0.0 1.5927119884 3.9281226259 0.0 9.5935283512 2.2558933684 2.3882321014 2.5807833145 2.1057976963 2.4534716124 5.301875265 0.0 2.0415765933 0.0 2.0619011501 2.8993908108 2.732137524
0.0 0.0 0.0 0.4100672734 0.0 0.6172110333 0.0 0.568088147 0.0 0.3558435017 0.0 0.0 0.0 0.3606067612 0.2276268749 0.0 0.0 0.489030641 0.2597241549 0.2631738191 0.0 0.0 0.3572235526 0.0 0.0 0.0 0.0 0.5426789911 0.5142958754 0.2121945444 0.0 0.0 0.2409810925 0.3511997333 0.0 0.0 0.2860081728 0.0 0.0 0.4882415637 0.3872470471 0.5416396606 0.3214995646 0.0 0.0 0.0 0.3331796597 0.0 0.0 0.6155294026 0.0 0.0 0.35862247 0.0 0.3144292892 0.3997120392 0.0 0.0 0.2951068189 0.3218501639 0.0 0.5109632725 0.0 1.2479092707 0.293442636 0.3106570253 0.335703748 0.2739184554 0.0 0.6896585962 0.0 0.2655646874 0.0 0.26820847 0.3771476499 0.355391637
0.0 1.6650192076 1.7969587142 3.7360943816 5.9437865161 5.6233667578 3.6623729984 5.1758115599 0.0 3.2420653724 3.6187943237 3.6104965117 5.3783138172 3.2854630979 2.0738926113 0.0 2.551110911 4.4555241261 2.3663286951 2.3977583448 1.7251364767 0.0 3.25463892 2.5048814604 3.6401641303 0.0 0.0 0.0 4.6857139183 0.0 0.0 3.5559010717 2.195561958 3.1997563216 2.1786435538 4.4994868266 2.6058005523 3.328520449 2.6876252073 0.0 3.5281808879 0.0 0.0 5.0668344072 0.0 2.3594709688 3.035576685 2.134589746 0.0 0.0 0.0 2.7305665875 3.2673843591 2.6275599638 2.8647433651 3.6417485638 2.1277032891 0.0 0.0 2.9323544383 1.887576775 4.6553508055 0.0 11.369614493 0.0 2.8303745315 3.0585734781 2.4956519782 2.9076920797 6.2834314599 3.357531788 2.4195413798 3.4100958864 2.4436286986 3.4361659836 3.237948464
7.0250698643 3.3981796242 3.6674582852 7.6250890941 12.130823559 11.476870806 0.0 10.563444134 8.4186091314 6.6168128503 7.3856884524 7.3687532391 10.97673609 6.7053843609 0.0 6.8163675235 5.2066264925 9.0933913742 4.8294998155 4.8936453789 3.5208744724 5.0277402868 6.6424745201 5.1122756426 7.4293026288 9.0114689294 8.0727742493 10.090967812 9.5631915169 3.9456996725 7.4237339276 7.2573280309 4.4809776819 6.5304632431 4.4464484849 9.1831159566 5.3182439583 6.7932611929 5.485241957 9.0787186975 7.2007532099 10.071641745 5.9781967081 10.341029919 12.487321231 4.8155037091 6.195384889 4.3565379592 6.8312748336 11.445601341 8.3182790118 5.5728821011 6.6684870078 5.3626532893 5.8467268649 7.4325363392 4.342483216 5.9776077232 5.4874308006 5.9847160065 0.0 9.5012226756 5.8290970348 23.204532493 5.4564857738 5.7765826471 6.242319623 5.0934389601 5.9343819779 12.824013476 6.8524711651 4.9381029234 6.9597505571 4.9872633388 0.0 6.6084105482
6.4537726882 0.0 0.0 0.0 11.14431305 0.0 6.8667727367 0.0 0.0 0.0 6.7850648233 0.0 0.0 6.1600848515 3.8884486228 0.0 4.7832099188 8.3538928476 0.0 0.0 3.234547691 0.0 0.0 0.0 0.0 8.2786325517 7.4162749942 0.0 8.7854876059 3.6248249873 0.0 0.0 4.1165727798 0.0 0.0 0.0 0.0 0.0 5.0391676402 0.0 0.0 0.0 5.4920340131 0.0 0.0 4.4238942698 5.6915598793 0.0 6.2757375795 0.0 0.0 0.0 6.1261880883 4.9265482056 0.0 0.0 0.0 5.491492926 0.0 5.498023145 3.5391154159 8.7285582339 0.0 21.317478821 0.0 0.0 5.7346777572 0.0 5.4517824121 0.0 0.0 4.5365233932 0.0 0.0 0.0 6.0709972046
4.9436226875 2.3913381946 2.5808326941 5.3658631398 8.5366004497 8.0764063554 5.2599828242 7.433617471 0.0 4.656327518 5.1973941471 5.1854766422 7.7244557869 0.0 0.0 4.7967564432 0.0 6.3991243891 3.3985747214 0.0 2.4776799744 0.0 4.6743859311 0.0 0.0 6.3414746198 5.6809043469 7.1011304336 6.7297281679 2.7766343674 5.2241671868 5.1070654381 0.0 4.5955623036 3.1290170821 6.4622646125 3.7425096117 4.7804962518 3.8600280294 6.3887990572 5.067253084 7.0875304574 4.2069259733 0.0 8.7874719731 3.3887254999 4.3597638011 3.0657460082 4.8072468892 8.0544016723 5.8536688798 3.9217014096 0.0 3.7737609701 4.1144091283 5.2303615454 3.0558555233 4.2065114978 0.0 4.2115136788 2.7109804 6.6861199796 4.1020028135 0.0 3.8397919716 4.0650478332 0.0 3.5843117416 4.1760930423 0.0 4.8221629921 0.0 4.8976567376 3.5095947323 4.9350992001 4.6504147212
12.358777765 0.0 6.4519361067 13.41435507 0.0 0.0 0.0 18.583624221 14.810346567 11.640556053 0.0 12.963399005 19.3107036 0.0 7.4462604591 11.991620442 9.1597010379 15.99744989 8.4962450323 0.0 6.1940601281 8.8449974258 11.685701066 0.0 13.06991986 15.853328719 14.201940311 0.0 16.823940682 6.9414292416 13.060123183 0.0 7.8831112588 11.488646445 7.8223661445 16.155296886 9.3560628508 11.950970881 9.649852264 15.971637143 12.66784678 17.718426216 10.517077549 18.192344432 21.968184083 8.4716225344 10.899163495 0.0 12.017845965 20.135549695 14.633841895 9.8040322344 0.0 9.4341894833 10.285790657 0.0 7.6394663757 10.516041384 9.6537029632 0.0 6.7772980276 16.714922672 10.25477557 40.822321453 0.0 10.162390205 0.0 8.9605771023 10.439996962 22.560506255 12.05513538 8.687303869 12.243865484 0.0 12.337469528 0.0
1.3972035106 0.0 0.7294141824 0.0 2.4126776802 0.0 1.4866155717 2.1009444053 0.0 1.3160060074 0.0 1.4655580789 2.1831432991 1.3336218358 0.841826065 1.3556950774 1.0355365789 0.0 0.0 0.9732883281 0.7002603915 0.9999582232 0.0 1.0167713081 1.4776006382 1.7922748481 1.6055795515 2.0069744393 0.0 0.0 0.0 0.0 0.0 1.2988320893 0.0 1.8264134167 0.0 0.0 1.0909499076 0.0 0.0 0.0 1.1889927914 2.0567088421 0.0 0.957746872 1.2321889581 0.8664639994 1.3586599655 0.0 0.0 0.0 1.3262833876 1.0665684679 1.1628449908 0.0 0.0 1.1888756493 1.0913852427 1.190289403 0.7661974976 0.0 0.0 4.615107734 1.085230642 1.1488941334 0.0 1.0130249142 1.1802785585 0.0 1.3628756658 0.9821304092 1.3842122711 0.9919078358 1.3947945391 1.3143348886
0.0 2.4878322231 0.0 0.0 8.8810648877 0.0 0.0 7.7335749165 6.1633254822 4.8442172115 5.4071166783 0.0 8.0361489881 0.0 0.0 4.9903126512 0.0 6.6573385106 0.0 0.0 0.0 3.6808455345 4.8630043082 3.7427344884 5.4390469367 0.0 5.9101372289 0.0 0.0 2.8886756657 5.4349700497 0.0 0.0 4.7810000309 3.2552775434 6.7230265354 3.8935254028 0.0 0.0 6.6465965364 5.2717242311 7.3735227807 0.0 7.5707438387 9.1420594477 3.5254655795 0.0 3.1894533882 0.0 8.3794086773 6.0898730659 0.0 0.0 3.9260377996 4.2804316143 5.4414143598 3.1791638076 4.3762504504 4.0173883307 4.3814544768 0.0 0.0 4.2675246863 16.988208407 3.9947332496 0.0 4.5700479735 3.728944015 0.0 0.0 5.0167443919 3.6152213634 0.0 0.0 0.0 0.0
3.2835091529 1.5883050439 1.7141655642 0.0 0.0 0.0 3.4936326737 0.0 0.0 3.0926903186 3.4520618446 3.4441463464 5.1305131643 0.0 0.0 3.1859619314 0.0 0.0 0.0 0.0 1.6456524675 0.0 3.1046845521 0.0 0.0 4.211949672 3.7732049145 4.7165061431 0.0 0.0 3.4698442536 3.3920663389 0.0 3.0523306167 0.0 4.2921772848 0.0 3.1751620604 2.5637954525 0.0 3.365623336 0.0 2.7942019066 4.8333848695 5.8365588312 0.0 2.8957153995 2.0362405699 3.1929295901 5.3496602156 3.8879535434 0.0 3.1168427573 2.5064976576 0.0 3.4739584902 0.0 0.0 2.5648185154 2.7972490188 1.8006084848 0.0 2.7245128997 0.0 2.5503548473 0.0 2.9176526374 2.3806672059 0.0 5.9939283794 3.2028367298 2.3080633304 3.2529789878 2.331040849 3.2778479302 0.0
7.6963332713 0.0 4.0178933117 8.3536858744 0.0 12.573515188 8.1888492257 11.572808259 0.0 0.0 0.0 0.0 0.0 7.3461009997 4.6371011121 0.0 5.7041329809 0.0 0.0 0.0 0.0 5.5081537403 0.0 0.0 0.0 0.0 0.0 11.055185615 0.0 0.0 0.0 7.9507843003 0.0 0.0 4.8713180188 0.0 0.0 7.4423746881 6.0093708661 0.0 7.8888036103 11.034012893 0.0 0.0 0.0 0.0 0.0 4.7728163123 7.4840206294 12.539257846 0.0 6.1053852503 7.3056780101 5.8750685374 0.0 0.0 4.7574186024 0.0 0.0 0.0 0.0 10.409088822 0.0 0.0 0.0 6.3285499048 0.0 5.58013009 0.0 14.049380789 0.0 0.0 0.0 0.0 7.6830637312 7.2398610911
0.0 4.3907698516 0.0 0.0 0.0 14.829203838 0.0 0.0 0.0 0.0 0.0 0.0 14.182982426 0.0 5.4689970609 8.8073922892 0.0 0.0 0.0 0.0 0.0 0.0 0.0 6.6055442169 0.0 0.0 0.0 0.0 0.0 0.0 0.0 0.0 0.0 8.4379768864 5.7452324812 0.0 0.0 8.7775367221 0.0 0.0 9.3040549939 0.0 0.0 13.361589858 16.134801467 0.0 0.0 0.0 0.0 0.0 10.74800415 0.0 8.6163166599 6.9290558449 7.554524742 0.0 0.0 0.0 0.0 7.7328197793 0.0 0.0 0.0 0.0 7.0502962999 0.0 8.0656680445 0.0 0.0 16.569839731 0.0 0.0 8.9926567456 6.4440164828 0.0 0.0
9.9048304444 4.7911826712 5.1708457252 10.75081331 0.0 16.181541474 10.538676049 14.893677227 11.869618044 9.3292181615 10.41327606 10.389398658 15.476388406 9.4540974598 5.9677379668 9.6105755347 7.3409593915 0.0 6.809238588 6.899679102 4.964173359 7.0887430334 9.3653992236 7.207931651 10.474768832 12.705506639 11.382016364 14.227520455 13.483394801 5.5631455623 0.0 10.232297331 6.3178480815 9.2074715834 6.2691644601 12.947516289 7.498331787 9.5779973125 0.0 12.800323853 10.152531006 14.200272126 8.4288164958 14.580089586 0.0 6.7895051102 0.0 6.1423972493 9.6315937425 16.137453835 11.728159975 7.8573527899 9.4020749129 7.5609456686 8.2434537122 10.479328125 6.1225810978 8.4279860706 0.0 0.0 5.4316040882 13.396023304 8.2185969518 32.716679596 7.6932425521 8.1445555379 8.8012103281 7.1813733177 8.3670409574 18.080913294 9.6614790068 6.9623609613 9.8127350382 7.0316735216 9.8877531506 0.0
3.3441520527 1.6176393381 1.7458243675 3.6297798938 5.774649831 5.4633479533 3.55815633 5.0285284084 4.0075201459 3.1498089987 3.5158177322 3.5077560432 5.2252682513 0.0 2.0148778198 0.0 2.4785163719 4.3287375097 2.2989923279 2.3295276139 1.6760459072 0.0 3.1620247528 2.4336024288 0.0 4.2897398745 3.8428919709 4.8036149636 4.5523770096 0.0 0.0 3.4547141737 2.1330849376 3.1087038964 2.1166479644 4.3714492054 2.531649762 3.2338039054 2.6111460105 4.3217528586 3.4277827969 4.7944151538 2.8458078252 4.9226523149 5.944353826 2.2923297454 2.9491961637 2.0738477539 3.2518995822 5.4484627141 3.9597598841 2.6528654487 3.1744075071 2.5527899866 2.7832240852 3.5381187853 2.0671572583 2.8455274501 2.6121879682 2.8489112143 1.8338637963 4.5228779111 2.774831737 11.046080177 2.5974571717 2.7498332529 2.9715385589 2.4246355812 2.824950649 6.1046298213 3.2619896962 2.3506907898 3.313058028 2.3740926786 3.3383862733 3.1458092413
1.8090421923 0.0 0.9444157716 0.0 3.1238367829 0.0 1.9248092868 0.0 2.1678957524 1.7039109725 0.0 0.0 2.826645016 1.7267192296 0.0 1.7552987637 1.3407705811 2.3416605079 0.0 0.0 0.0 0.0 1.7105191692 0.0 1.9131371181 2.3205644673 2.078839002 2.5985487525 2.4626398429 0.0 1.9117031088 0.0 0.0 0.0 1.1450153622 0.0 0.0 0.0 1.4125175018 0.0 0.0 0.0 1.5394594342 2.6629428313 0.0 0.0 0.0 0.0 1.7591375801 0.0 0.0 1.4350859206 0.0 0.0 0.0 0.0 0.0 0.0 0.0 1.541138234 0.0 2.4466821014 0.0 5.9754535033 0.0 1.4875413252 0.0 1.3116233946 0.0 0.0 1.764595897 1.271622448 1.7922216645 0.0 0.0 0.0
0.0 0.0 0.0 0.0 0.0 0.0 4.4510966892 0.0 0.0 3.9402721819 0.0 0.0 6.5365801996 3.9930159827 0.0 0.0 3.1005147031 5.4150597699 0.0 2.9141363358 2.0966595328 2.9939890455 0.0 0.0 4.4241049492 0.0 4.8072884219 6.0091105274 5.6948229241 0.0 4.4207888212 4.3216951125 0.0 3.8888515111 0.0 0.0 3.1669822314 0.0 0.0 5.4063222794 0.0 0.0 0.0 6.1580210055 0.0 2.8676034424 0.0 0.0 0.0 6.8157866318 0.0 3.3186177111 0.0 3.1934277204 3.4816906178 4.4260306043 0.0 3.5596293803 0.0 3.5638623202 2.2940827539 5.6579208525 3.4711921602 0.0 3.2493043995 0.0 3.7172637216 0.0 0.0 7.6366227525 4.0806052884 2.9406105357 0.0 0.0 0.0 0.0
0.0 0.0 3.3132766536 0.0 10.9592997 10.368501873 0.0 0.0 7.6055891905 5.9777998365 6.6724219383 6.6571222286 0.0 6.0578176296 3.8238941811 0.0 4.7038010142 0.0 0.0 0.0 0.0 0.0 0.0 0.0 0.0 8.141194063 0.0 0.0 8.6396345159 0.0 0.0 6.5564578141 0.0 5.8997893685 4.0170365443 8.2962644261 0.0 0.0 0.0 8.2019492426 0.0 0.0 5.4008574993 0.0 0.0 4.3504505774 5.5970709183 0.0 6.1715503381 0.0 0.0 0.0 6.0244836066 0.0 5.2820842433 0.0 3.9231116318 0.0 4.9574868875 5.4067472022 0.0 0.0 5.2661569988 20.963574712 4.9295303501 0.0 0.0 4.6015444704 0.0 0.0 0.0 0.0 0.0 0.0 0.0 0.0
0.0 0.4887659035 0.0 1.0967294176 1.7447968007 1.6507376739 1.075088527 0.0 0.0 0.9517073458 1.0622960197 0.0 1.5788024546 0.0 0.608790572 0.0 0.7488778649 1.3079178095 0.6946350993 0.0 0.5064133103 0.7231483604 0.0 0.7353072231 1.0685691202 1.2961347662 1.1611207281 1.4514009101 1.375489956 0.0 1.0677681645 1.0438337239 0.0 0.9392875363 0.0 0.0 0.7649319932 0.9770862084 0.7889515968 1.3058074137 1.0356964721 1.4486212093 0.0 1.4873677645 1.7960724617 0.6926220157 0.8910926518 0.6266081982 0.9825537744 1.6462401341 1.1964320919 0.0 0.0 0.0 0.8409445805 1.0690342302 0.0 0.8597693949 0.0 0.8607917913 0.5540976126 1.3665768731 0.8384088523 3.337547023 0.7848155465 0.8308556194 0.0 0.7325979113 0.8535521631 1.844499475 0.9856024785 0.7102556673 1.0010326543 0.7173264927 1.0086855237 0.9504988285
0.0 0.0 0.0 0.0 0.0 0.7725714395 0.5031584994 0.0 0.0 0.0 0.4971714029 0.0 0.0 0.4513763844 0.2849236532 0.4588472728 0.0 0.6121263002 0.3251002549 0.0 0.2370094694 0.3384449138 0.0 0.0 0.0 0.6066116488 0.0 0.0 0.6437511375 0.0 0.4997324536 0.4885307554 0.0 0.4396014797 0.2993149583 0.6181661564 0.0 0.4572918583 0.3692418732 0.6111386014 0.4847223923 0.6779777252 0.0 0.6961117282 0.8405904277 0.0 0.4170455086 0.2932625852 0.459850766 0.7704665195 0.5599492143 0.3751414144 0.4488926201 0.0 0.0 0.5003249924 0.2923164829 0.4023857271 0.0 0.0 0.2593264799 0.6395796732 0.392388654 1.5620249957 0.367306136 0.0 0.0 0.0 0.3994759639 0.8632550387 0.461277608 0.3324109288 0.0 0.0 0.0 0.4448485425
4.1227529451 1.9942655837 0.0 0.0 7.1191304172 0.0 4.3865826845 0.0 0.0 0.0 0.0 0.0 0.0 3.9351413802 2.4839909594 0.0 0.0 5.3365741257 2.8342543166 2.8718989687 2.0662706394 0.0 0.0 0.0 0.0 0.0 0.0 0.0 5.6122824047 2.3155847927 0.0 4.2590566487 2.6297196031 0.0 0.0 0.0 0.0 0.0 3.2190850582 0.0 0.0 0.0 0.0 6.068766913 7.3283456784 2.826040521 3.6358416059 0.0 4.0090218294 0.0 4.8816894289 0.0 3.9134876922 0.0 3.4312271432 0.0 0.0 0.0 3.2203696093 0.0 0.0 0.0 0.0 13.617879469 3.2022091208 0.0 3.6633858605 0.0 0.0 0.0 0.0 2.8979894526 4.0844194664 0.0 0.0 0.0
0.0 6.1938803865 6.6846960588 13.898291146 22.110917733 20.918954513 0.0 19.254046775 15.344644412 12.060500582 13.461934302 13.431066397 20.007356259 0.0 7.7148916419 0.0 9.4901462777 16.574573656 8.802755443 0.0 6.4175169501 0.0 0.0 9.3181724732 13.541430097 16.425253173 14.714289301 18.392861626 17.430880918 7.1918481407 13.531279995 0.0 8.1675022646 11.903110686 0.0 16.738115138 9.6935920365 12.38211393 9.9979801923 16.547829689 13.124851835 18.357635899 10.896491484 18.848651182 22.760707968 8.7772446643 11.292361556 7.9406853088 0.0 20.86195949 15.16177216 10.157722357 12.154687348 9.7745371643 10.65686069 13.547324198 7.9150676522 10.895417938 10.001969809 10.908374245 7.0217957315 0.0 0.0 0.0 9.9455661415 10.529008444 11.37790975 9.28383875 0.0 23.374398746 0.0 0.0 12.685574995 9.0903118706 12.782555897 12.04518566
3.3240800598 1.6079300771 1.7353457249 3.6079935291 5.7399897053 5.4305562981 3.5367998583 4.998346591 3.9834665399 3.1309034756 3.4947153817 3.4867020799 5.1939055784 3.1728132072 2.0027842868 3.2253275487 2.4636400259 4.3027559194 2.2851935063 2.315545516 1.6659860831 2.3789957333 3.1430459093 2.4189956615 3.5153524739 4.2639923525 3.8198264825 4.7747831031 4.5250531088 1.8670023013 3.5127175095 3.433978574 2.1202819116 3.0900450909 2.103943595 4.3452112545 2.5164545031 3.214394235 2.5954736059 4.295813191 3.4072088425 4.7656385117 2.8287269528 4.8931059783 5.9086751171 2.2785709134 2.9314947424 2.0614002764 3.2323812995 5.4157604018 3.9359929408 2.6369426391 3.1553543409 2.5374678417 2.7665188478 3.5168825814 0.0 2.8284482605 2.5965093097 2.831811715 1.8228567307 4.4957310674 2.7581768714 10.979780308 2.5818669291 2.7333284311 2.9537030359 2.410082634 2.8079949639 6.0679891171 3.2424108514 2.3365816679 3.2931726651 2.3598430959 3.3183488873 0.0
0.1722593833 0.0 0.0 0.1869722537 0.2974558581 0.0 0.1832828787 0.0 0.2064298925 0.1622486499 0.1811019908 0.1806867281 0.0 0.0 0.0 0.1671418631 0.1276699429 0.2229760017 0.0 0.1199954379 0.0 0.1232835342 0.0 0.0 0.0 0.2209672089 0.0 0.2474372391 0.0 0.0 0.1820348911 0.0 0.0 0.1601313001 0.0 0.2251761081 0.0 0.1665752805 0.1345017793 0.2226162179 0.1765672557 0.2469633511 0.1465893575 0.0 0.306197418 0.1180793522 0.1519149561 0.0 0.1675074003 0.0 0.2039697313 0.1366507739 0.0 0.0 0.0 0.0 0.0 0.0 0.0 0.1467492151 0.0944634818 0.2329762963 0.1429333344 0.5689905629 0.1337966586 0.1416456467 0.153065827 0.1248945094 0.1455149912 0.0 0.1680271484 0.0 0.0 0.0 0.0 0.0
2.4250021043 1.1730264465 1.2659794466 2.6321243 4.1874704773 3.9617308289 2.5801866817 0.0 2.9060415417 2.2840748058 0.0 2.5436390607 3.7890880276 2.3146490355 0.0 2.3529596015 1.797288916 3.1389713759 0.0 1.6892501528 1.2153797997 0.0 2.2929330242 0.0 2.5645402618 0.0 2.7866619009 3.4833273762 0.0 0.0 2.5626179873 2.5051759038 1.5468003191 2.2542675607 1.534881096 3.1699436375 1.8358184387 2.3449834673 1.8934649115 3.1339064766 2.4856466945 0.0 2.0636292417 3.5696469642 4.3105308341 0.0 2.1386009937 1.5038446482 0.0 3.9509368411 0.0 0.0 2.3019123424 1.851148211 2.0182468253 2.5656565146 1.4989930549 2.0634259285 1.894220484 2.0658796553 0.0 3.2797517216 2.0121611384 8.0100328129 1.8835384899 0.0 2.1548025164 1.7582174178 2.0485047213 4.4267545045 2.3654223113 1.704596568 0.0 1.7215663794 0.0 2.2811743933
5.2203021607 2.5251740947 2.7252740229 5.6661741224 9.0143679221 8.5284181688 5.5543680087 7.8496543524 6.2558357835 4.9169279575 5.4882764344 5.4756919431 8.1567700012 4.9827451034 3.1452729633 5.065216261 3.8690239462 6.7572638501 3.5887825756 3.636448895 0.0 3.7360943008 4.9359970448 3.7989121957 5.5206859597 6.6963875992 5.9988472243 7.4985590304 7.1063705135 2.9320341183 5.5165478794 5.3928923032 3.3297971304 4.8527618994 3.304138618 6.8239378392 3.951966452 5.0480460363 4.0760620169 6.746360641 5.3508517732 7.484197905 4.4423747799 7.6843792122 9.2792799589 3.5783821233 4.6037664745 3.2373264553 5.0762938252 8.5051819508 6.1812808608 4.1411870679 4.9553268234 3.9849668535 4.3446800495 5.5230889173 3.2268824301 4.4419371075 4.0776885381 4.4472192453 2.8627056987 7.0603217079 4.3315793911 17.243198068 4.0546934087 4.2925561534 4.6386434932 3.78491473 4.4098162239 9.5294746605 5.0920447369 3.6694851238 5.1717636369 0.0 5.2113016397 4.9106842394
0.0 0.0 0.0 0.0 2.4487923682 2.316781998 0.0 0.0 0.0 1.3357049281 0.0 0.0 2.215822152 0.0 0.0 0.0 0.0 0.0 0.0 0.0 0.0 1.0149263143 1.3408851289 0.0 0.0 0.0 0.0 0.0 1.9304765492 0.0 0.0 0.0 0.0 1.3182739386 0.8975836688 0.0 0.0 0.0 0.0 0.0 0.0 0.0 1.2067904873 2.0874951336 0.0 0.9720831133 0.0 0.0 0.0 2.310469778 0.0 0.0 1.3461361476 0.0 1.1802512877 0.0 0.8765966883 0.0 0.0 1.2081065075 0.0 0.0 0.0 0.0 1.1014751517 0.0 0.0 0.0 1.1979458136 0.0 1.3832761651 0.0 0.0 0.0 1.415672823 0.0
4.9782068326 2.4080673004 2.5988874483 5.4034011562 8.5963200212 8.132906543 5.2967801327 7.4856208947 5.9657168268 4.6889018298 5.2337536035 5.2217527272 7.7784938308 4.7516666574 2.9994086308 0.0 3.6895951329 0.0 3.4223501607 3.4678059196 2.4950131022 3.562830197 0.0 3.6227348661 5.2646601133 6.3858377301 5.7206462998 7.1508078748 6.776807387 2.7960588931 5.2607139395 5.1427929811 3.1753753548 4.6277115196 3.1509067747 6.5074727344 3.7686911194 4.8139392119 3.8870316618 6.4334932355 5.1027021114 7.1371127571 4.2363564026 7.3280105099 8.8489465688 3.412432037 4.3902634394 3.0871930748 4.8408769889 8.1107479215 5.8946194431 3.949136491 4.7255199202 3.8001611032 4.1431923368 5.2669516321 3.0772333989 4.2359390276 0.0 4.2409762024 2.7299456296 6.7328941284 4.130699231 16.443532155 3.8666540384 4.0934857244 4.4235230109 3.6093865431 4.2053077735 9.0875383082 4.8558974406 3.4993100692 4.9319193183 3.5341468353 4.9696237173 4.6829476687
6.5613697865 3.1738777757 3.4253823023 7.1217838637 11.330110692 10.719323054 0.0 9.8661884536 0.0 6.1800603776 0.0 0.0 10.252200465 0.0 3.9532767177 0.0 0.0 8.4931686904 0.0 0.0 3.2884739699 4.695876888 6.2040282112 0.0 6.9389205723 0.0 7.5399189012 9.4248986265 8.9319589831 3.6852579572 6.9337194413 6.7782974109 4.1852041537 6.0994104034 4.1529541071 8.5769708696 4.967205437 6.3448619877 5.1231804869 0.0 0.0 9.406848205 0.0 0.0 11.663077211 4.497649298 5.7864493893 4.0689782581 0.0 10.690117576 0.0 5.2050358143 6.2283237063 5.0086834647 5.4608050513 0.0 4.0558512188 5.5830469259 5.1252248527 5.5896860166 3.5981194384 8.8740804863 0.0 21.672883167 5.0963223979 5.3952908058 5.8302861271 4.7572390236 5.5426743596 11.977545589 0.0 4.6121561707 6.5003619763 4.6580716805 6.5500570799 0.0
2.1259141923 1.0283510955 1.1098397267 2.3074909483 3.6710083268 3.4731103038 2.261959062 3.196690743 2.5476245757 2.0023681782 0.0 2.2299190461 0.0 2.0291715318 1.2808799616 2.0627570598 1.5756200818 2.7518259821 1.4614946752 1.4809062919 0.0 1.5214858553 2.0101338673 1.5470677949 2.2482423951 2.727034757 2.4429686365 3.0537107956 0.0 1.1940406422 2.2465572046 2.1961997471 1.3560255248 1.9762372132 1.3455763604 2.7789782762 1.6093975615 2.055764663 1.6599341999 2.7473857627 2.179079175 3.0478623755 1.8091112931 3.1293841474 0.0 1.4572591983 1.8748363955 0.0 0.0 3.4636475937 2.5172628527 1.686455705 2.0180057202 1.6228366346 1.7693261221 2.2492209748 1.314114575 1.8089330555 1.6605965839 1.8110841516 0.0 0.0 0.0 7.0221144994 1.6512320547 1.7480992032 0.0 1.5413674714 1.7958521571 3.8807802312 2.0736826798 1.4943599552 0.0 1.509236793 2.122248823 1.9998254885
0.0 3.8163951286 4.1188140363 8.5635122601 13.623769505 0.0 8.394535274 11.863491985 0.0 0.0 8.2946484731 8.2756290355 12.327647968 7.5306190491 4.7535749874 0.0 0.0 0.0 5.4238685436 5.4959085306 3.9541900873 5.6465065595 7.4599668658 0.0 0.0 10.120514489 9.0662942299 11.332867787 10.740137825 4.431298717 8.3373762221 8.1504906765 5.0324536334 7.3341703102 0.0 10.313286194 5.9727626494 0.0 6.1603131674 0.0 8.0869531666 0.0 6.7139360827 11.613705152 14.024141507 0.0 6.9578537114 4.8926990577 0.0 0.0 9.3420133747 0.0 7.489180722 0.0 6.5662861865 8.3472619505 4.8769145908 6.7132746112 6.1627713929 6.7212577142 0.0 0.0 6.5464866451 26.06032481 0.0 6.487509288 0.0 5.7202907983 6.6647290539 14.402270619 7.6958078929 0.0 7.8162902082 5.6010480952 7.8760455501 0.0
2.4299878285 0.0 1.2685822585 2.6375358605 0.0 0.0 2.5854914602 3.653919629 2.9120162671 2.2887707881 2.5547266278 2.5488686985 0.0 0.0 1.4640867105 2.3577972086 1.8009840825 3.1454249973 1.6705350973 1.6927231953 1.2178785804 1.7391069324 2.2976472187 1.7683479065 2.5698128717 0.0 2.7923911857 3.4904889821 3.3079299475 1.3648265945 2.5678866452 2.5103264627 1.5499804895 2.2589022603 1.5380367608 3.1764609368 1.8395928208 2.3498046757 1.8973578127 3.1403496847 2.4907571019 0.0 2.0678719952 3.5769860403 0.0 1.6656938119 2.1429978867 1.5069365031 2.3629536815 3.9590598366 2.8773118478 1.9276727402 0.0 1.8549541105 2.022396274 2.5709314196 1.5020749351 2.067668264 1.8981149387 2.0701270356 0.0 3.2864947827 2.0162980752 8.0265011755 1.8874109828 1.9981332277 2.1592327191 1.7618322547 0.0 4.4358557654 2.3702855413 1.7081011622 0.0 1.725105863 2.4257981943 2.2858644125
2.8519787471 1.3795643679 1.4888838527 3.0955695048 4.9247696668 4.6592834314 3.0344870903 0.0 0.0 0.0 2.9983796469 2.9915044315 0.0 2.7221955166 1.7183395461 0.0 2.1137424094 3.6916585086 0.0 1.9866809706 1.4293749899 2.0411196929 2.6966559088 2.0754386453 3.0160857632 3.6584003239 3.2773169568 4.096646196 3.8823840172 1.6018419497 3.0138250287 0.0 1.8191496116 2.6511825132 1.8051317388 3.7280841396 2.1590559288 0.0 2.2268523711 3.6857018188 0.0 0.0 2.4269779926 4.1981643061 5.0694975917 1.9549576731 2.5151502227 1.7686306202 2.7733034713 4.6465889171 3.3769849144 2.2624317792 0.0 2.1770848553 2.373604972 3.0173985577 0.0 2.4267388815 2.2277409793 2.4296246426 1.5639661385 3.8572264284 0.0 9.420380834 0.0 2.3451284127 2.534204391 2.0677914874 0.0 0.0 2.7819085796 2.0047294704 2.8254609644 2.0246872021 0.0 2.6828269042
2.8935170811 1.3996573667 1.5105690616 0.0 4.9964976653 4.7271446914 0.0 4.3509184431 3.4674942444 0.0 3.0420502722 3.0350749211 0.0 0.0 1.7433667178 2.807555831 2.1445285217 3.7454265615 1.9891959054 0.0 1.4501934676 2.0708480742 0.0 0.0 0.0 3.7116839799 3.325050232 4.15631279 3.9389299379 1.6251723641 3.057720612 2.9891806098 1.8456450559 2.6897963019 1.8314230164 3.7823827224 0.0 0.0 2.2592859008 0.0 0.0 4.1483526834 2.4623263004 4.2593094851 0.0 1.9834311268 2.5517827362 1.7943902684 2.8136959203 4.7142652848 3.4261698276 2.2953835139 2.7466461451 0.0 2.4081759155 3.0613461886 1.7886013381 0.0 0.0 0.0 1.5867449014 0.0 2.4009144625 9.5575862483 2.2474416759 2.3792846025 2.5711144236 0.0 2.4442796941 5.2820118176 2.8224263597 0.0 2.8666130738 2.0541762484 2.8885282586 2.7219015853
4.0706061959 1.969041063 0.0 0.0 7.0290839087 0.0 0.0 6.1208816386 0.0 0.0 4.279563016 4.2697500767 6.3603595125 0.0 2.4525721344 3.9496757201 3.0169274427 0.0 0.0 0.0 2.0401353608 0.0 0.0 2.9622567901 0.0 0.0 4.6776879821 0.0 0.0 0.0 0.0 4.2051858585 0.0 0.0 2.5764499289 5.3210643357 3.0816030625 0.0 0.0 0.0 0.0 0.0 0.0 5.9920059549 0.0 0.0 0.0 0.0 3.9583136112 0.0 4.8199432516 0.0 3.8639878401 3.1073356034 0.0 0.0 2.5162082977 0.0 3.1796366795 3.467783599 0.0 0.0 0.0 0.0 0.0 0.0 3.617049428 2.9513420635 0.0 0.0 0.0 0.0 4.0327575792 2.8898196658 0.0 0.0
0.0 0.6734386295 0.7268032755 1.511111865 2.4040416034 0.0 1.4812942947 0.0 1.6683687218 0.0 1.4636683341 1.4603121764 2.1753288308 0.0 0.0 1.3508424248 0.0 0.0 0.0 0.9698044841 0.0 0.0 1.3163809546 1.0131318186 1.4723116298 0.0 1.599832448 0.0 0.0 0.7819441212 0.0 0.0 0.0 1.2941829753 0.0 0.0 1.0539498552 0.0 0.0 1.7991867864 0.0 0.0 1.1847368425 0.0 0.0 0.0 0.0 0.0 0.0 0.0 0.0 0.0 0.0 1.0627507316 0.0 0.0 0.8605772117 1.1846201196 1.0874786758 0.0 0.0 0.0 0.0 4.5985881529 0.0 1.1447817159 1.2370797418 0.0 1.1760538018 2.5414154094 1.3579973105 0.0 1.3792575424 0.0 0.0 0.0
2.2507345162 1.0887294105 0.0 2.4429723184 0.0 3.6770295186 2.3947670859 0.0 0.0 2.1199346564 0.0 0.0 3.5167933229 2.1483117345 0.0 0.0 1.6681305931 2.9133959136 1.5473044597 0.0 0.0 1.610817945 0.0 1.6379018953 0.0 2.8871491035 2.5864044052 0.0 3.0639133344 0.0 0.0 2.3251467971 1.4356428235 0.0 1.4245801498 2.9421424198 1.7038912742 0.0 0.0 2.9086949924 2.3070210126 0.0 1.9153309412 3.3131219221 0.0 1.5428203022 0.0 1.3957740699 2.1886452882 0.0 0.0 1.7854737877 2.1364903366 0.0 0.0 0.0 1.391271126 0.0 0.0 0.0 0.0 3.0440593809 0.0 0.0 0.0 1.8507366048 0.0 1.6318668846 0.0 0.0 0.0 1.5820993825 2.2298071201 0.0 0.0 0.0
0.0 1.4456147021 0.0 3.2437781748 0.0 4.8823590881 0.0 0.0 3.5813483916 2.8148488294 3.1419350925 3.1347307078 0.0 0.0 1.800609648 0.0 0.0 0.0 2.0545105642 2.081798636 0.0 2.1388437577 2.8257655234 2.1748058217 0.0 0.0 3.4342272722 4.2927840902 0.0 0.0 3.1581199633 0.0 1.9062462651 0.0 1.8915572491 0.0 0.0 2.8899114648 2.3334688846 3.8621646518 3.0632620572 4.2845626159 2.5431760556 4.3991626514 0.0 0.0 0.0 0.0 0.0 4.8690567901 3.5386670998 0.0 0.0 2.281318616 0.0 3.1618645845 1.8473295337 2.5429254964 0.0 2.545949421 1.6388452006 4.0419014609 2.4797477783 0.0 2.3212357581 0.0 2.6555362047 2.1667925357 2.5245368944 0.0 2.9150998938 2.100711256 0.0 2.1216245175 0.0 2.8112744182
4.6370413054 2.2430380886 0.0 5.0330962923 8.0071986468 0.0 0.0 6.9726177423 5.5568754519 4.3675628982 4.8750749935 4.8638965589 7.2454195658 4.4260263386 2.793853727 4.4992830491 3.4367404986 6.0022792973 3.1878103081 3.2301509016 2.3240253371 0.0 4.3845014092 3.3744622869 4.9038634242 5.948204709 5.3286000518 0.0 0.0 0.0 4.9001876889 4.7903480672 2.9577611328 4.3105660708 2.9349694288 0.0 0.0 4.4840312422 3.6206463446 5.9925942964 0.0 6.6479934983 3.9460312285 0.0 8.2425122397 3.1785718914 4.0893907375 2.8756221441 0.0 7.5549036822 5.4906505006 0.0 4.4016714847 3.5397291827 3.8592518648 4.905997901 2.8663450228 3.945642457 3.6220911357 3.9503344251 2.5428575131 6.2714767041 0.0 15.316627126 0.0 3.8129517366 4.1203709703 3.3620287486 3.9171104181 8.4647528552 4.5231139975 3.2594960148 4.5939259583 3.2919453542 4.6290464066 0.0
0.0 3.5164105968 3.7950581204 0.0 12.552884552 11.876179185 7.7346898835 0.0 8.711513114 6.8470279375 0.0 7.6251301699 0.0 0.0 0.0 7.0535256055 5.3877777506 9.4097726799 0.0 0.0 3.6433742986 0.0 6.8735824396 5.2901442041 0.0 0.0 8.3536457913 0.0 9.8959183175 0.0 0.0 0.0 4.6368818448 6.7576740166 0.0 9.5026189997 0.0 0.0 5.6760869279 0.0 0.0 10.422058771 0.0 0.0 12.921785649 4.9830468499 0.0 0.0 0.0 0.0 0.0 0.0 6.9004999652 0.0 0.0 0.0 4.4935688179 6.1855833022 0.0 6.1929389001 3.9864374799 0.0 0.0 0.0 0.0 5.9775640725 0.0 5.2706521474 6.1408536276 13.270192241 0.0 5.1099115904 0.0 0.0 7.2569556086 6.8383332989
9.3903272775 4.5423062596 4.9022478409 10.192365841 0.0 15.340996613 0.0 14.120030051 0.0 8.8446149857 9.8723618523 0.0 0.0 8.9630074698 5.6577457766 9.1113573424 6.959635665 12.155028023 6.4555349241 0.0 0.0 6.7205206028 8.8789166344 0.0 0.0 12.045523266 0.0 13.488476574 12.783004283 5.2741697917 9.923216786 9.7007840045 5.9896695363 8.7291924936 0.0 0.0 7.1088334031 9.0804713854 7.3320576403 12.135415231 0.0 0.0 0.0 0.0 16.691653669 6.4368264954 8.2812972456 5.82333244 0.0 15.299199091 0.0 0.0 8.9136872171 0.0 7.8152502144 0.0 5.8045456319 0.0 0.0 7.9996986578 0.0 0.0 7.7916846303 31.017222411 0.0 7.7214892733 0.0 0.0 7.9324177607 0.0 9.1596166504 0.0 0.0 6.6664155481 9.374137058 0.0
2.0902341082 1.0110918601 0.0 0.0 3.6093962983 3.4148196785 2.2239956815 0.0 0.0 0.0 0.0 2.1924934062 3.2660099636 0.0 1.2593824314 2.0281369676 1.549175808 2.7056409654 1.4369658146 1.4560516382 1.0475983948 1.4959501383 1.9763969716 1.5211027257 2.210509227 2.6812658216 0.0 0.0 2.8454249535 1.1740005716 2.2088523197 2.1593400319 1.3332667959 0.0 0.0 2.7323375515 1.5823863865 2.0212619271 1.6320748479 2.701275268 2.1425068014 2.9967088594 1.7787482411 3.0768624182 3.7154683528 0.0 1.8433702524 0.0 2.0325724777 3.4055157849 0.0 1.6581512318 1.984136708 1.5955999061 1.7396308009 2.2114713828 1.2920592546 0.0 1.6327261148 0.0 0.0 2.8269867902 0.0 6.9042594906 1.6235187544 0.0 1.8573351785 0.0 1.7657116386 3.8156475154 2.0388792185 1.4692795033 2.0707990497 1.483906657 2.0866302563 1.9662616025
0.0 0.0 4.3536599231 0.0 14.400567438 0.0 0.0 12.539922693 9.9937772521 0.0 0.0 8.7474875419 13.030543849 0.0 0.0 8.0917474175 0.0 0.0 0.0 0.0 0.0 0.0 7.8853180758 6.0688105631 8.8193660558 0.0 0.0 11.979043449 0.0 0.0 0.0 0.0 0.0 7.7523488721 5.2784034782 10.901327514 6.3133166848 8.0643177653 0.0 0.0 0.0 11.956101369 0.0 0.0 0.0 0.0 0.0 0.0 0.0 0.0 9.8746748146 0.0 0.0 6.366035246 0.0 8.8232048112 5.154985735 0.0 0.0 7.1044893227 4.5732087735 0.0 0.0 27.546228285 6.477424305 0.0 0.0 0.0 0.0 0.0 0.0 0.0 0.0 5.9204077689 8.3251206686 7.8448805472
0.4382375219 0.2119850544 0.228783181 0.4756678885 0.756744368 0.7159495234 0.4662819118 0.658968191 0.5251692118 0.4127696553 0.4607336108 0.4596771593 0.684750147 0.4182949184 0.2640415414 0.4252182639 0.3247994875 0.5672634406 0.3012735919 0.3052751169 0.2196389977 0.313640218 0.4143704802 0.318913698 0.463454348 0.5621529591 0.5035953592 0.629494199 0.5965704872 0.2461404199 0.4631069616 0.4527262381 0.2795321033 0.4073829988 0.2773781048 0.5728606345 0.3317624021 0.4237768461 0.3421800621 0.5663481304 0.4491969907 0.6282886014 0.3729315382 0.6450935596 0.7789833862 0.3004004875 0.3864801594 0.2717693114 0.4261482109 0.7139988734 0.5189104238 0.3476472247 0.4159931897 0.3345327425 0.3647301937 0.4636560731 0.2708925491 0.3728947962 0.3423166064 0.3733382248 0.24032039 0.5927047504 0.3636304106 1.4475438697 0.3403861954 0.360354461 0.3894080394 0.3177386291 0.3701982901 0.7999869033 0.4274704793 0.308048465 0.4341627765 0.3111151873 0.43748194 0.4122455033
3.9929192818 1.931462207 2.0845151984 4.3339590719 0.0 6.523240284 4.2484404997 6.0040655223 4.7849811284 3.7608735748 4.1978881919 0.0 0.0 3.811215977 0.0 3.8742967461 2.9593498309 5.1685148271 2.7449980295 2.7814571768 2.0011996807 2.8576742328 3.7754591915 2.9057225596 4.22267768 5.1219516304 4.5884150023 0.0 5.4355405058 2.242662437 4.2195125336 4.1249305115 2.5469045195 3.7117940613 2.527278765 5.2195126139 0.0 3.8611635368 3.1177096881 5.1601751501 4.0927744337 5.7245341752 3.3978960163 5.877649412 7.097561545 2.7370429025 3.5213417459 2.4761752915 3.8827697844 6.5054673007 4.7279553512 3.1675227188 3.7902442065 3.0480325653 3.3231709983 4.224515661 2.4681868364 3.3975612482 3.1189537861 3.4016014645 2.189634322 5.4003185669 0.0 0.0 0.0 3.2833023272 3.5480185773 2.8950161389 3.3729925371 7.2889311664 3.8948173856 2.8067260197 3.9557930003 2.8346678871 3.9860349382 3.7560978623
0.0 0.0 0.0 0.0 0.0 7.2177556699 4.7007628371 0.0 0.0 0.0 0.0 4.6341778495 0.0 4.2169879583 0.0 4.2867848015 0.0 5.7187955025 0.0 3.0775929499 2.2142631136 0.0 4.1774242247 0.0 4.6722571054 0.0 0.0 0.0 0.0 2.4814338911 0.0 0.0 0.0 4.1069808048 2.7963527084 5.7752229142 3.3446212066 0.0 3.449645544 5.709567918 0.0 0.0 3.7596627089 0.0 0.0 0.0 3.8962514403 2.7398083578 0.0 7.1980904352 0.0 0.0 0.0 0.0 3.6769818788 0.0 2.730969389 3.7592922988 0.0 3.7637626682 2.4227599865 0.0 0.0 0.0 0.0 0.0 0.0 3.2032422909 0.0 0.0 0.0 0.0 4.3769577869 3.1364688902 0.0 0.0
13.435598918 0.0 7.0140937414 14.583148746 23.200463914 21.94976505 14.295391054 20.202816672 0.0 12.654798498 14.125289811 14.092900848 20.993246526 12.824193439 8.0950536426 13.036451152 9.9577864163 17.391308794 9.2365234435 0.0 0.0 9.6156626569 12.703877 9.7773383637 14.208702872 17.234630336 15.439356343 0.0 18.289811785 7.5462364465 14.19805261 13.879797713 8.5699672824 12.489652997 8.5039294421 17.562909009 10.171257247 0.0 10.490644552 17.36324698 13.771597138 19.262233905 11.433431236 0.0 0.0 0.0 11.848808356 8.3319736061 13.064961706 21.889961519 0.0 10.658258234 12.753626449 10.256191059 11.181992301 14.214887414 8.3050936039 11.432304789 10.494830763 11.445899536 7.3678044686 18.171295028 11.148274868 44.379173115 10.435647726 11.047839959 11.938572056 9.7413127986 11.349634611 0.0 13.105500151 9.4442292497 13.310674322 0.0 13.412434092 12.638728913
0.0 0.1890482589 0.2040288272 0.4242005945 0.0 0.0 0.0 0.5876677933 0.4683458717 0.0 0.0 0.0 0.6106601402 0.0 0.2354722308 0.3792096224 0.2896561635 0.5058855024 0.2686757712 0.272244331 0.195874045 0.2797043277 0.3695355695 0.0 0.0 0.0 0.4491063113 0.5613828891 0.5320215249 0.2195080118 0.4129987606 0.0 0.0 0.0 0.2473657773 0.5108770796 0.0 0.377924166 0.0 0.0 0.4005938495 0.0 0.0 0.0 0.0 0.2678971368 0.3446629831 0.0 0.3800389491 0.0 0.4627642849 0.3100317742 0.3709827018 0.2983362798 0.0 0.4134884583 0.2415819591 0.0 0.0 0.0 0.0 0.0 0.0 1.2909195365 0.3035563887 0.3213640868 0.3472740663 0.2833592904 0.330142813 0.7134282726 0.3812181479 0.0 0.0 0.0 0.0 0.3676405153
0.8216579385 0.3974538786 0.4289489318 0.8918366802 1.4188310822 0.0 0.8742387753 1.2355090979 0.9846474352 0.773907863 0.8638361846 0.8618554282 1.2838480643 0.7842672596 0.4950553473 0.7972479414 0.6089713089 1.0635705203 0.5648622632 0.5723647809 0.4118043687 0.5880486314 0.776909273 0.5979359561 0.8689373345 1.0539888039 0.9441983035 1.1802478794 1.1185187307 0.4614922729 0.8682860146 0.8488230444 0.5240988283 0.7638083421 0.5200602651 1.0740647811 0.0 0.0 0.6415584024 1.061854392 0.8422060069 1.1779874867 0.6992147947 1.2094953487 1.4605273425 0.5632252671 0.0 0.0 0.0 1.3386869291 0.9729127421 0.6518088656 0.7799517149 0.6272203312 0.683837974 0.0 0.5079004019 0.6991459066 0.6418144113 0.6999772972 0.4505802137 1.1112708041 0.6817759746 2.71402117 0.6381950556 0.6756338487 0.7301068277 0.5957328022 0.6940901879 1.499907144 0.801470653 0.0 0.8140181387 0.5833144144 0.8202412869 0.7729251229
1.2575337023 0.608296499 0.6564991501 0.0 2.1714971888 2.0544353458 0.0 1.8909259647 0.0 1.1844530121 1.322086801 1.3190552864 1.9649079426 0.0 0.7576739109 1.2201746109 0.9320203807 1.6277768538 0.0 0.8759947032 0.6302596837 0.8999985736 0.0 0.9151309581 1.3298940253 1.6131121974 1.4450796768 1.8063495961 0.0 0.7063061881 0.0 1.2991094414 0.8021244718 1.1689958646 0.7959435185 1.643838144 0.0 1.2160384257 0.981894381 0.0 1.2889821764 0.0 1.0701365231 1.8511123577 0.0 0.8620068305 1.1090146357 0.7798489431 1.2228431174 0.0 1.4890266438 0.0 0.0 0.9599502034 1.0466025567 1.3304728808 0.7773330517 1.070031091 0.9822861984 1.0713035204 0.6896054644 0.0 1.0434467011 4.1537639083 0.9767468351 1.0340462804 1.1174162617 0.0 1.0622933983 0.0 1.2266374001 0.8839528961 1.2458411168 0.8927529337 1.2553655407 1.1829489448
0.706089805 0.34155105 0.3686162494 0.7663977406 1.2192691327 1.1535403385 0.7512750226 1.0617318194 0.8461544432 0.6650558906 0.742335581 0.7406334226 1.1032717958 0.6739582135 0.4254246411 0.6851131317 0.5233180532 0.9139768096 0.4854130491 0.49186032 0.3538831097 0.5053381998 0.6676351451 0.5138348488 0.746719242 0.9057427843 0.8113945776 1.014243222 0.9611964242 0.3965822926 0.7461595318 0.7294340744 0.4503830878 0.0 0.446912558 0.9229950278 0.5345367252 0.6827907143 0.5513216948 0.9125020588 0.0 1.0123007589 0.6008685791 0.0 1.2551007154 0.4840063004 0.6226981642 0.4378756507 0.6866114655 1.1503974444 0.8360702624 0.5601304061 0.6702496604 0.5390003072 0.5876545446 0.7470442623 0.4364630084 0.6008093803 0.5515416955 0.6015238339 0.3872050403 0.9549679356 0.0 2.3322876696 0.5484314107 0.5806043489 0.6274155745 0.5119415737 0.5964647604 1.2889416546 0.6887419089 0.496328748 0.6995245611 0.5012698615 0.7048724088 0.6642113752
1.0420920582 0.5040826735 0.5440272092 0.0 1.7994746151 0.0 1.1087792645 1.5669710696 1.2488083231 0.9815316082 1.0955858702 1.0930737171 1.6282783979 0.9946702203 0.6278686319 1.0111333551 0.77234593 1.3489048673 0.7164033241 0.7259186148 0.5222831084 0.7458101236 0.0 0.7583500164 1.1020555549 1.3367525712 1.1975075117 0.0 0.0 0.5853012671 1.1012294991 0.0 0.6647038884 0.0 0.6595818608 1.3622145249 0.7889031568 1.0077057844 0.8136754781 1.3467283367 1.0681527555 1.4940175796 0.0 1.5339783604 1.8523571344 0.7143271552 0.9190173927 0.6462446205 1.0133446911 1.6978294152 1.2339254503 0.8266759322 0.9891969027 0.7954907939 0.8672977992 1.1025352404 0.6441597535 0.8867125389 0.8140001691 0.8877669748 0.5714617242 1.4094021675 0.8646826073 0.0 0.8094098138 0.0 0.0 0.0 0.8803004737 1.902301736 1.0164889344 0.0 1.0324026554 0.7398058123 1.0402953478 0.9802852189
2.3590302133 1.1411144029 1.2315386278 2.5605176745 4.0735508457 3.8539524174 2.5099930128 3.5472222127 2.8269830305 2.2219368249 2.4801265385 2.4744396655 3.6860063428 2.2516792864 1.4213341912 2.2889476181 1.7483938868 3.0535760366 1.6217541177 1.6432943052 0.0 1.6883235997 2.2305540566 1.7167107136 2.4947722519 3.0260663426 2.7108510985 3.3885638732 3.2113357105 1.3249725511 2.4929022727 2.4370228942 1.5047198022 2.1929404824 1.4931248401 3.0837057015 1.7858752186 2.2811884736 1.8419534259 3.0486489272 2.4180249747 3.3820741476 2.007488456 3.4725351472 4.1932633604 1.6170542018 2.0804206105 1.4629327351 2.2939535177 3.8434520788 2.7932920085 1.8713831329 2.2392890935 1.8007879462 1.9633406627 2.4958581372 1.4582131288 2.0072906739 1.8426884432 2.0096776473 1.2936433614 3.1905264699 1.9574205363 7.7921208321 1.8322970515 1.939786117 2.0961813727 1.7103853241 1.9927753963 4.3063251798 0.0 1.6582232231 2.3370958806 1.6747313728 2.3549629198 2.2191153179
5.4987610157 2.6598707205 0.0 0.0 0.0 0.0 5.8506464439 0.0 6.5895315765 0.0 0.0 5.7677736774 8.5918645158 0.0 3.3130466057 0.0 0.0 0.0 0.0 0.0 0.0 3.9353832517 0.0 4.0015519487 0.0 0.0 0.0 7.898543571 0.0 3.0884332765 5.8108089314 0.0 3.5074135724 0.0 3.480386396 0.0 0.0 0.0 0.0 0.0 0.0 0.0 0.0 0.0 9.7742508616 3.7692584669 0.0 3.4100103709 0.0 0.0 6.5109997809 0.0 5.219651491 4.1975310448 4.5764318896 5.8176988783 3.3990092455 0.0 4.295198645 0.0 0.0 0.0 4.5626324222 0.0 0.0 4.5215276256 0.0 0.0 0.0 0.0 5.3636621459 3.86522104 0.0 0.0 5.4892803932 5.1726276037
3.1558472105 1.526552176 1.6475192735 3.4253917202 5.4494868276 0.0 3.3578011859 4.7453785296 3.7818619112 2.9724473605 3.3178466193 3.3102388736 4.9310402084 3.012236026 1.9014226766 3.0620925984 2.3389543463 4.084991944 2.1695390672 2.1983549511 0.0 2.2585939308 0.0 2.2965694488 0.0 4.0481902148 3.6265037341 4.5331296676 4.2960385953 0.0 3.3349376531 3.2601837226 2.0129737057 2.9336568329 1.997462277 4.1252985998 2.3890958645 3.0517126235 2.4641157829 4.0784005895 3.2347688165 4.5244478871 2.6855640967 4.6454641809 5.6096350119 2.163251646 2.7831307727 1.9570720906 3.0687893564 5.141666882 3.7367909675 2.5034860539 2.9956607589 2.4090457106 2.6265043655 3.3388919293 0.0 2.6852995091 2.4650990693 2.6884927381 1.7306013168 4.2682005526 0.0 10.424089803 2.4511977447 2.5949937274 2.8042150967 0.0 2.665881361 5.7608860749 3.0783113092 2.2183264561 3.1265040498 2.2404106151 3.1504060946 2.9686728242
0.0 1.636439491 1.7661142827 3.67196508 5.8417626273 5.5268428092 0.0 5.0869698053 0.0 3.1864159786 0.0 3.5485230721 5.2859961525 3.2290687909 2.0382946656 3.2825142382 2.5073216102 4.3790459591 2.3257111435 0.0 1.6955248594 0.0 3.1987737038 2.4618856787 3.577681452 0.0 0.0 4.8594424236 0.0 0.0 3.5749997684 3.4948647518 2.1578755828 0.0 2.1412475796 4.4222540488 0.0 0.0 0.0 4.3719801326 3.4676203793 4.850135694 2.8788817131 4.9798632233 0.0 0.0 0.0 2.0979499464 3.2896930556 5.5117845742 0.0 2.6836969664 0.0 2.5824584305 2.8155706269 3.5792386891 0.0 2.8785980794 2.6425467336 0.0 0.0 0.0 0.0 11.174457369 2.6276447362 0.0 3.0060736853 2.4528146187 0.0 0.0 0.0 0.0 3.3515622829 2.4016843081 3.3771848922 3.182369736
2.6944670838 1.3033725385 0.0 2.9246045907 4.6527800307 4.4019563094 0.0 4.0516113093 3.2289593747 0.0 0.0 2.8262869175 4.2101295293 2.571851639 1.6234375345 2.6144192553 1.9970027306 3.4877722516 1.8523557111 1.876958756 1.3504321744 1.9283908873 2.5477225558 0.0 0.0 3.45635088 3.09631433 3.8703929124 3.6679641991 1.5133739729 0.0 2.7835497545 1.7186799705 2.504760606 0.0 3.5221861348 2.0398136341 2.6055568172 2.103865753 3.4821445432 2.7618504695 3.8629803952 2.2929386557 0.0 4.7895147908 0.0 2.37624123 0.0 2.6201369574 4.3899628993 3.1904777353 2.1374801494 2.5576996512 2.0568468427 0.0 0.0 1.6655603878 2.2927127504 2.1047052844 2.295439134 1.4775900012 0.0 2.2357514433 0.0 0.0 2.2156095384 2.3942430575 0.0 0.0 4.9186531753 2.628266815 0.0 2.6694138493 1.912865945 2.6898214509 0.0
9.360898741 4.5280710342 4.8868845873 10.160423779 16.164310558 15.292919153 9.9599362065 14.075779003 11.217788455 8.816896668 9.8414226579 9.8188565027 14.626490131 8.9349181195 5.6400148527 9.0828030755 6.937824722 12.116935135 6.4353037927 6.5207776934 0.0 6.6994590274 8.8510908181 0.0 9.8995385053 12.007773557 10.756963812 13.446204765 12.742943367 0.0 9.8921182163 9.6703825214 5.9708983898 8.7018359008 5.9248882684 12.236493054 7.0865548863 9.0520139125 7.3090795567 12.097383808 9.5949966276 13.420452799 7.9659412815 13.779412279 16.639343358 6.4166539947 8.2553443207 5.8050825807 9.1026670516 15.251252622 0.0 7.4258599631 8.8857524325 7.1457302765 7.7907578438 9.9038474213 5.786354649 7.9651564597 7.3119961886 7.9746282404 5.1333231958 12.660369946 7.7672661123 30.92001691 7.2707619705 7.6972907419 8.317884808 6.7870024455 7.9075581963 17.087985447 9.1309111426 6.5800173282 9.2738608278 6.6455235337 9.3447592604 8.8057006087
1.0861523603 0.5253956033 0.5670290189 1.1789218722 1.875557524 1.7744493017 1.1556591432 1.6332235836 1.3016087178 1.0230313767 1.141907924 1.1392895555 1.697123024 1.0367254975 0.6544153092 1.053884704 0.8050011976 1.4059374063 0.7466933034 0.7566109066 0.544365564 0.7773434407 1.0269989505 0.790413528 1.148651151 1.3932713035 1.2481388761 1.5601735951 1.4785736282 0.6100481696 1.1477901691 1.122062004 0.6928079834 1.0096807864 0.0 1.4198098046 0.8222584742 1.0503122134 0.8480781848 1.4036688506 1.1133149201 1.5571855745 0.9242943615 1.5988359221 1.9306759492 0.7445293528 0.9578740212 0.6735682461 1.0561895366 1.7696147016 1.2860965879 0.8616283061 1.0310207646 0.8291246408 0.903967691 1.1491511179 0.6713952296 0.924203298 0.8484166038 0.9253023161 0.5956234823 1.46899257 0.9012419271 3.5876736066 0.8436321654 0.8931226305 0.0 0.7875011716 0.9175201267 1.9827322397 1.0594667204 0.7634845274 1.0760532835 0.7710852634 1.0842796838 1.0217322893
3.8832417296 1.8784087812 2.0272577113 4.2149138349 6.7055447373 6.3440598458 0.0 5.8391457823 4.6535472124 3.6575698567 4.0825805514 4.0732192883 6.0676008155 3.7065294532 2.339683575 3.7678775191 0.0 5.0265460031 2.6695983924 0.0 1.9462307052 2.7791796045 3.6717548355 2.8259081393 4.1066891216 0.0 4.4623803668 5.5779754586 5.2862370174 2.1810609597 4.1036109154 4.0116268734 2.4769461172 3.6098384598 2.4578594432 5.0761429821 2.9397610652 3.7551050529 3.032072403 0.0 3.980354059 5.5672926054 3.3045625699 5.7162020711 0.0 2.661861777 0.0 2.4081596805 0.0 6.326775051 4.5980878199 3.0805171688 3.6861337356 2.9643091722 3.2318900996 4.1084766168 2.4003906523 3.3042369972 3.0332823281 3.3081662368 2.1294894216 5.2519825551 0.0 0.0 3.0161768727 3.1931165416 3.4505615627 2.8154958027 3.2803431398 0.0 3.7878344974 2.7296308375 3.8471352332 2.7568051973 3.8765464852 0.0
0.0 0.0 1.415186083 0.0 4.6810001208 0.0 0.0 4.0761851846 0.0 0.0 0.0 0.0 0.0 0.0 1.6332840248 0.0 0.0 3.5089263243 1.8635906383 0.0 0.0 0.0 2.5631750293 0.0 2.8667935309 0.0 3.115094128 3.89386766 0.0 1.5225529045 0.0 2.8004325696 0.0 2.5199525063 0.0 0.0 2.0521855331 0.0 0.0 0.0 0.0 0.0 2.3068458112 0.0 4.818564206 1.8581898694 2.3906536331 1.6810857577 2.6360286395 0.0 0.0 0.0 0.0 0.0 2.2561146841 0.0 1.6756623621 0.0 2.1174707649 2.3093614555 0.0 0.0 2.2493117464 0.0 2.1055298053 0.0 2.4087646455 1.96543856 0.0 4.948485842 0.0 0.0 0.0 0.0 2.7061357841 0.0
0.0 0.0 0.0 0.0 2.5773915328 2.438448593 0.0 0.0 0.0 0.0 1.5692101026 1.56561194 2.3321868064 0.0 0.0 1.4482485756 1.1062328103 1.9320394711 0.0 1.0397348624 0.7480672692 0.0 1.4113021677 1.0861864317 0.0 1.9146337101 1.7151926986 0.0 0.0 0.0 0.0 0.0 0.9520568723 0.0 0.9447205806 0.0 1.1299477633 1.4433392584 1.1654292148 0.0 1.5299175908 2.1398847348 0.0 0.0 0.0 1.0231323888 0.0 0.0 1.451415877 2.4318048846 0.0 0.0 1.4168289454 0.0 0.0 1.579163701 0.9226314617 0.0 1.1658942704 0.0 0.0 0.0 0.0 0.0 1.1593194942 0.0 1.3262827262 0.0 1.2608563457 2.7246710489 0.0 0.0 0.0 0.0 1.4900173631 0.0
0.0 0.8438140418 0.0 1.8934129325 3.0122478471 2.8498625184 0.0 2.6230462999 0.0 1.6430442802 1.8339665096 0.0 0.0 1.6650377864 1.051026738 0.0 1.2928759014 2.2580122823 1.1992302378 1.2151584503 0.8742808349 1.2484560328 1.6494164206 0.0 1.8447965005 2.2376698293 0.0 2.5057240276 2.3746700229 0.0 1.8434137165 0.0 1.1126874701 1.6216025029 0.0 0.0 1.3205920304 1.6868587944 1.3620598961 2.2543688579 1.7880445832 0.0 0.0 2.5678178369 3.1007710491 1.195754815 0.0 1.0817874009 1.6962980964 2.8420978866 2.0655413809 1.3838221313 1.6558756737 0.0 1.4518214964 1.8455994746 1.0782974177 1.4843209868 1.3626034156 1.4860860698 0.956603852 2.35928232 0.0 5.7619998104 1.3549193462 0.0 1.550052538 1.2647699035 1.4735874485 3.1843762955 1.7015614327 1.226197861 1.7282003592 1.2384050582 0.0 0.0
2.545753196 1.2314363851 1.3290179075 2.7631888801 4.3959823093 4.1590021309 2.7086650685 3.8279934839 3.0507456176 2.3978085323 2.6764345901 2.6702975873 3.9777627157 2.429905182 1.5338362516 2.4701233928 1.8867835181 3.2952740116 1.7501199031 1.7733650489 1.2758986905 1.8219585216 2.4071078389 1.8525925446 2.6922395473 3.2655868583 2.9254215606 3.6567769507 3.4655207476 1.4298473532 2.6902215547 2.6299191874 1.6238220367 2.3665170587 1.6113093051 3.3277885128 1.9272315885 2.4617500932 1.9877485225 3.2899569095 2.6094175363 3.6497735475 2.1663860531 3.7473947555 4.5251703608 1.7450479774 2.2450909651 1.5787274216 2.4755255216 4.1476706649 3.0143878692 2.0195076624 2.4165342752 1.9433246948 2.1187438545 2.6934113831 1.5736342469 2.166172616 1.9885417182 2.1687485242 1.3960383819 0.0 2.1123551356 8.4088861602 1.9773278225 2.0933249092 2.26209923 1.8457664851 2.1505084189 4.6471812984 2.4832066735 1.7894756269 2.5220827075 1.8072904369 2.5413639664 2.3947636961
3.2724298684 0.0 0.0 0.0 5.6508006481 5.3461752762 3.481844386 0.0 0.0 0.0 0.0 3.4325250365 0.0 0.0 0.0 0.0 0.0 4.2358988754 0.0 0.0 1.6400996729 0.0 0.0 2.3814088445 3.4607302551 4.1977376243 0.0 4.7005916105 0.0 1.8379924626 0.0 0.0 2.0873365659 0.0 0.0 4.2776945314 2.477353352 0.0 2.5551446409 0.0 0.0 4.6915891095 2.7847736527 0.0 5.8168649937 2.243166043 2.8859446167 2.0293698449 0.0 0.0 0.0 2.5959693203 0.0 2.4980401813 2.7235321491 3.4622365876 0.0 2.7844992908 2.5561642517 0.0 1.7945328344 0.0 0.0 10.809174383 0.0 2.6908574515 0.0 2.3726343094 2.7643638014 0.0 3.1920296518 0.0 3.2420027188 0.0 3.2667877479 3.0783409245
1.0716324962 0.5183720281 0.5594488813 1.1631618499 1.8504847613 1.7507281704 1.140210101 1.611390381 1.2842085975 1.0093553243 1.1266427103 1.1240593446 1.6744356031 1.0228663798 0.6456669773 1.0397961992 0.7942398086 1.3871426029 0.736711384 0.746496407 0.5370883952 0.7669517852 1.013269859 0.7798471494 1.1332957927 1.3746458226 1.2314535495 1.5393169368 1.4588078118 0.6018929449 1.1324463206 1.1070620938 0.6835464118 0.9961832069 0.6782791888 1.4008295526 0.8112663871 1.0362714663 0.8367409355 1.3849043736 1.0984319424 1.5363688606 0.9119382418 1.5774624194 1.9048663542 0.7345763615 0.9450690031 0.6645638745 1.0420702204 1.7459582 1.2689038363 0.8501099166 1.0172379088 0.0 0.8918833016 1.1337890759 0.6624199073 0.9118483957 0.8370748306 0.9129327219 0.5876610892 1.4493548347 0.8891939762 3.5397129933 0.8323543513 0.8811832196 0.9522286167 0.7769737258 0.9052545661 1.9562267476 1.0453035943 0.7532781402 1.0616684255 0.7607772683 1.0697848539 1.0080736033
0.0 0.7186637098 0.0 1.6125912758 2.5654861206 0.0 0.0 2.234009025 1.780408789 1.3993560658 1.5619616528 1.5583801108 2.3214140368 0.0 0.0 1.4415588678 1.1011229318 0.0 1.0213663306 1.0349321493 0.7446118186 0.0 1.4047831217 1.0811691508 1.5711853929 1.9057896896 0.0 2.1340874128 2.022470691 0.8344559375 1.5700076967 1.5348153607 0.9476591588 1.381094427 0.0 0.0 1.1247283414 1.4366722275 1.160045898 0.0 1.5228506398 0.0 1.2642983888 2.1869717749 0.0 1.0184063654 1.3102304116 0.0 0.0 0.0 0.0 0.0 1.4102843703 0.0 1.236494501 0.0 0.9183696693 1.2641738274 0.0 1.2656771221 0.8147250923 2.0093652162 1.232766058 0.0 0.0 1.2216600574 1.3201563996 1.0771854767 0.0 2.7120853275 0.0 1.0443342491 0.0 0.0 0.0 0.0
0.3591771713 0.0 0.0 0.0 0.6202237095 0.0 0.382162206 0.0 0.4304259277 0.0 0.0 0.0 0.0 0.0 0.0 0.3485066558 0.0 0.0 0.0 0.2502018824 0.0 0.2570578754 0.3396158692 0.2613799919 0.0 0.4607376128 0.0 0.5159301393 0.4889460381 0.2017353954 0.3795600334 0.0 0.0 0.0 0.2273376379 0.0 0.2719107223 0.0 0.2804489817 0.4641759532 0.3681594943 0.0 0.0 0.5287152934 0.638450692 0.0 0.3167571088 0.2227407002 0.3492688355 0.0 0.0 0.2849298395 0.0 0.2741812788 0.0 0.0 0.0 0.3056226165 0.0 0.0 0.0 0.4857777004 0.0 0.0 0.0 0.0 0.0 0.0 0.3034125743 0.6556650643 0.3503525597 0.0 0.3558375313 0.0 0.0 0.3378742494
11.444526232 5.5359671294 5.9746484178 12.422016271 0.0 18.696945588 0.0 17.208884157 13.71473806 10.779435607 12.0320092 12.00442008 17.882177195 0.0 6.8954167454 11.104529697 8.4821040395 14.814024363 7.8677277797 0.0 5.7358490431 8.1906809059 0.0 0.0 0.0 14.680564684 0.0 0.0 0.0 6.4279308644 12.093989001 0.0 0.0 10.638763647 0.0 0.0 0.0 0.0 0.0 14.790121137 11.730731593 0.0 9.739067421 0.0 20.343068205 0.0 0.0 0.0 0.0 0.0 13.551290477 0.0 10.863617866 8.7362869591 0.0 12.108328991 0.0 9.7381079069 8.9395617348 9.7496879961 0.0 0.0 9.4961694633 0.0 0.0 0.0 0.0 0.0 9.6676889381 20.891572819 0.0 8.0446528697 11.338114689 8.1247399968 0.0 0.0
0.6654504856 0.3218929242 0.3474003738 0.0 0.0 0.0 0.7080350476 1.0006233624 0.0 0.6267782968 0.0 0.0 1.0397724866 0.0 0.0 0.6456811344 0.493198245 0.8613724594 0.4574748806 0.4635510759 0.0 0.4762532302 0.6292091012 0.0 0.0 0.0 0.0 0.9558679929 0.9058743275 0.3737568186 0.0 0.687451165 0.4244610847 0.6185988212 0.0 0.0 0.5037712212 0.0 0.5195901243 0.0 0.6820921091 0.9540373291 0.5662853152 0.0 1.1828628239 0.456149098 0.5868584886 0.4126735188 0.0 0.0 0.7879498589 0.5278918462 0.6316731369 0.5079778998 0.5538318204 0.7040477906 0.4113421818 0.5662295236 0.0 0.5669028565 0.3649192784 0.0 0.0 0.0 0.5168661918 0.547187402 0.5913043863 0.482476544 0.0 1.2147560324 0.6491010556 0.4677623215 0.6592631074 0.4724190471 0.0 0.6259823879
2.9228931079 0.0 0.0 3.172540742 0.0 0.0 0.0 0.0 3.5026974939 0.0 0.0 3.065888094 0.0 0.0 1.7610660042 2.8360591482 0.0 0.0 2.0093909381 2.0360797297 0.0 0.0 2.7637081722 0.0 0.0 0.0 0.0 0.0 0.0 1.6416716988 0.0 0.0 0.0 2.717104082 0.0 3.820782833 0.0 0.0 2.2822229844 0.0 0.0 0.0 0.0 0.0 5.1955504879 0.0 0.0 1.8126075642 2.8422615739 4.7621262026 0.0 0.0 2.7745310853 2.2312180009 2.4326245841 0.0 0.0 2.4870796666 0.0 0.0 0.0 0.0 0.0 0.0 2.2702585126 0.0 2.5972173025 0.0 0.0 0.0 0.0 0.0 0.0 0.0 2.917853637 0.0
1.1314323369 0.5472985163 0.5906675632 1.2280692633 1.9537465553 1.8484232908 1.2038367479 1.7013100956 1.3558707297 1.0656799392 0.0 1.1867847379 1.7678734028 1.0799449463 0.68169685 1.097819493 0.8385604263 1.4645487165 0.777821768 0.7881528204 0.5670593046 0.8097496612 0.0 0.8233646197 1.1965366035 0.0 1.3001718148 0.0 1.5402130278 0.0 0.0 1.168838997 0.7216900541 0.0 0.0 1.4789994331 0.8565371315 1.094098071 0.883433225 1.4621855883 0.0 1.622102182 0.9628267338 1.6654888668 2.0111627806 0.7755676058 0.9978062764 0.7016482426 0.0 1.8433871439 1.3397119236 0.0 1.0740023921 0.8636895377 0.9416526765 0.0 0.6993846365 0.962731874 0.8837857522 0.9638767084 0.6204540846 1.5302325504 0.9388132798 3.7372380536 0.8788018582 0.9303555025 1.0053654149 0.0 0.9557700919 2.0653892156 1.1036342149 0.7953129917 1.1209122456 0.8032305903 0.0 1.0643266949
2.6772379147 0.0 0.0 0.0 4.623028866 0.0 2.8485639657 0.0 3.2083125138 0.0 2.8146688265 2.8082148558 0.0 0.0 1.6130568251 2.5977019342 0.0 0.0 1.8405112355 0.0 0.0 1.9160602216 2.5314317119 0.0 2.8312900885 0.0 0.0 0.0 0.0 1.5036970404 2.8291678693 0.0 0.0 0.0 0.0 3.4996643007 0.0 2.588896165 2.0904130525 3.4598787462 2.7441904323 0.0 0.0 3.9409426399 0.0 0.0 2.3610468851 0.0 2.6033830757 0.0 0.0 2.1238125091 2.5413450109 0.0 0.0 2.8325224481 0.0 2.2780525098 0.0 2.2807614602 1.4681418813 3.6208940373 2.2214554291 8.843193788 2.0794541374 0.0 0.0 1.9410978344 2.261579278 0.0 2.6114609487 1.8818996293 2.6523448775 1.9006345501 0.0 2.5184500108
2.6564754161 1.2849951396 0.0 2.8833680113 4.5871763816 4.3398892451 2.8264728003 3.9944840681 3.1834314287 2.5020962081 2.7928405245 2.7864366056 4.1507672 2.5355888345 1.6005472569 2.5775562525 1.9688452279 3.4385950746 1.8262377143 1.8504938591 1.3313912402 1.9012008034 2.5117999686 1.9331671894 2.8093328854 0.0 3.0526566634 3.8158208293 3.616246337 1.4920355785 2.8072271244 2.7443020315 1.6944467858 2.4694437772 1.6813898391 3.4725237261 2.0110525026 2.5688187737 2.0742014943 3.4330467163 2.7229087039 3.8085128277 2.2606084913 3.9103798663 0.0 1.8209451958 2.3427365092 1.6473908746 2.5831933356 4.3280649406 3.1454923759 2.1073419317 2.521636388 2.027845545 2.2108941948 2.8105556878 1.642076183 2.2603857713 2.0750291884 2.2630737132 1.4567561566 3.5928133026 2.2042276119 8.774613107 2.0633275677 2.1843697055 2.360484513 1.9260442447 2.2440402926 4.8493007462 2.5912085632 1.8673051331 2.6317754291 1.885894761 2.651895286 2.4989189431
0.0 0.0 0.0 0.0 0.0 18.599875663 0.0 0.0 13.643534526 0.0 0.0 0.0 0.0 0.0 6.8596174442 11.04687772 8.4380670497 14.737113606 0.0 0.0 5.7060699311 8.148156913 0.0 0.0 0.0 14.604346817 0.0 0.0 15.498490499 0.0 12.031199997 0.0 0.0 0.0 0.0 14.882524851 8.6189587771 0.0 0.0 14.71333448 0.0 0.0 9.6885045876 16.759086511 0.0 0.0 0.0 7.0603795869 0.0 18.549199118 13.480935523 9.0316355314 0.0 8.6909303143 9.4754393037 0.0 0.0 0.0 0.0 9.6990700234 6.2433582642 15.398061318 9.4468676962 0.0 8.84299899 0.0 0.0 8.2546308095 9.6174966842 20.783108932 11.105388725 0.0 11.279249997 8.0825583528 0.0 10.709854332
0.0 0.2406884429 0.2597610843 0.540074694 0.8592097405 0.0 0.529417829 0.0 0.5962786394 0.4686598584 0.523118272 0.5219187739 0.0 0.0 0.2997935285 0.0 0.3687782759 0.6440725483 0.3420669061 0.3466102491 0.2493787521 0.3561080092 0.0 0.0 0.5262074048 0.6382700929 0.5717836249 0.7147295311 0.0 0.2794685435 0.0 0.0 0.0 0.4625438332 0.0 0.6504276185 0.3766839893 0.4811574547 0.3885122305 0.0 0.0 0.7133606921 0.4234275453 0.7324410902 0.8844599859 0.0 0.0 0.3085676608 0.4838499091 0.8106763824 0.5891723935 0.3947196627 0.4723198688 0.3798294418 0.414115715 0.5264364442 0.3075721825 0.4233858283 0.3886672633 0.4238892983 0.2728604647 0.0 0.4128670181 1.6435454892 0.0 0.0 0.4421350123 0.3607613569 0.4203242075 0.0 0.0 0.3497591166 0.49294967 0.353241082 0.4967182578 0.4680647348
3.1867909026 1.5415203152 1.6636735185 3.4589783484 5.5029200997 0.0 3.3907250758 4.7919078836 3.8189437985 3.0015927816 3.350378747 3.3426964058 4.9793900112 0.0 1.9200664937 0.0 2.361888246 4.1250460799 2.1908118173 2.2199102465 1.597178527 2.280739881 3.0132337158 2.3190877563 3.3701634983 4.0878835026 3.6620623044 4.5775778805 4.3381620844 1.7898924941 3.3676373617 0.0 2.0327113021 2.9624219054 2.0170477809 0.0 2.4125214114 3.0816352558 2.4882769146 4.1183900959 0.0 4.5688109735 2.711896572 4.6910138555 0.0 2.1844627467 0.0 1.9762615609 3.0988794294 5.19208192 3.7734309255 2.5280332187 3.0250337919 2.4326668697 2.6522577487 3.3716304103 1.9698858908 0.0 2.4892698424 2.7148539292 1.7475701974 4.3100510843 2.6442603076 10.526300019 2.4752322126 2.6204381427 2.831710968 2.3105428493 2.6920208432 5.8173726768 3.1084947468 2.2400775759 3.1571600266 2.2623782743 3.1812964355 2.9977812352
0.0 0.0 0.0 14.218201593 0.0 21.400466378 13.937645114 0.0 0.0 12.338108821 13.7718007 0.0 0.0 12.503264608 7.8924727853 0.0 0.0 0.0 0.0 0.0 6.565235162 0.0 0.0 0.0 13.853126327 0.0 15.052982369 18.816227961 0.0 7.3573898846 0.0 0.0 8.3555015857 0.0 8.2911163598 0.0 0.0 12.667125056 10.228113399 0.0 0.0 18.780191409 11.147306597 0.0 0.0 8.9792790177 11.552288795 8.1234637641 12.738007586 0.0 0.0 10.391532504 0.0 0.0 0.0 13.859156099 0.0 0.0 10.232194849 11.159462874 7.1834232141 17.716553566 10.869286342 0.0 0.0 0.0 0.0 0.0 11.065607005 23.912429953 12.777531546 9.2078849162 12.977571178 0.0 0.0 12.322441381
0.0 0.9415981671 1.0162123198 0.0 3.3613176733 3.1801145642 0.0 0.0 2.3327039191 1.8334460036 2.0464929693 0.0 3.0415327396 0.0 1.172823396 1.8887404069 1.4426988871 0.0 1.3382012362 0.0 0.9755955589 0.0 0.0 0.0 0.0 2.496978843 2.2368768802 2.7960961002 2.6498550987 1.0933099454 0.0 2.0109257094 1.2416295895 0.0 0.0 2.5445403448 1.4736268582 1.882337897 1.5199001653 2.5156130135 1.9952494493 2.7907410598 0.0 2.8653855576 3.4600992539 1.3343230692 0.0 0.0 0.0 0.0 2.3049035474 0.0 1.8477643438 1.4859321949 1.6200636541 2.059474003 1.2032542975 1.6563292992 0.0 0.0 1.0674584554 0.0 1.6151786222 6.4297205208 1.5119321435 1.6006274635 1.7296780527 0.0 1.644351921 0.0 1.8987443285 1.368293962 1.9284702671 1.3819157719 0.0 1.8311178182
0.0 0.3046815296 0.3288251134 0.6836671588 1.0876522981 0.0 0.6701768977 0.9471207154 0.7548143392 0.5932648899 0.6622024448 0.6606840299 0.9841765627 0.6012062309 0.0 0.6111570056 0.4668272721 0.0 0.4330140116 0.4387653168 0.3156823766 0.4507882957 0.5955657208 0.0 0.6661129014 0.8079702786 0.7238067079 0.0 0.0 0.0 0.6656136104 0.6506936213 0.4017654407 0.0 0.3986695454 0.8233601886 0.4768349185 0.0 0.4918079957 0.8139999075 0.6456211105 0.0 0.5360064266 0.9271790082 1.1196159575 0.4317591176 0.5554795665 0.0 0.6124935983 1.0262151239 0.7458187187 0.4996658302 0.5978980061 0.4808166688 0.5242188117 0.6664028366 0.3893479966 0.5359536181 0.4920042478 0.5365909484 0.0 0.8518817068 0.5226381173 0.0 0.48922971 0.5179296658 0.5596877451 0.0 0.0 1.149803858 0.614394066 0.0 0.6240127598 0.4471591236 0.0 0.0
1.7658590184 0.8541845493 0.0 1.9166830513 3.0492684907 2.88488744 1.8788626669 2.6552836412 2.1161464789 1.6632373586 1.8565060295 1.852249104 2.7591709109 1.6855011657 1.0639438976 1.7133984852 1.3087653966 2.2857633413 1.2139688243 1.2300927951 0.8850257805 1.2637996062 1.6696878127 1.2850488639 1.8674691214 0.0 2.0292155789 2.5365194736 2.4038548101 0.9918121079 1.866069343 1.8242406696 1.1263624425 1.6415320609 1.1176829994 2.3083169908 1.336822158 1.7075903548 1.3787996653 2.2820751391 1.8100197209 2.5316615704 1.5027114 2.5993764183 3.1388796463 1.2104506884 1.5573049792 0.0 1.7171456662 2.8770273805 2.090926965 1.4008293593 1.6762264503 1.3479851242 1.4696644392 1.8682819641 1.0915497351 1.5025633496 1.3793498647 1.5043501256 0.9683605507 2.3882779918 1.4652329111 5.8328150129 1.3715713578 1.4520326146 1.5691027442 1.280313975 1.4916978958 3.2235124044 1.7224736891 1.2412678805 1.7494400091 1.2536251047 1.7628144339 1.6611253111
0.7187565096 0.3476782114 0.3752289396 0.7801463228 1.2411418772 1.1742339593 0.7647523151 1.0807784664 0.861333799 0.0 0.7556525067 0.7539198129 1.1230636379 0.6860485022 0.4330564299 0.0 0.0 0.9303728462 0.4941209835 0.5006839134 0.3602314988 0.0 0.6796120029 0.5230526483 0.7601148073 0.9219911088 0.8259503683 1.0324379604 0.978439544 0.0 0.7595450563 0.7425195571 0.4584626118 0.6681517845 0.4549298234 0.9395528442 0.5441259003 0.0 0.5612119793 0.9288716395 0.7367312131 1.030460651 0.6116476964 1.0580225839 1.2776162508 0.4926889988 0.6338688873 0.4457308009 0.6989287438 0.0 0.8510687158 0.570178712 0.6822734205 0.5486695555 0.0 0.7604456581 0.0 0.6115874355 0.0 0.6123147058 0.394151199 0.9720993212 0.5963928501 2.3741271052 0.5582698457 0.5910199415 0.0 0.0 0.0 1.3120642702 0.0 0.5052325015 0.7120734903 0.5102622549 0.7175172742 0.6761268131
8.0764411701 0.0 0.0 8.7662592223 0.0 13.194498229 8.5932815914 12.144368205 0.0 7.6070844491 8.4910299028 8.471560167 0.0 7.7089115638 4.8661191 7.8365044563 5.9858497316 10.454307486 5.5522823109 5.6260278934 4.0478082201 5.7801914329 7.6365866421 0.0 0.0 0.0 9.2809448964 0.0 10.994417874 4.5362127203 0.0 8.3434590725 5.1516003871 7.5078117678 0.0 0.0 6.114171857 0.0 0.0 10.437438898 8.278417269 11.578962716 6.8728930742 11.8886675 0.0 5.5361915486 0.0 5.0085370271 7.853642793 0.0 9.5631918789 6.4069191206 7.6664921562 6.1652274843 6.7217474665 0.0 4.9923788522 6.8722159419 6.3086791864 0.0 4.4289532389 10.923174782 0.0 26.677320679 0.0 6.6411054715 7.1765446001 0.0 0.0 14.743254147 7.8780113655 5.67713895 0.0 0.0 0.0 7.5974246593
1.7658295358 0.8541702879 0.9218564778 1.9166510505 3.0492175803 2.8848392741 1.8788312976 2.6552393088 2.1161111478 0.0 1.8564750334 1.852218179 2.759124844 1.6854730247 1.0639261341 1.7133698785 1.3087435456 2.2857251784 1.2139485559 1.2300722576 0.8850110042 0.0 1.6696599357 1.2850274089 1.8674379423 2.2651330597 2.0291816993 2.5364771241 0.0 0.9917955487 1.8660381873 0.0 1.1263436368 1.641504654 1.1176643387 2.3082784513 1.3367998385 1.707561845 0.0 0.0 1.809989501 2.531619302 1.5026863108 2.5993330193 3.1388272398 0.0 1.5572789785 1.0950643269 1.7171169968 2.8769793459 2.0908920551 1.4008059711 1.6761984642 0.0 1.4696399018 1.8682507714 1.0915315106 0.0 1.3793268352 1.5043250091 0.968344383 2.3882381173 1.4652084477 5.8327176286 1.3715484581 0.0 1.5690765465 1.2802925989 0.0 3.2234585849 1.7224449308 1.2412471564 0.0 1.2536041742 1.7627850021 1.6610975771
3.9401869645 1.9059544342 0.0 4.2767228273 0.0 0.0 4.1923336524 0.0 0.0 3.7112057592 4.1424489616 4.1329504216 6.1565782673 3.7608833166 2.3739935253 0.0 2.9202673043 5.1002570576 2.7087463307 2.7447239819 1.974770923 0.0 3.7255987516 0.0 4.1669110683 0.0 0.0 0.0 5.3637562732 2.2130448117 0.0 4.0704547936 2.5132689342 3.6627744122 2.4939023664 5.1505813443 0.0 3.8101712461 3.0765357888 5.0920275182 0.0 0.0 3.3530218482 5.800026487 0.0 2.7008962628 0.0 2.4434737887 3.8314921517 6.4195531258 0.0 3.1256909659 3.7401885089 3.007778854 3.279283683 4.1687247761 0.0 3.3526915013 3.0777634567 0.0 2.1607170102 0.0 3.2693955498 13.014845149 0.0 3.2399415358 3.5011618221 2.8567832324 3.3284472558 7.1926702095 3.8433806468 2.7696591129 0.0 2.7972319672 0.0 3.706493117
0.8259955535 0.0 0.4312133964 0.0 1.4263212342 1.3494306017 0.0 0.0 0.9898454881 0.7779934005 0.0 0.8664052497 0.0 0.7884074854 0.0 0.0 0.0 0.0 0.0 0.0 0.0 0.0 0.7810106552 0.0 0.0 1.0595529169 0.9491828214 0.0 0.0 0.0 0.8728697839 0.8533040666 0.0 0.0 0.0 1.0797348772 0.6253099182 0.7987398912 0.0 1.0674600282 0.8466520971 0.0 0.70290602 1.2158803964 1.4682376134 0.56619859 0.0 0.5122341916 0.0 0.0 0.9780488463 0.6552498302 0.7840691585 0.0 0.6874480234 0.0 0.0 0.0 0.0 0.0 0.452958872 0.0 0.0 2.7283487609 0.0 0.0 0.0 0.0 0.6977543599 1.5078253048 0.0 0.5806135933 0.0 0.0 0.0 0.7770054724
2.826894606 1.3674306214 1.4757886035 3.0683428987 4.8814546115 4.6183034195 3.0077977252 4.2507396823 3.387656095 2.6626116063 2.9720078592 2.9651931137 4.4170487472 2.698252864 1.7032261545 0.0 2.0951513126 3.6591890932 1.9433951892 1.9692074232 1.4168031417 2.0231673381 2.6729378859 2.0571844434 2.9895582441 3.6262234257 3.2484918188 4.0606147735 3.8482371048 1.5877531949 2.9873173935 2.9203555069 1.8031495606 2.6278644446 1.7892549798 3.6952943481 2.140066284 2.7336145824 2.207266433 3.6532847945 2.8975897467 4.0528379463 2.4056318804 4.1612399967 5.0249096042 1.9377631431 2.4930286052 1.7530749012 2.7489113066 4.6057205579 3.3472831622 2.242532908 2.683405335 2.1579366398 2.352728294 2.9908594921 1.7474192595 2.4053948724 2.2081472257 2.4082552522 1.5502105145 0.0 2.3456340341 9.3375253211 2.1956949183 2.3245021959 2.5119151855 2.0496045449 2.3880007925 5.160394875 2.7574407299 1.9870971802 2.8006100564 2.0068793768 2.8220206498 2.6592305122
1.6653107832 0.8055471733 0.8693803688 0.0 2.8756427583 2.7206215853 0.0 0.0 1.9956528315 1.5685324136 0.0 1.7467818064 2.6020633712 1.5895285168 0.0 1.6158373594 0.0 0.0 1.1448452863 1.1600511562 0.834632301 0.0 1.5746155781 1.2118780195 1.7611351941 2.1361917633 1.9136717879 0.0 2.2669790141 0.9353382014 1.7598151193 1.7203681758 0.0 0.0 1.0540419885 0.0 1.2607033357 1.6103599446 1.3002906385 2.1521334928 1.7069569697 2.3875084413 0.0 2.4513675972 0.0 1.1415274735 1.4686318373 0.0 1.6193711754 2.7132090786 1.9718693199 0.0 1.5807819048 0.0 0.0 0.0 1.0293967555 0.0 1.3008095095 0.0 0.9132219788 2.2522891417 1.3818023644 5.5006937904 0.0 0.0 1.479757836 1.2074127358 0.0 0.0 0.0 0.0 0.0 0.0 1.6624395577 1.5665406264
0.0 0.227504448 0.0 0.0 0.812145508 0.0 0.0 0.7072111518 0.0 0.4429884589 0.4944638483 0.4933300541 0.734880601 0.4489182257 0.2833719824 0.4563484283 0.3485780085 0.0 0.0 0.3276242617 0.2357187353 0.3366017706 0.0 0.0 0.4973837702 0.0 0.5404634987 0.0 0.0 0.2641603226 0.4970109517 0.485870257 0.0 0.4372074461 0.2976849136 0.6147996743 0.356050677 0.4548014845 0.0 0.0 0.0 0.0 0.4002337993 0.6923207609 0.0 0.3223927615 0.0 0.0 0.0 0.0 0.5568997769 0.0 0.4464479878 0.3590238337 0.3914320356 0.0 0.0 0.4001943674 0.367377553 0.0 0.0 0.6360965749 0.0 1.5535183359 0.0 0.0 0.4179165426 0.3410002257 0.3973004506 0.8585538227 0.0 0.0 0.4659477672 0.3338918828 0.4695099261 0.4424259339
0.7966529933 0.0 0.0 0.8646960341 1.3756527815 0.0 0.0 1.1979097078 0.9546823439 0.0 0.0 0.8356271807 1.2447776081 0.0 0.0 0.0 0.0 1.0312036175 0.0 0.0 0.0 0.570152956 0.7532661328 0.5797393865 0.8424935683 0.0 0.0 0.0 0.0 0.4474479992 0.0 0.0 0.0 0.0 0.0 0.0 0.0 0.0 0.0 0.0 0.8165757365 0.0 0.6779360766 0.0 0.0 0.5460850238 0.0 0.0 0.0 0.0 0.0 0.0 0.0 0.6081325705 0.663027208 0.0 0.4924438218 0.6778692849 0.0 0.0 0.436868019 1.0774522717 0.0 0.0 0.6187733088 0.0 0.0 0.0 0.0 0.0 0.0 0.5599879505 0.7892456902 0.565562812 0.0 0.7494032295
2.5526421063 0.0 1.3326142833 0.0 4.4078780139 0.0 2.7159948249 3.838352188 3.0590010578 2.4042970985 2.6836771295 2.6775235197 0.0 2.4364806029 1.5379868741 2.4768076459 0.0 0.0 0.0 1.7781638459 1.2793513236 0.0 2.4136215693 0.0 2.6995248556 0.0 0.0 3.666672336 0.0 1.4337165776 0.0 2.6370358543 1.6282161643 2.3729209489 0.0 0.0 0.0 2.4684116878 1.9931274498 3.298859665 2.6164787249 0.0 0.0 3.7575353561 0.0 1.7497701473 2.2511662714 1.5829995214 2.4822243931 4.1588944282 3.0225449238 2.0249725312 0.0 1.9485834095 2.1244772604 0.0 1.5778925644 2.1720343661 0.0 0.0 1.3998161178 3.4523814755 0.0 8.4316409437 1.9826785509 2.0989895304 0.0 0.0 2.156327781 4.6597567575 2.4899263305 1.7943180198 2.5289075646 1.8121810373 2.5482409993 2.4012440228
3.1002621973 0.0 1.6185009546 0.0 5.3535031576 5.0649046046 3.2986590885 4.6617965591 3.7152506876 2.9200926314 3.2594082553 3.2519345073 4.8441881156 2.9591804855 1.8679322706 3.0081589171 0.0 4.0130415877 2.1313262357 2.1596345756 1.5538114551 2.2188125456 0.0 2.2561191878 0.0 0.0 3.562628887 0.0 0.0 1.7412927946 0.0 3.2027609948 1.9775185133 2.8819853346 1.9622802927 4.0526383087 2.3470159042 2.9979617683 0.0 0.0 3.1777937301 4.4447572435 2.6382623404 4.563642036 0.0 2.125149557 2.7341105412 1.9226015124 3.0147377228 5.0511049497 3.6709735938 2.4593913002 0.0 2.366614367 2.5802428484 3.280082887 1.9163989564 2.6380024131 2.4216804387 2.6411393986 1.7001196456 0.0 2.5724625562 0.0 2.4080239629 2.5492872179 2.7548234998 0.0 2.6189262834 0.0 3.0240919622 2.1792543157 0.0 2.2009494988 3.0949169176 2.9163845773
1.6084501627 0.7780424501 0.0 0.0 2.7774563817 2.6277282749 1.7113806543 2.4185913826 1.9275129627 0.0 1.6910168898 1.6871394271 2.5132181302 1.5352554173 0.9691038284 0.0 1.1921019137 2.0820101604 1.1057555176 1.120442196 0.8061344908 1.1511443784 0.0 1.1704994752 1.7010027306 2.0632533121 0.0 2.3104138652 2.1895749435 0.0 0.0 0.0 0.0 0.0 1.0180526211 0.0 0.0 1.5553755738 0.0 2.0786507249 0.0 2.3059889959 1.3687595502 2.3676677352 0.0 1.1025509887 1.4184866521 0.0 1.5640791237 0.0 0.0 1.2759592851 1.526807451 1.2278255907 1.3386583989 1.7017431164 0.9942488787 0.0 0.0 1.3702521997 0.0 2.1753866443 1.3346218977 5.3128772788 1.249309345 1.322598277 1.4292327631 1.1661866547 0.0 0.0 1.5689322061 1.1306211332 1.5934947455 1.1418768331 1.6056769728 1.5130524289
7.2388579863 0.0 3.779067 0.0 12.499990846 11.826136892 7.7020984572 10.884912664 8.6748056776 6.8181768253 7.6104509807 0.0 11.310781991 6.9094437591 4.3614686676 7.0238043803 5.3650754363 9.3701230084 4.9764719759 5.0425696281 3.6280223237 0.0 6.8446194354 0.0 7.6553924311 0.0 8.3184462894 10.398057862 9.854220189 4.0657758766 7.6496542621 0.0 4.6173435575 0.0 0.0 9.4625781046 5.4800896638 6.9999948739 5.652169774 9.3550038104 7.4198877574 10.378143661 6.1601262079 10.655729902 12.867337516 4.9620499377 6.3839238965 4.489116864 0.0 0.0 8.5714222946 5.7424769978 6.8714235395 5.525850467 6.0246554521 0.0 4.4746344044 6.1595192989 5.6544252288 6.1668439028 3.9696399502 9.7903655014 0.0 23.910696776 5.6225384777 5.9523765935 6.4322869563 5.2484433616 6.1149781004 13.214276038 7.061006734 5.0883801122 7.1715508708 5.1390365857 7.2263771966 6.8095188229
1.8703329081 0.90472085 0.9764127692 2.0300801751 3.2296730058 3.0555666443 0.0 2.8123787476 0.0 1.7616398214 0.0 1.9618341086 2.9224123217 0.0 0.0 1.8147686414 1.38619616 2.4209964402 1.285791118 1.3028690347 0.0 1.3385700489 0.0 1.361076481 1.9779545911 0.0 0.0 2.6865881105 2.5460745795 0.0 1.9764719973 0.0 1.1930016613 0.0 0.0 0.0 0.0 1.8086168833 1.4603738809 2.4170900321 1.9171062996 2.6814427981 1.5916166316 2.7531638738 3.3245858452 1.2820648378 1.6494401423 1.1598712138 0.0 3.0472415585 2.2146329183 1.4837069222 1.7753973895 1.4277362525 0.0 1.9788155242 1.1561293224 1.5914598221 1.4609566318 1.5933523095 1.0256518703 2.5295761865 1.551920795 6.1779030783 1.4527179235 1.5379395266 1.6619359009 0.0 0.0 3.414225749 1.8243807634 1.3147052741 1.8529424975 1.3277935913 1.8671081962 1.7594028184
0.0 4.2555536223 4.5927723418 9.5489288688 15.191477746 0.0 0.0 13.228642367 10.542657112 0.0 0.0 9.227918476 13.746209498 8.3971790375 0.0 0.0 6.5202787023 0.0 0.0 6.1283312307 0.0 0.0 0.0 0.0 9.3037447133 0.0 10.109566738 0.0 0.0 0.0 0.0 9.0883802523 5.6115458612 8.1781246382 5.5683048129 0.0 6.6600576909 0.0 0.0 11.369314901 9.0175313829 0.0 0.0 12.950112177 15.637921173 0.0 0.0 5.4557095102 0.0 14.333371285 0.0 6.9789420321 8.350972338 0.0 0.0 9.3077943014 0.0 7.4857815102 6.8719310346 0.0 4.8243792899 11.898418284 7.2998009948 29.059126717 6.8331784566 7.2340370218 7.8172812567 6.3785335132 7.4316497405 0.0 0.0 6.1840055875 8.715722819 6.2455693677 0.0 8.275738353
0.0 0.2872072813 0.3099661701 0.0 0.0 0.9700019501 0.6317405753 0.0 0.0 0.5592396636 0.0 0.6227921472 0.9277315736 0.5667255488 0.3577358483 0.0 0.4400535596 0.7685550805 0.4081795742 0.4136010277 0.0 0.4249344586 0.5614085361 0.0 0.0 0.7616311608 0.6822945816 0.0 0.8082616401 0.0 0.0 0.0 0.0 0.5519415691 0.3758048491 0.0 0.0 0.0 0.4636015762 0.7673149755 0.0 0.8512348268 0.0 0.8740029715 1.05540318 0.4069966516 0.5236214231 0.0 0.5773655574 0.0 0.0 0.4710087442 0.563607059 0.4532406295 0.4941535508 0.628182966 0.3670179145 0.0 0.0 0.0 0.0 0.0 0.0 0.0 0.0 0.0 0.0 0.4304871779 0.501561984 1.0838597289 0.0 0.4173584897 0.5882240662 0.4215134287 0.5927210244 0.0
10.775062369 5.2121328468 5.6251528484 11.695372735 18.606274806 17.603241124 11.464597234 16.202225966 0.0 10.148877167 11.328179683 0.0 16.836133768 10.284728279 6.4920595212 10.454954415 7.9859312819 13.947456907 7.4074938365 7.5058803949 5.4003223833 7.7115553596 0.0 7.8412158112 0.0 13.821804142 12.382032877 0.0 14.668037048 0.0 0.0 11.131300282 6.8729300815 0.0 6.8199691489 0.0 8.1571303132 10.419513892 8.4132720863 13.924951934 11.044525739 15.447898747 0.0 15.86108672 0.0 7.3860265883 0.0 0.0 10.477819269 0.0 12.758588439 0.0 0.0 0.0 8.9677181634 11.40003504 6.6605070683 0.0 8.4166293378 9.1793661095 0.0 14.57298915 0.0 35.591145665 0.0 8.8601308601 0.0 7.8123240802 0.0 0.0 10.510330233 7.5740694413 10.67487552 7.6494717579 0.0 10.135989704
6.835201968 3.3063363787 3.5683371942 7.4190043642 11.802961489 11.166683241 7.2726110435 10.277943925 8.1910777849 6.4379789938 7.1860740492 7.1695965471 10.68006576 6.5241566653 4.1182627532 6.632140265 5.0659060103 8.84762256 4.6989720075 4.7613838966 0.0 4.891854596 6.4629471008 4.9741051988 7.2285094569 8.7679142487 7.8545898478 9.8182373097 9.3047253251 3.8390584987 7.223091262 7.0611828491 4.3598694478 6.3539631739 0.0 8.9349221391 5.1745067697 6.6096584336 5.3369912818 8.8333464445 7.0061370865 9.799433572 5.8166228512 10.061540941 12.14982403 4.6853541766 6.027941046 4.2387929811 6.6466446724 11.136258902 8.0934593065 5.422262759 6.488256544 5.2177158412 5.6887062685 7.2316557692 4.2251180981 5.8160497849 5.3391209671 5.8229659514 3.7482833413 9.2444313274 5.6715529231 22.57737919 5.3090122974 5.6204578517 6.073607266 4.9557776188 5.7739923101 12.477416431 0.0 0.0 6.7716480581 4.8524716262 6.8234171371 6.4298037823
1.0591133062 0.0 0.0 0.0 1.8288667437 0.0 0.0 1.5925655485 1.2692060183 0.9975636784 1.1134808716 0.0 1.6548742541 1.0109168929 0.0 1.0276489321 0.0 0.0 0.728104861 0.7377755719 0.5308139386 0.7579919831 1.001432482 0.0 0.0 0.0 1.2170672735 1.5213340918 1.4417655029 0.0 0.0 0.0 0.0 0.9845454423 0.6703552914 0.0 0.8017888862 1.0241653764 0.0 0.0 0.0 0.0 0.9012846567 1.5590339454 0.0 0.0 0.9340283727 0.6568002042 0.0 1.7255612987 0.0 0.0 1.0053541757 0.0 0.0 0.0 0.0 0.0 0.0 0.0 0.0 0.0 0.8788060976 3.4983608139 0.8226304933 0.0 0.9411043452 0.7678968439 0.8946790621 0.0 1.0330919879 0.7444780785 1.0492656394 0.7518895991 1.0572872488 0.0
5.3937654397 2.6090820688 2.8158310355 5.854453098 0.0 8.8118054777 0.0 0.0 0.0 0.0 0.0 5.6576414645 8.4278079655 5.1483146964 3.2497859483 0.0 3.9975861558 6.9817981987 0.0 3.7572829636 2.7032857201 0.0 0.0 3.9251446907 5.7041305688 6.9188991158 0.0 7.7477255724 7.3425051841 0.0 0.0 0.0 0.0 5.0140123339 0.0 0.0 0.0 5.2157854873 4.2115038096 6.9705326913 5.5286530318 7.7328872471 0.0 0.0 9.5876173462 3.697286715 0.0 0.0 5.2449719104 0.0 0.0 0.0 5.1199853457 4.1173816824 4.4890476406 0.0 0.0 4.5895364135 4.2131843778 4.5949940693 2.957829372 7.2949262417 4.4755116658 17.816165223 4.1894251527 0.0 4.792779075 0.0 4.5563481982 0.0 5.2612462026 3.7914169397 0.0 3.8291617244 5.3844658442 5.0738593516
2.14306895 1.0366492262 1.1187954182 2.3261109134 3.7006309985 3.501136066 2.2802116142 0.0 2.5681822644 0.0 2.2530793149 0.0 3.3485648883 2.0455456386 1.2912158376 2.0794021801 1.5883343206 2.7740314446 1.4732879955 1.4928562514 0.0 1.5337632658 0.0 1.5595516351 2.2663842626 0.0 2.4626818193 3.0783522741 2.9173487522 1.2036757808 2.2646854737 2.2139216639 1.366967777 1.9921841741 1.3564342946 2.8014028403 0.0 2.0723533592 1.6733287993 2.7695553955 2.1966629399 3.072456661 1.8237096555 3.1546362611 3.809384236 1.469018341 1.8899651171 0.0 2.0839498066 3.491596998 2.5375755419 1.7000643159 2.0342897261 0.0 1.7836034439 0.0 1.3247186328 1.8235299797 1.6739965283 1.8256984337 1.1752146728 2.8984445274 1.778225285 7.0787784386 1.6645564334 1.7622052374 1.9042830347 1.5538053137 1.8103435268 3.912095627 2.0904159629 1.5064184772 0.0 1.5214153614 2.1393740035 2.0159627916
0.0 0.0 0.6096067203 1.2674460602 2.0163914594 1.9076911112 1.2424365537 1.7558608804 1.3993453512 0.0 0.0 0.0 1.8245584726 0.0 0.703554769 1.1330199629 0.0 1.5115079875 0.0 0.8134241422 0.5852414868 0.8357134638 1.1041153823 0.8497649722 1.2349023376 1.4978907984 0.0 1.6773256337 1.5895983983 0.6558561406 0.0 1.2063166354 0.7448303146 0.0 0.7390908545 0.0 0.8840011269 0.0 0.0 0.0 1.1969127408 0.0 0.0 0.0 0.0 0.8004353954 0.0 0.7241458827 0.0 1.9024934854 0.0 0.9263272043 1.1084391908 0.0 0.0 0.0 0.0 0.9936008963 0.0 0.9947824387 0.0 0.0 0.0 3.857068806 0.9069797495 0.9601864093 1.0376014385 0.0 0.0 2.1316138285 0.0 0.8208138971 1.1568531613 0.0 0.0 1.0984532522
0.0 0.0 4.4289558591 0.0 0.0 0.0 0.0 0.0 0.0 7.9907035779 0.0 8.8987741086 0.0 0.0 5.1115135586 0.0 6.2877113022 0.0 5.8322794264 0.0 4.2519359216 0.0 8.0216935427 0.0 0.0 0.0 9.7489754565 12.186219321 11.548857494 0.0 8.9651707852 0.0 0.0 0.0 0.0 0.0 6.4225046088 8.2037890067 0.0 0.0 0.0 12.16288046 0.0 0.0 0.0 0.0 0.0 5.2611135068 0.0 13.822123983 0.0 0.0 8.0531071678 0.0 0.0 8.9758008973 0.0 0.0 0.0 0.0 4.652301776 11.47402167 7.0394293425 0.0 0.0 0.0 0.0 6.151021926 0.0 0.0 0.0 0.0 8.4048476112 0.0 0.0 7.9805566528
0.0 4.4253489649 0.0 9.9299283326 15.797613256 14.9459899 0.0 0.0 10.963306042 0.0 0.0 9.5961097192 14.294679229 0.0 0.0 8.8767541155 0.0 11.842055028 0.0 6.372849851 4.5851308421 0.0 8.6502983929 6.6575655866 0.0 0.0 10.512935489 13.141169361 0.0 5.1383681536 9.6677094459 9.4510039613 5.8354448968 8.5044294149 0.0 11.958900702 0.0 8.8466634236 7.1432686029 0.0 9.3773282427 0.0 0.0 0.0 0.0 6.2710882623 0.0 5.673390721 8.8961674652 14.9052686 10.83264909 7.2573997742 8.6841736873 0.0 7.6140197226 9.6791725666 5.655087644 7.7844619989 0.0 7.7937189065 5.0168706099 12.373161687 7.5910609154 30.218577358 0.0 7.5226729793 8.1291884882 6.6330351313 0.0 16.700334014 0.0 6.4307455983 0.0 6.4947657554 9.1327676637 0.0
1.0712871293 0.5182049666 0.5592685815 1.1627869849 1.8498883851 1.7501639439 1.1398426329 1.6108710604 1.2837947214 1.0090300283 0.0 1.1236970816 1.6738959643 1.0225367294 0.6454588911 1.0394610926 0.7939838402 1.3866955531 0.7364739559 0.7462558254 0.5369153018 0.7667046112 0.0 0.7795958194 1.132930553 1.3742028004 0.0 1.5388208442 0.0 0.6016989663 1.1320813546 1.1067053087 0.6833261178 0.995862156 0.6780605923 0.0 0.8110049314 1.0359374957 0.8364712698 1.3844580452 1.0980779386 1.5358737181 0.9116443414 1.5769540332 1.904252452 0.7343396215 0.9447644253 0.6643496982 1.0417343809 1.7453955108 0.0 0.8498359423 1.0169100723 0.8177771266 0.0 1.1334236772 0.6622064219 0.9115545243 0.8368050572 0.912638501 0.5874716972 1.4488877352 0.8889074058 3.538572211 0.8320860993 0.0 0.9519217315 0.776723322 0.9049628198 1.9555962928 1.0449667128 0.7530353729 0.0 0.0 1.0694400826 1.0077487203
5.2713307933 2.549857758 2.75191367 0.0 0.0 8.6117837489 5.6086621464 0.0 6.3169867928 4.9649910969 0.0 5.5292170196 8.2365027077 5.0314516076 3.1760181143 0.0 3.906843788 0.0 3.6238630484 3.6719953076 0.0 0.0 4.9842465852 3.8360466927 5.5746508542 6.7618450176 0.0 7.571857702 0.0 2.9606948524 5.5704723241 5.4456080104 0.0 0.0 0.0 0.0 0.0 5.0973908595 4.1159056629 0.0 5.4031565328 0.0 0.0 0.0 9.3699852387 3.6133609313 4.6487684496 0.0 5.1259147714 8.588320396 0.0 4.1816673135 0.0 0.0 4.387149446 5.5770773009 3.2584253165 4.485357195 0.0 4.4906909659 0.0 0.0 4.3739207282 0.0 4.0943281758 0.0 0.0 3.8219124013 0.0 9.622625602 5.1418196488 3.7053544667 5.2223178038 3.7422424716 5.262242292 0.0
0.0 0.9907497765 1.0692588027 2.2231183018 0.0 3.3461171696 2.179251274 0.0 0.0 1.9291522454 0.0 2.1483827907 3.2003013465 1.9549755432 0.0 1.9873330274 1.5180080526 2.6512063715 1.4080556038 1.4267574412 0.0 1.4658532262 1.9366339846 0.0 0.0 2.6273216294 2.353642293 2.9420528663 2.7881780557 0.0 2.1644125804 2.1158964268 0.0 1.9039767504 1.296375804 2.677365851 0.0 0.0 1.5992392527 0.0 2.0994018628 2.9364182917 0.0 0.0 3.6407171151 0.0 0.0 0.0 1.9916792997 0.0 2.4252199656 0.0 1.9442180058 1.5634981476 0.0 2.1669789508 0.0 1.7427900142 1.5998774168 0.0 0.0 0.0 0.0 6.7653531958 0.0 0.0 1.8199675871 0.0 0.0 3.7388807804 1.9978591557 0.0 2.0291367942 1.4540520468 2.0446494939 1.9267025283
0.0 1.699121076 1.8337628839 0.0 0.0 0.0 0.0 5.2818192525 0.0 3.308467301 3.6929121758 0.0 5.4884690327 0.0 2.1163687655 0.0 2.6033611481 0.0 0.0 0.0 0.0 2.5139163995 0.0 0.0 3.7147196653 0.0 0.0 0.0 4.7816837415 0.0 0.0 3.6287307841 0.0 0.0 0.0 4.5916424646 2.6591709079 3.3966930957 2.7426714437 0.0 0.0 5.0359135332 2.9891533545 5.1706100988 6.2437755009 2.407796158 0.0 0.0 0.0 5.7229059722 4.1592160355 0.0 0.0 0.0 0.0 0.0 0.0 2.9888588566 0.0 0.0 0.0 0.0 0.0 11.602479732 0.0 0.0 0.0 0.0 2.9672455863 6.4121247214 0.0 0.0 0.0 0.0 0.0 3.3042660726
0.0 0.0 0.0 1.2816053606 0.0 1.9290029227 0.0 1.7754765173 0.0 1.1121368832 0.0 0.0 0.0 0.0 0.7114145459 1.1456775194 0.0 0.0 0.8117299059 0.8225113272 0.5917795244 0.8450496544 0.0 0.8592581395 0.0 1.5146245171 0.0 0.0 1.6073566304 0.0 1.2477621022 0.0 0.7531512022 1.0976234634 0.7473476236 1.5434745079 0.8938767642 0.0 0.0 1.5259276852 0.0 1.6928156368 1.0047999248 1.7380937082 2.0988368309 0.8093774763 1.0413043555 0.0 1.1481831017 0.0 0.0 0.9366756882 1.1208221427 0.9013409703 0.9827028117 1.2492415889 0.0 0.0 0.9223132534 1.0058956717 0.0 1.596941067 0.0 0.0 0.9171120929 0.970913152 1.0491930249 0.0 0.0 0.0 1.1517457266 0.8299836369 0.0 0.0 0.0 0.0
0.0 0.0 2.4761799427 5.1482774194 0.0 7.7489081226 5.0466905499 7.1321843239 0.0 4.4675134631 0.0 0.0 0.0 4.5273148244 2.8577903581 0.0 3.5153894298 6.1396399307 0.0 3.3040720825 0.0 3.3946097507 4.4848396076 3.4516859971 0.0 0.0 5.4505437072 6.813179634 6.4568377282 0.0 0.0 4.899973963 3.0254487432 4.4092122777 3.0021354569 6.2002198185 3.5907508677 0.0 0.0 0.0 0.0 6.8001311368 4.0363351484 0.0 0.0 3.2513126998 0.0 2.9414300247 4.6123130546 7.7277957293 5.6163026393 3.7626764393 4.5024026158 3.6207349837 3.9475698611 5.0182704138 0.0 4.03593748 3.704981769 0.0 0.0 6.4149978516 3.9356666222 15.667144238 3.6840884285 3.9002101662 0.0 0.0 4.0067524927 8.6584665689 4.6266243096 3.3340887511 4.6990567841 0.0 0.0 4.4618404301
0.0 0.0 1.1759309818 0.0 3.889617863 0.0 0.0 3.3870545391 0.0 0.0 2.3681414206 0.0 3.5195721514 0.0 1.3571567089 0.0 0.0 2.9156979617 0.0 0.0 1.1289304617 1.6120907485 0.0 1.6391960994 2.3821258363 2.8894304125 2.5884480779 3.2355600974 3.0663343154 0.0 2.3803402922 0.0 0.0 2.0939226724 1.4257057957 2.9444671823 0.0 0.0 1.7587837294 0.0 2.3088439278 0.0 0.0 0.0 0.0 1.5440393767 1.9864834086 0.0 2.1903746676 0.0 2.6671665347 0.0 2.1381785053 0.0 0.0 0.0 1.3923704524 0.0 0.0 0.0 0.0 0.0 0.0 0.0 0.0 1.8521989824 0.0 0.0 1.9027956375 0.0 2.1971710429 1.5833494937 2.231569024 0.0 2.248629313 0.0
12.176767467 5.8901681968 6.3569170979 13.216799065 0.0 19.89320957 12.956002466 18.309939311 14.592231504 11.469123156 0.0 12.772484324 19.02631084 11.622646851 7.3365978281 11.815017346 9.0248042101 15.761852108 8.3711190594 8.4823045174 6.1028389126 8.7147353037 11.513603309 8.8612630095 12.877436424 15.619853441 13.992785374 17.490981717 16.576170998 6.8392013652 12.867784025 12.579347618 7.767015035 11.319450753 7.7071645266 15.917374458 9.2182741616 0.0 9.5077368768 15.736419511 12.481284759 17.457483257 10.362190354 0.0 0.0 8.3468591823 10.73864924 7.5513198752 11.84085664 19.839009255 14.418326253 9.6596462066 11.558691546 9.2952502069 10.134309673 12.883041513 7.5269583608 10.361169449 9.511530866 10.373490453 0.0 16.468758519 10.103751351 40.221122609 9.4578929089 10.012726564 10.820002644 0.0 10.286244949 22.228252973 11.877596887 8.5593641328 12.063547523 8.6445753774 12.15577304 11.45455919
4.3458823547 0.0 2.2687806038 4.7170691234 7.5044281509 0.0 0.0 6.5348083867 0.0 4.093324446 4.5689699523 0.0 6.790481035 4.1481169779 2.6184281773 4.2167739134 3.2209482095 5.62539731 0.0 0.0 2.1781002237 3.1102847685 4.109199391 0.0 4.5959507629 0.0 4.9940182576 6.242522822 5.9160273236 2.4409076229 0.0 0.0 0.0 4.0399064386 2.7506832508 5.6809031608 3.2899975406 4.2024797645 0.0 5.6163204285 4.4545644271 6.2305672379 3.6982606705 0.0 7.7249664476 2.9789899606 3.8326186628 2.6950623709 0.0 0.0 5.1458935892 0.0 0.0 3.3174702536 3.6169301666 4.5979512163 2.6863677584 3.6978963098 3.394660715 3.7022936701 2.3831919685 5.8776918623 3.6060239167 14.354898992 3.3755173544 3.5735372147 3.8616536527 0.0 3.6711557923 7.9332526167 4.239108521 0.0 4.3054742121 3.0852447251 4.3383894541 4.0881265736
5.6698587382 2.7426344234 2.9599663501 6.15412784 9.7906579273 9.2628596563 6.0326933231 8.5256427602 6.7945693736 5.3403588694 5.9609101431 5.9472419136 8.8592062765 5.4118439882 3.4161343244 5.5014173115 4.2022125453 0.0 3.8978376385 3.9496088365 2.8416601229 4.0578354023 5.3610701287 4.1260629836 5.9961106783 7.2730601746 6.5154497397 8.1443121746 7.718349573 3.1845319973 5.991616239 5.85731182 3.6165491527 5.2706670252 0.0 0.0 4.2922978079 5.4827684393 0.0 7.327336743 5.8116508872 0.0 4.8249386125 0.0 10.078383385 3.8865415308 5.00022887 3.5161151837 5.513448842 9.2376224056 6.7135940073 0.0 5.3820645292 4.3281401039 4.7188307085 5.9987205713 3.5047717508 4.8244632491 4.4288466985 4.8302002686 3.1092332246 7.6683351841 4.7046018612 18.72812995 4.4038712984 4.6622180606 5.0381093918 4.1108600987 4.7895762125 10.350124095 5.5305561744 3.9854900452 5.6171402241 4.0251668905 5.6600831197 5.3335774614
6.9049024827 3.3400520389 3.6047245519 7.4946580793 0.0 11.280553113 7.3467719439 10.382751066 8.2746045541 6.5036289118 7.259352507 7.2427069791 10.788973454 6.5906853618 4.1602578595 6.6997701012 5.1175645067 8.9378443045 4.7468887726 4.8099370937 3.4606481295 4.9417382402 6.5288516258 5.0248275759 7.3022206408 8.8573231847 7.9346853529 9.9183566912 9.3996082776 3.8782064792 7.296747195 7.1331877556 0.0 6.4187563585 4.3703897293 9.0260341025 5.2272726992 6.6770590161 5.3914141124 8.9234226114 0.0 9.8993612064 5.8759366225 10.164141359 12.27371927 4.7331320768 6.0894096895 4.2820171688 6.7144224142 11.249818528 8.175990632 5.4775551274 6.5544191567 0.0 5.7467156377 0.0 4.268202839 5.8753577125 5.3935655147 5.8823444051 3.7865056615 9.3386994447 5.7293873747 22.807607201 0.0 5.6777712722 0.0 0.0 5.8328713655 12.604652224 6.7352561717 4.8536341694 6.8407004953 4.9019536709 6.8929974784 6.4953703354
0.0 0.5491403364 0.5926553329 1.2322020768 0.0 1.8546437776 1.2078880118 0.0 1.3604336326 1.069266265 0.0 1.1907786168 1.7738228155 1.083579278 0.68399096 1.1015139777 0.0 0.0 0.0 0.0 0.5689676256 0.0 0.0 0.0 0.0 0.0 0.0 0.0 0.0 0.0 1.1996634072 0.0 0.0 0.0 0.0 0.0 0.8594196303 0.0 0.0 0.0 0.0 0.0 0.9660669283 1.6710937256 2.0179309335 0.7781776184 0.0 0.0 0.0 1.8495906826 1.3442204474 0.0 0.0 0.8665961064 0.9448216141 0.0 0.701738271 0.0 0.8867599506 0.0 0.0 1.535382232 0.941972662 3.7498149564 0.8817592843 0.0 1.0087487646 0.0 0.9589865387 0.0 0.0 0.7979894533 0.0 0.0 1.1332826285 0.0
0.7996558464 0.3868109864 0.4174626752 0.8679553643 1.3808380795 1.306399369 0.8508286904 1.2024250324 0.9582808627 0.753184407 0.0 0.8387769406 1.2494695935 0.763266403 0.4817989143 0.7758994923 0.592664471 1.0350905708 0.5497365631 0.5570381808 0.4007772037 0.5723020542 0.7561054462 0.5819246192 0.8456692099 1.0257654305 0.9189148648 1.148643581 1.0885673956 0.4491345812 0.8450353308 0.8260935337 0.5100646784 0.7433553278 0.5061342585 1.0453038197 0.6053697623 0.7732693245 0.6243789577 1.0334203964 0.0 1.1464437164 0.6804914457 1.1771078711 1.4214178108 0.5481434019 0.7052137335 0.4958998439 0.7775963747 1.3028400008 0.9468603974 0.6343549373 0.7590664186 0.0 0.6655263805 0.8460372995 0.4943000082 0.6804244022 0.6246281113 0.6812335302 0.4385147215 1.0815135517 0.6635195967 2.6413459836 0.6211056735 0.6575419426 0.7105562618 0.5797804607 0.675504064 1.4597431126 0.7800091294 0.0 0.7922206227 0.5676946085 0.7982771294 0.0
1.5400369328 0.7449494776 0.0 0.0 0.0 0.0 0.0 0.0 1.8455288326 1.4505387653 0.0 0.0 0.0 0.0 0.0 1.4942851725 0.0 1.9934547032 1.0587237176 0.0 0.7718466618 1.1021820252 0.0 1.1207138794 0.0 1.9754956518 0.0 2.2121435684 0.0 0.0 1.6274321322 1.5909526051 0.98232064 0.0 0.0 0.0 0.0 0.0 1.2024756141 1.9902381566 0.0 2.2079069049 1.310541233 2.2669622233 0.0 0.0 0.0 0.0 0.0 2.5091065462 0.0 1.2216881004 1.4618667823 0.0 1.2817203931 1.6293617983 0.9519598612 0.0 1.2029554528 1.3119703947 0.0 0.0 1.2778555789 0.0 1.1961716791 0.0 1.3684423004 0.0 1.3009361609 2.8112822737 1.5021998185 0.0 0.0 1.0933086622 1.5373816967 1.4486968113
0.0 0.6797318412 0.733595174 0.0 0.0 0.0 1.4951368309 2.1129869886 0.0 1.323549335 0.0 1.4739586369 2.1956570452 1.3412661371 0.8466514 1.3634659022 1.0414722598 0.0 0.0 0.0 0.704274274 1.0056899694 1.3286823933 1.0225994267 0.0 0.0 1.6147827105 0.0 0.0 0.7892513051 1.4849563264 1.4516704502 0.0 0.0 0.0 1.8368823922 1.0637989034 0.0 0.0 0.0 0.0 0.0 1.1958080811 0.0 2.497816711 0.9632366633 1.2392518476 0.8714305587 1.366447785 0.0 0.0 0.0 1.333885625 0.0 0.0 1.4867170572 0.0 1.1956902675 1.0976410473 1.1971121248 0.7705893307 0.0 1.165983938 4.6415614655 1.0914511685 1.1554795782 0.0 1.0188315585 1.1870438983 0.0 1.3706876496 0.0 1.392146556 0.0 1.4027894814 0.0
1.648224658 0.7972822416 0.8604605071 0.0 2.8461386005 2.6927079481 0.0 2.4783994226 0.0 1.5524392366 1.7328331332 0.0 2.5753661439 1.5732199193 0.9930682736 1.5992588326 1.221580758 2.1334950652 1.1330991485 0.0 0.8260689552 0.0 1.5584599877 0.0 0.0 2.1142743889 0.0 2.3675468418 0.0 0.925741611 1.7417593775 0.0 0.0 1.5321798578 1.0432274945 0.0 0.0 0.0 1.286949628 0.0 1.6894435538 0.0 0.0 0.0 2.9297802246 1.1298153766 0.0 0.0 0.0 0.0 0.0 0.0 1.5645630478 1.2581878265 1.3717613595 0.0 0.0 0.0 0.0 1.4041364262 0.0 2.2291806057 1.3676250418 0.0 1.280202841 1.3553040955 0.0 0.0 0.0 3.0087750919 0.0 1.1585796525 1.6328994164 0.0 1.6453828914 1.5504678852
0.6546837192 0.0 0.3417795519 0.7106010024 1.1305015947 1.0695581125 0.0 0.9844336109 0.7845511067 0.6166372335 0.6882906616 0.686712427 1.0229493153 0.6248914327 0.3944520716 0.6352342294 0.4852184622 0.8474357409 0.45007309 0.4560509744 0.3281190421 0.4685476122 0.6190287083 0.4764256721 0.0 0.8398011846 0.7523218946 0.9404023682 0.8912175837 0.3677095582 0.0 0.676328435 0.4175934462 0.0 0.4143755845 0.8557973977 0.4956203713 0.633080893 0.5111833298 0.8460683577 0.6710560868 0.938601324 0.5571230081 0.9637062775 1.1637244987 0.448768758 0.5773633144 0.4059965992 0.6366234787 1.0666440334 0.7752010935 0.5193507326 0.6214528766 0.4997589872 0.0 0.6926565326 0.4046868027 0.5570681191 0.5113873136 0.5577305577 0.3590150064 0.8854425534 0.543228039 2.1624880505 0.5085034696 0.5383340927 0.5817372789 0.4746702348 0.5530398045 1.1951016858 0.6385988175 0.4601940835 0.0 0.0 0.6535549542 0.6158542021
0.0 0.0 5.4021192121 0.0 0.0 0.0 11.010033442 0.0 0.0 0.0 0.0 0.0 0.0 0.0 6.2346536015 0.0 0.0 0.0 0.0 7.2082771398 0.0 0.0 0.0 7.5303167259 0.0 13.273778635 0.0 0.0 0.0 0.0 0.0 0.0 0.0 0.0 0.0 13.526612514 7.8337054242 0.0 0.0 0.0 10.606617508 14.835399651 0.0 0.0 18.39366468 0.0 9.1257228118 6.4171247708 0.0 0.0 12.25271874 0.0 0.0 7.8991198014 0.0 10.948031097 0.0 8.8049398281 0.0 8.8154102388 5.6745403666 13.995179648 0.0 0.0 0.0 0.0 0.0 7.5025705331 0.0 0.0 10.093602504 7.2737625351 10.251623678 0.0 0.0 9.7341043326
5.3928027572 2.6086163983 0.0 5.8534081916 9.3122403049 8.8102327413 0.0 8.1090397322 6.4625547379 5.0794038027 5.6696320207 0.0 0.0 5.1473958221 3.2492059246 5.2325921713 3.9968726642 6.9805520831 0.0 0.0 2.702803236 3.8595504678 5.0991030123 0.0 0.0 6.9176642265 0.0 7.7463427536 0.0 0.0 5.6988376723 0.0 3.4398275412 0.0 3.4133211644 7.0494292594 4.0825559369 0.0 4.2107521379 6.9692885864 0.0 7.7315070767 4.5891694051 0.0 0.0 0.0 0.0 3.3443012486 5.2440357846 8.7862287015 6.3855362091 0.0 5.1190715276 4.1166468096 4.4882464327 0.0 3.3335121091 4.5887172702 4.2124324061 0.0 2.9573014568 0.0 0.0 17.812985383 0.0 4.4344001452 4.7919236569 0.0 0.0 0.0 0.0 0.0 0.0 0.0 5.3835048214 0.0
1.2733498084 0.6159470947 0.6647559946 1.3821080679 2.1988082898 2.0802741502 1.3548360271 1.914708298 1.5259398883 1.1993499762 1.3387147967 1.3356451546 1.9896207534 1.2154042673 0.7672032388 0.0 0.9437424787 1.6482495388 0.8753852678 0.8870121616 0.6381865122 0.9113179306 1.2040013581 0.9266406364 1.3466202132 1.6334004438 1.4632545643 1.8290682053 1.7334045526 0.7151894599 1.3456108418 1.315448449 0.8122128581 1.1836984229 0.8059541664 1.6645128332 0.9639740324 1.2313326423 0.9942437484 1.6455899994 1.3051938126 1.8255652019 1.0835957193 1.8743939519 2.2634263293 0.8728483622 1.1229628051 0.7896571682 1.2382229171 2.0746063108 1.5077542558 1.0101292218 1.2087163284 0.972023577 1.0597657642 1.347206349 0.7871096342 1.0834889611 0.9946404937 1.084777394 0.6982786897 1.7221722071 1.0565702172 4.2060061429 0.9890314614 1.0470515666 1.1314700991 0.9232263378 1.0756539508 2.3244544778 1.2420649208 0.8950704452 1.2615101642 0.9039811617 1.2711543777 1.1978269921
8.5334924761 0.0 0.0 9.2623478016 0.0 0.0 0.0 12.831626273 0.0 8.0375745386 8.9715430674 8.9509715261 0.0 0.0 0.0 0.0 0.0 11.045923866 0.0 0.0 0.0 0.0 8.0687462808 0.0 0.0 0.0 0.0 12.257699861 0.0 0.0 0.0 0.0 5.4431329613 0.0 0.0 0.0 6.4601770062 8.2519098596 6.6630328059 11.028100673 8.7468985399 0.0 0.0 0.0 0.0 0.0 0.0 0.0 8.2980857871 13.903200227 0.0 6.7694910368 0.0 6.5141219062 7.1021357332 9.0284501299 0.0 7.261119322 0.0 0.0 4.6795907189 11.541324682 7.0807204269 28.187008424 0.0 7.0169301527 7.5826701463 0.0 0.0 0.0 8.3238333937 0.0 8.4541478108 6.0581282464 0.0 0.0
3.6441427366 1.7627513796 1.9024353822 3.9553931242 6.2926708794 5.9534433388 3.8773444932 5.4796178483 4.3670189637 3.4323659342 3.8312078668 3.8224229955 5.6940064462 3.4783109901 2.1956245579 3.5358817323 2.7008542949 4.7170514696 2.5052258574 2.5385003434 0.0 0.0 3.4456775154 2.6519112992 3.8538320239 4.6745555104 4.1876226448 5.234528306 4.9607527866 2.0467686557 3.8509433491 3.7646229492 2.3244355698 3.3875734554 2.3065241005 4.763594663 2.7587540717 3.5238956925 2.8453816151 4.7094402531 3.7352756649 5.2245032176 0.0 5.3642440284 6.4775983502 2.4979656009 3.2137569134 2.2598844521 3.5436146611 5.9372228035 4.3149743173 2.8908435394 3.4591710777 2.7817907025 3.0328961348 3.8555094595 2.2525937786 3.1007884886 2.8465170427 3.104475797 1.9983724807 0.0 3.0237509421 12.036980439 2.8304648045 2.9965099426 3.2381035567 2.6421400711 3.0783658239 6.6522520726 3.5546099194 0.0 3.6102593898 2.5870631642 3.6378597319 3.4280073743
0.0 0.7158975647 0.0 1.606384393 2.5556115343 2.4178427184 0.0 0.0 0.0 0.0 0.0 0.0 2.3124788868 1.4126293678 0.0 1.4360102907 0.0 1.9157129579 1.0174350796 1.0309486833 0.0 0.0 1.3993760949 0.0 1.5651378819 1.8984542826 1.7006986282 2.1258732852 0.0 0.0 1.5639647185 0.0 0.0 0.0 0.9367373105 1.9346153166 0.0 0.0 0.0 1.9126218519 0.0 2.1218018453 0.0 2.1785540948 2.6307152202 1.0144865073 1.3051873193 0.917795779 1.4391508272 2.4112551521 1.7524193378 0.0 0.0 1.1297550025 0.0 0.0 0.9148348536 1.2593080075 0.0 1.2608055159 0.0 2.0016311458 0.0 0.0 0.0 0.0 0.0 0.0 0.0 0.0 0.0 1.0403145943 1.4662169236 1.0506712633 0.0 1.3921998073
6.1244887563 2.962548886 0.0 6.6475883265 10.575708701 0.0 0.0 9.2092599897 7.3393828055 5.7685683825 6.4388777277 0.0 9.5695698491 5.8457854396 3.6900524733 0.0 4.5391613219 7.92766112 0.0 0.0 0.0 4.3832074913 5.7909403463 4.4569058098 6.4769007706 0.0 0.0 0.0 0.0 3.4398794242 0.0 6.326972512 0.0 5.6932883913 3.8764345804 8.0058834305 0.0 0.0 0.0 0.0 6.2776503185 8.7805043671 5.2118198436 0.0 10.886505039 0.0 5.4011655153 0.0 0.0 0.0 0.0 0.0 0.0 0.0 5.0972038196 0.0 0.0 5.2113063638 0.0 0.0 3.3585429204 8.2832103555 0.0 0.0 4.7569898116 5.0360517625 5.4420834359 0.0 5.173621957 11.180034913 0.0 0.0 0.0 4.3479194988 0.0 5.7612432163
1.3618770162 0.0 0.7109718826 1.4781964855 2.3516762269 2.2249012282 0.0 2.0478247271 1.6320279379 0.0 0.0 1.4285033271 0.0 1.2999029223 0.0 1.3214180704 0.0 1.7628409327 0.9362447528 0.9486799841 0.0 0.9746755651 0.0 0.9910635528 0.0 1.7469594829 1.5649845367 0.0 1.8539161859 0.764911638 1.4391618597 1.4069024843 0.0 0.0 0.8619865869 1.7802349016 0.0 1.3169386871 0.0 1.7599964939 1.3959349139 0.0 1.1589306373 2.0047076033 2.420786712 0.0 1.2010346445 0.0 1.3243079951 0.0 1.6125779842 1.0803565223 1.2927500173 1.0396016555 0.0 1.4408682914 0.8418319247 0.0 1.06379097 1.1601944657 0.7468251789 1.841902933 0.0 4.4984206684 1.0577919805 1.1198458224 1.2101333918 0.9874118816 1.1504367326 2.4860577256 0.0 0.9572985045 1.3492142435 0.0 1.3595289524 0.0
1.1919477774 0.5765711557 0.6222598261 1.2937533966 2.0582440401 1.9472874881 1.2682247884 1.7923058419 1.4283904128 1.1226785673 1.2531341475 1.2502607398 1.8624293335 1.1377065481 0.7181578772 1.1565371273 0.0 1.5428811168 0.8194241029 0.0 0.0 0.0 0.0 0.8674028455 1.2605341907 1.5289812869 1.3697124029 1.7121405036 1.6225923861 0.6694692075 0.0 1.2313551585 0.7602901454 1.1080275782 0.754431556 1.55810474 0.902349612 1.1526166624 0.9306842616 1.540391595 1.2217560751 1.7088614383 1.0143241871 1.7545686899 0.0 0.8170493752 0.0 0.7391763837 1.1590664594 0.0 1.4113673418 0.9455542169 1.1314461523 0.9098845695 0.9920176207 1.2610828563 0.7367917071 1.0142242537 0.931055644 1.0154303203 0.0 1.612078096 0.9890263569 3.9371268138 0.0 0.9801162096 1.059138079 0.0 1.0068901158 2.1758579852 1.1626628536 0.0 1.1808650118 0.8461919336 1.1898926951 1.1212529437
7.1640825268 0.0 3.7400302526 0.0 0.0 11.703976073 0.0 0.0 8.585197264 0.0 0.0 0.0 0.0 6.8380710602 4.3164158673 0.0 5.3096556475 0.0 0.0 0.0 0.0 5.1272296268 6.7739163544 5.2134377752 7.5763142827 0.0 0.0 10.290648716 0.0 0.0 7.5706353875 0.0 4.5696476383 0.0 0.0 9.3648322134 5.4234818089 6.9276868063 0.0 9.2583691327 7.343242309 10.270940223 0.0 0.0 0.0 4.9107932942 0.0 4.4427454921 6.966452664 11.672087846 8.4828818037 0.0 0.0 0.0 0.0 7.579611982 4.4284126324 0.0 0.0 0.0 3.9286346353 9.6892336544 5.9444436882 0.0 0.0 5.8908901414 0.0 0.0 6.0518120185 13.077776114 6.9880684303 5.0358185118 7.0974706758 5.0859517175 7.1517306604 6.7391783218
0.0 2.4413969062 0.0 0.0 0.0 0.0 5.3700918684 7.5892279629 0.0 0.0 5.3061930009 0.0 0.0 4.8174335802 3.0409228805 4.897168609 0.0 6.5330794786 3.4697182644 0.0 2.5295461084 0.0 4.7722364725 3.6728764567 5.3375272819 6.4742229068 5.7998246873 0.0 0.0 0.0 5.3335264899 5.2139734096 3.2193251267 4.6917628027 0.0 0.0 0.0 0.0 3.9408313346 6.5225380031 0.0 7.2358961899 4.2949910133 7.4294361225 8.9714231708 0.0 0.0 3.1299223324 4.9078786551 8.2230072551 5.9762057601 4.003795745 0.0 3.8527584169 0.0 5.3398505171 0.0 0.0 0.0 0.0 2.7677302926 0.0 4.1878714607 0.0 3.9201716683 4.150142889 0.0 3.6593433821 4.2635126459 9.2133172135 4.923107002 3.5477433605 5.0001810842 3.5830622957 5.0384073428 0.0
0.0 2.1783435872 2.350959961 4.887929941 7.7762521788 0.0 0.0 0.0 0.0 4.2415920975 4.7344663486 4.7236103265 0.0 4.2983693146 2.7132724053 4.3695131291 3.3376168082 5.8291594255 0.0 3.1369857418 2.2569949727 0.0 4.258042062 0.0 0.0 5.7766444757 0.0 0.0 0.0 0.0 0.0 4.6521831465 2.8724523354 0.0 2.8503179979 5.8866757991 0.0 4.3547012201 0.0 5.8197537628 0.0 0.0 3.832218394 6.6289362836 0.0 0.0 3.971443077 2.7926824287 4.3790691993 0.0 5.3322872083 3.5723985573 4.274716912 0.0 3.7479419515 0.0 0.0 0.0 3.5176214964 0.0 2.4695155134 0.0 0.0 0.0 3.4977847284 0.0 0.0 0.0 0.0 0.0 0.0 3.1654844728 0.0 0.0 4.4955338057 4.2362059489
6.4741683284 3.1316965272 3.3798585259 7.0271344297 11.179532047 10.576861856 6.8884735671 9.7350655256 7.7584271275 6.0979265712 6.806507435 6.7909002704 10.115947387 6.17955236 3.9007371559 6.2818322932 4.7983261358 0.0 4.4507734943 4.5098888032 3.244769723 4.6334680732 6.1215758692 4.7113742199 6.8467014152 8.3047952351 7.4397123981 9.2996404976 8.8132520862 3.6362803996 6.841569408 6.6882129565 0.0 6.0183484457 4.0977608068 8.462981811 4.9011906306 6.2605379465 5.0550927518 8.3667713189 6.6360746972 9.2818299686 5.509390303 0.0 11.508073397 4.4378749538 5.7095467241 4.0149010077 6.2955705814 10.548044523 7.6659648324 5.1358602112 6.145548474 4.9421174098 5.3882302418 6.8496815401 4.0019484285 5.508847506 5.0571099476 5.5153983622 3.550299963 8.7561428022 5.3719829318 21.38484773 5.0285916102 5.3235866892 5.752800866 4.6940146981 0.0 11.81836245 6.31510471 4.5508600152 6.41397132 4.5961653019 6.4630059693 6.0901831724
0.0 0.0 0.3090801036 0.0 0.0 0.0 0.0 0.0 0.0 0.0 0.0 0.6210118391 0.0 0.0 0.3567132278 0.0 0.4387956264 0.7663580958 0.4070127557 0.4124187115 0.0 0.4237197448 0.5598036987 0.0 0.6261147224 0.0 0.6803441804 0.8504302255 0.8059511506 0.3325292801 0.6256454124 0.0 0.3776405724 0.5503637939 0.0 0.7739197587 0.4482023423 0.5725114534 0.4622763288 0.7651215358 0.0 0.8488014946 0.0 0.0 1.0523862139 0.0 0.5221246036 0.3671532432 0.5757151054 0.0 0.7010344328 0.4696623228 0.5619959369 0.4519449999 0.0 0.6263872478 0.0 0.0 0.0 0.504370193 0.3246665717 0.800728641 0.4912551896 0.0 0.4598528619 0.4868294672 0.526080093 0.4292565911 0.0 1.0807614172 0.5775014555 0.0 0.0 0.0 0.5910266774 0.5569329105
11.030345653 5.3356189432 5.7584242342 11.972460056 19.047095544 18.02029794 11.736217011 16.586089866 13.218397885 0.0 11.596567449 11.569976787 0.0 10.528394545 6.6458697006 10.702653687 8.1751343414 14.277900712 7.5829925287 7.6837100661 0.0 7.8942578918 0.0 8.0269902649 11.665047827 0.0 12.675388582 0.0 15.015552872 6.1953022633 11.656304185 11.395023572 7.0357638642 10.25374384 6.9815481787 14.418780899 8.3503894281 10.666373505 8.6125997242 14.25486255 11.306193163 15.81389109 9.3866078693 16.236868332 19.606846923 0.0 9.7276237956 6.8403760345 10.726060256 17.971200492 0.0 8.7502070506 10.470460522 8.4201183105 9.1801817638 11.670125206 6.818308115 9.3856830804 8.6160365158 9.3968440829 6.048813342 14.918253094 9.1525004561 36.434372762 8.5674484805 9.0700454971 9.8013179153 7.9974140296 0.0 20.135501003 10.759341471 7.7535146507 10.927785173 0.0 11.011327816 10.376132049
9.0125920822 4.3595875011 4.7050500766 9.7823678515 15.562857946 14.723889862 9.5893401561 13.552037887 10.800389386 8.4888316067 9.4752363398 9.4535098414 0.0 8.6024616361 5.4301573611 0.0 6.6796774421 11.666080008 6.1958546517 6.2781481817 4.5169949916 0.0 8.5217534377 6.5586329914 9.5311897735 11.560980188 0.0 12.945889273 12.268795302 5.0620110993 9.5240455836 9.3105603806 5.7487291595 8.3780520984 5.7044310139 11.781189335 6.8228735537 8.7152004495 7.0371183754 11.64725616 9.2379794962 12.921095504 0.0 0.0 16.020215404 6.1778987881 7.9481738794 5.5890831373 0.0 14.683773687 10.67167402 7.1495535374 8.5551253393 6.8798471058 7.5008740507 9.5353383603 5.5710520472 7.6687835248 7.0399264833 7.6779028731 4.9423190304 12.189294329 7.4782564154 29.769523985 7.000226536 7.410884736 0.0 6.5344670629 0.0 16.452164114 8.7911620181 0.0 8.9287927346 6.3982523942 0.0 0.0
0.0 0.0 0.2069921154 0.0 0.0 0.6477569972 0.4218696447 0.5962030041 0.4751480664 0.3734543061 0.0 0.4158939795 0.6195292888 0.0 0.238892199 0.3847172137 0.2938630921 0.0 0.2725779833 0.2761983723 0.1987188942 0.0 0.0 0.2885379103 0.4193113997 0.0 0.455629073 0.0 0.5397485364 0.2226961177 0.0 0.0 0.2529073209 0.3685807161 0.2509584858 0.518296992 0.0 0.3834130876 0.3095882074 0.5124047888 0.0 0.568445574 0.337410677 0.5836498991 0.7047870312 0.2717880401 0.3496688235 0.2458839168 0.0 0.645992142 0.0 0.0 0.3763708064 0.3026692772 0.3299904914 0.0 0.2450906642 0.3373774345 0.3097117461 0.3377786275 0.0 0.536251002 0.3289954601 1.3096686843 0.3079652023 0.3260315371 0.0 0.0 0.3349377644 0.7237900123 0.3867549108 0.2787075655 0.3928097822 0.2814821896 0.3958128031 0.3729800784
2.6702086679 0.0 1.3939902509 0.0 0.0 4.3623252864 2.8410848922 0.0 0.0 0.0 0.0 0.0 4.172225532 2.5486971358 0.0 2.5908815139 0.0 3.4563716713 0.0 1.8600604066 0.0 0.0 2.5247852879 0.0 0.0 3.4252331878 0.0 0.0 3.6349413422 1.4997489947 0.0 0.0 0.0 2.4822101266 0.0 0.0 2.0214490944 0.0 2.0849245491 3.4507946295 2.7369853977 0.0 2.2722952194 3.9305954614 0.0 1.8303589847 0.0 0.0 2.5965477391 0.0 0.0 2.1182363135 2.534672559 0.0 0.0 0.0 1.650565268 2.2720713479 0.0 0.0 1.4642871878 0.0 2.2156228662 8.8199754586 0.0 2.1956622999 2.3726875728 1.936001367 2.2556413676 0.0 0.0 0.0 2.6453809888 1.8956443215 2.6656048599 0.0
0.0 1.1399151277 1.2302443196 0.0 4.0692696725 3.8499020352 2.5073550895 3.5434941942 0.0 0.0 2.4775200039 2.4718391076 0.0 0.0 0.0 2.2865420065 0.0 3.0503668247 1.6200497054 1.6415672548 0.0 1.6865492249 0.0 1.7149065049 2.4921503251 3.0228860424 2.7080020797 3.3850025996 0.0 1.3235800468 2.4902823112 2.4344616601 0.0 0.0 0.0 3.0804648242 1.7839983201 2.2787910166 0.0 3.0454448935 2.4154837068 0.0 0.0 0.0 0.0 0.0 0.0 1.4613952391 2.2915426451 3.8394127321 0.0 0.0 2.2369356714 0.0 1.9612772537 0.0 1.4566805929 2.0051810748 1.8407518359 2.0075655396 0.0 3.1871733274 1.9553633491 7.7839315593 1.8303713652 1.9377474631 2.0939783523 1.7085877631 1.9906810523 0.0 2.2986529281 1.6564804829 0.0 1.672971283 2.3524879282 2.2167830978
4.522632449 2.1876960276 2.3610535078 0.0 7.809638526 0.0 0.0 6.8005836434 0.0 0.0 4.7547931762 4.7438905451 7.0666546784 4.3168238151 2.7249214943 4.3882730765 3.3519464403 5.8541861782 3.1091580582 3.15045399 0.0 3.2367822392 4.2763234226 0.0 4.7828713154 0.0 5.1971284953 6.4964106191 6.156636319 2.540181054 0.0 4.6721567016 0.0 4.204212277 2.8625554747 5.9119494909 3.4238040563 4.3733975745 3.5313148117 5.8447401335 4.6357346978 6.483968793 0.0 6.6573967762 0.0 3.1001475791 0.0 2.8046724545 4.3978701745 0.0 5.3551807035 3.587736195 4.293069864 3.4523941039 3.7640332623 0.0 2.795624226 0.0 3.5327239557 3.8528685596 2.4801180633 0.0 3.7526834475 0.0 3.5128020211 0.0 4.0187098248 3.2790780395 0.0 8.2559035846 4.4115160483 0.0 4.4805808788 3.2107237997 0.0 4.2543935589
0.0 2.7732665331 0.0 0.0 9.9000084501 0.0 0.0 8.6208645011 0.0 0.0 0.0 6.0136658472 0.0 5.4722881354 0.0 0.0 0.0 0.0 0.0 3.9937214788 0.0 0.0 0.0 0.0 6.0630804205 7.3542919915 0.0 8.2352748863 0.0 3.2200996008 0.0 0.0 0.0 0.0 3.6287624958 7.4943737437 0.0 0.0 0.0 0.0 0.0 8.219502814 0.0 0.0 10.190947474 3.9299497829 0.0 0.0 0.0 9.3407961501 0.0 0.0 0.0 0.0 4.7715346849 0.0 0.0 0.0 4.4783118831 4.8841481165 0.0 7.7539817736 0.0 18.937301878 0.0 4.7142897381 0.0 4.1567737343 4.8430703359 0.0 0.0 0.0 0.0 0.0 5.723299816 5.3931474604
0.0 2.5035768823 0.0 5.6177126852 8.9372701809 8.4554766402 0.0 0.0 6.2023311105 0.0 0.0 5.4288596545 0.0 0.0 0.0 0.0 0.0 0.0 0.0 3.605347214 0.0 3.7041403764 0.0 0.0 0.0 0.0 0.0 0.0 0.0 0.0 0.0 5.3467681802 3.3013181689 4.8112573831 0.0 6.7655743247 0.0 0.0 0.0 0.0 0.0 0.0 0.0 0.0 0.0 3.5477770736 4.5643915567 0.0 0.0 0.0 6.1284138384 0.0 0.0 3.9508843815 0.0 0.0 0.0 0.0 4.0428130395 4.4091832387 0.0 6.9999364585 4.2945324246 17.095721103 4.020014582 0.0 0.0 0.0 0.0 0.0 5.0484936915 3.6381008918 0.0 0.0 0.0 0.0
9.9453970467 4.8108056221 5.1920236387 10.794844752 17.173616651 16.247815214 10.581838654 14.954676341 11.918231706 9.3674272642 0.0 10.431949876 15.539774094 0.0 0.0 9.6499369753 7.3710253054 12.873521469 6.8371267659 6.9279376916 0.0 0.0 0.0 7.2374527315 10.517669696 12.757543798 11.428632986 14.285791232 13.538617908 5.585930194 10.509786081 0.0 6.3437237017 9.2451820561 6.2948406897 13.000544632 7.5290422414 9.6172253246 7.7654614422 12.852749349 10.1941121 14.258431304 8.463337879 14.639804358 17.678310691 6.817312467 8.770811361 6.1675542864 9.6710412661 16.203547008 11.776194275 0.0 9.4405824104 7.5919125668 8.2772159165 10.522247662 6.1476569751 8.4625040526 7.7685601898 0.0 5.4538499736 13.450888569 8.2522573518 32.85067528 7.7247512905 8.1779126909 8.8372569017 0.0 0.0 18.154966174 0.0 6.9908762731 9.852924451 7.0604727126 9.9282498104 0.0
0.0 4.9834292417 0.0 0.0 0.0 0.0 0.0 15.491287163 12.345887375 0.0 0.0 0.0 16.097379673 0.0 0.0 0.0 0.0 13.3354553 7.0824598063 0.0 0.0 7.3731793889 0.0 0.0 10.895069731 0.0 11.83872064 14.7984008 14.024417047 5.7863672028 0.0 10.642869043 6.5713522182 9.5769220838 6.5207151628 0.0 0.0 9.9623151861 0.0 0.0 10.559902088 0.0 0.0 15.165116794 18.312652259 0.0 0.0 0.0 10.018062177 16.784970402 12.198753289 8.1726296707 0.0 0.0 8.5742229219 0.0 0.0 0.0 0.0 0.0 0.0 13.933539762 0.0 34.029438863 0.0 0.0 9.1543595646 7.4695264705 8.7027691148 0.0 10.04914659 7.2417262265 10.206471781 7.3138199586 0.0 0.0
0.0 3.7372223029 0.0 8.3858583639 13.341138306 0.0 0.0 11.617378531 9.2585493659 7.2769845307 0.0 8.1039474057 12.071905391 7.374392985 4.6549599458 0.0 5.7261012667 10.000655884 5.3113479621 5.3818934473 0.0 5.5293672527 7.3052065129 5.6223368576 8.1705379201 9.9105598846 8.8782098966 11.097762371 0.0 4.339369441 0.0 7.9814050979 4.9280531294 7.1820196632 4.8900788904 10.099332454 0.0 7.4710374515 6.0325147124 9.9845192867 7.9191857022 11.076508106 0.0 11.372773638 0.0 5.2959554383 6.8135099207 0.0 7.5128437835 0.0 9.1482091243 6.128898876 7.3338143146 0.0 6.4300656394 8.1740942638 4.775740814 6.5740047235 6.0349219409 6.5818222134 4.2367643507 10.44917727 6.4106768484 25.519691703 6.0008894714 6.352923003 0.0 5.6016208043 6.5264662655 14.103489067 7.5361549123 0.0 7.654137768 5.4848518445 0.0 7.2677439154
3.818121838 1.8469088683 0.0 4.1442319791 6.5930963304 6.2376733476 4.0624571409 5.7412264236 4.575509709 3.596234362 4.0141178542 0.0 0.0 3.6443729322 0.0 0.0 2.8297988059 0.0 0.0 0.0 1.9135934548 2.7325742457 3.6101814663 0.0 4.0378221365 4.8977287026 0.0 0.0 5.1975896436 2.1444857314 0.0 3.9443540315 2.4354090527 0.0 2.4166424519 0.0 2.8904628409 0.0 0.0 4.9342789168 0.0 5.4739320794 0.0 5.6203444128 0.0 0.0 0.0 2.3677761277 3.7127943391 6.2206784096 4.5209803409 3.0288585398 0.0 0.0 3.1776930273 0.0 0.0 3.2488267061 0.0 0.0 0.0 0.0 0.0 12.611651409 0.0 3.1395696811 0.0 0.0 3.2253335359 6.9698446921 0.0 0.0 0.0 2.7105750453 0.0 3.5916677152
6.2870765522 3.0411961515 3.2821867165 6.8240629315 10.856463755 10.271209644 6.6894091175 9.4537397076 7.5342225906 5.9217075025 6.6098116586 0.0 9.8236147713 6.0009744534 3.7880128945 0.0 0.0 8.1381180249 4.3221541757 4.3795611589 3.1510017361 4.4995692112 5.9446733785 4.5752240109 6.6488441054 8.0648016463 7.2247181415 9.0308976769 8.5585650124 3.531198461 6.6438604039 6.494935677 0.0 5.8444290412 3.9793429176 8.2184169158 4.75955507 6.0796197026 4.9090096978 8.1249867332 6.4443041193 9.01360184 5.3501788699 9.2546904138 11.175510853 4.3096283798 0.0 3.8988776171 6.1136399577 10.24322508 7.4444322889 4.9874431234 5.9679532183 4.7992991392 5.2325201158 6.65173811 3.8862993441 5.3496517587 4.9109686003 5.3560133071 3.4477027038 8.5031060836 5.2167423237 20.766864239 4.8832743914 5.1697446451 5.5865553071 4.5583661479 5.3109669378 11.476833112 6.1326095852 4.4193483769 6.2286191286 4.4633444226 6.2762367651 5.914187874
0.5065612055 0.2450347114 0.26445176 0.5498271758 0.8747250525 0.8275700631 0.5389778729 0.7617050219 0.6070460326 0.4771227559 0.5325645607 0.5313434024 0.7915065292 0.4835094384 0.3052070962 0.4915121723 0.3754375463 0.6557029874 0.3482438318 0.352869217 0.0 0.3625384843 0.4789731583 0.3686341293 0.535709476 0.6497957533 0.5821086956 0.7276358695 0.6895791667 0.2845150897 0.5353079301 0.5233087937 0.3231127235 0.4708962895 0.3206229046 0.6621728152 0.3834860183 0.4898460294 0.3955278498 0.6546449753 0.5192293169 0.7262423125 0.4310736533 0.7456672578 0.9004312581 0.3472346056 0.4467345804 0.3141396688 0.4925871033 0.8253152958 0.5998114645 0.4018473737 0.4808488574 0.3866882703 0.4215936732 0.5359426512 0.3131262144 0.431031183 0.3956856822 0.4315437445 0.2777876845 0.6851107398 0.4203224278 1.6732240646 0.3934543093 0.4165357393 0.4501189332 0.3672758605 0.4279142765 0.9247093412 0.4941155207 0.3560749456 0.5018511844 0.3596197871 0.5056878241 0.4765168857
0.0 0.0 2.4767962327 0.0 0.0 0.0 5.0479466076 7.1339594347 0.0 4.4686253709 4.9878809552 0.0 0.0 0.0 2.8585016261 4.6033934376 3.5162643659 0.0 0.0 0.0 0.0 3.3954546263 4.4859558276 0.0 5.0173355309 6.0858421718 5.4519002789 6.8148753486 6.4584447537 2.6647049057 0.0 0.0 3.0262017393 0.0 3.0028826505 6.201762975 3.5916445604 0.0 0.0 6.1312589044 0.0 0.0 0.0 6.9837533119 8.433238438 3.2521219105 0.0 0.0 4.6134610012 0.0 0.0 0.0 0.0 0.0 3.9485523614 0.0 2.9326703219 0.0 0.0 4.041742511 2.6016975284 0.0 3.9366461601 0.0 0.0 3.9011808793 4.2157135877 3.4398238362 0.0 0.0 0.0 0.0 0.0 0.0 4.7361594321 4.462950926
8.3203209245 0.0 0.0 9.0309690247 14.367450721 13.592925076 0.0 12.511084866 9.9707947485 7.8367913024 0.0 8.7273711077 13.00057775 7.9416932332 5.0130585633 0.0 6.1666010714 10.769990333 5.719941459 0.0 4.1700376098 0.0 7.8671843565 6.0548542325 0.0 10.672963393 9.5611963727 11.951495466 11.326410131 4.6731901861 0.0 8.5954018163 5.3071603684 7.7345209397 5.266264832 10.876257934 6.2987980679 8.0457724038 6.496586413 0.0 8.5283959821 11.928606145 7.0804299632 12.24766291 14.789677844 5.703364813 7.3376623325 5.1597770045 0.0 0.0 0.0 6.6003852561 7.8979929107 6.3513953933 6.9247202965 8.8029142513 5.1431309103 7.0797323839 6.4991788258 0.0 4.5626918504 0.0 6.9038399569 27.482880736 6.4625282929 6.8416432005 7.3932506836 6.0325445264 7.0285368684 15.188447905 8.1158992466 5.8485683238 8.2429583346 0.0 8.3059755436 7.8268398214
10.262425786 4.964159343 5.3575294201 11.138951278 17.721058851 16.765745706 10.919155199 15.431385533 12.298148361 9.6660321007 0.0 10.764488427 16.035134407 9.7954199319 6.1831919628 9.9575473545 7.6059909736 13.28388983 7.055073387 7.1487790862 5.1433955354 7.3446688166 9.7035194122 7.4681605159 10.852940732 13.164215147 11.792942736 14.741178419 13.970187503 5.7639925077 10.844805811 10.601715252 6.5459421471 9.5398900904 6.4955008947 13.414962102 7.7690450046 9.9237929567 8.013000524 13.262455558 10.519069112 14.71294634 8.7331231201 15.106476398 18.241840989 7.034627469 9.0503979133 6.3641569914 9.9793243853 16.720066364 0.0 8.141027788 9.7415192085 7.8339194431 8.5410681606 10.857664629 6.3436254149 8.7322627139 8.0161980502 8.7426467004 5.6277019752 13.879661622 8.5153139934 33.897854003 7.9709926576 8.438599453 9.1189615339 7.4406433437 8.6691172917 18.733690786 10.010288601 7.2137239566 10.167005448 7.285538917 10.244731949 9.6537577742
0.5199184834 0.2514959183 0.2714249661 0.5643253141 0.8977902724 0.0 0.5531899308 0.7817900689 0.6230529484 0.4897037849 0.546607509 0.5453541506 0.8123773984 0.496258875 0.3132549608 0.5044726292 0.0 0.0 0.3574265122 0.362173862 0.2605764428 0.3720980937 0.4916029798 0.3783544719 0.0 0.6669299166 0.0 0.0 0.0 0.2920173364 0.549423217 0.0 0.3316327333 0.4833131358 0.0 0.0 0.3935979836 0.5027625525 0.4059573405 0.6719070055 0.5329206343 0.7453922597 0.4424404349 0.7653294125 0.924174313 0.3563906742 0.4585143177 0.3224230723 0.5055759045 0.8470776527 0.6156276153 0.0 0.4935281383 0.3968846743 0.4327104816 0.5500746748 0.3213828946 0.4423968447 0.0 0.4429229217 0.2851125394 0.7031761077 0.4314057153 1.7173445353 0.4038291238 0.4275191773 0.461987911 0.3769603877 0.43919775 0.9490925736 0.5071446241 0.365464121 0.515084266 0.3691024348 0.5190220722 0.4890819388
0.0 0.0 0.0 0.0 0.0 5.7944298305 3.7737825517 0.0 0.0 0.0 3.7288782117 3.7203279799 0.0 3.3854070348 0.0 3.4414400912 0.0 0.0 2.4383125217 2.4706982628 1.7776152069 0.0 0.0 0.0 0.0 0.0 4.0757733283 5.0947166604 4.8282535489 0.0 0.0 0.0 0.0 0.0 2.2449179899 4.6363614207 0.0 0.0 0.0 0.0 0.0 5.0849593371 3.0182653375 5.2209677404 6.3045849225 0.0 3.1279190659 0.0 3.4489664774 0.0 4.1997235011 0.0 0.0 2.7074904575 0.0 0.0 0.0 0.0 2.7704879893 0.0 0.0 4.7969667889 2.9429880595 0.0 0.0 0.0 0.0 0.0 0.0 0.0 3.4596680578 0.0 3.5138311585 0.0 0.0 0.0
7.3014289191 3.5318605309 3.8117323387 0.0 12.608037736 0.0 7.7686735284 10.978999209 0.0 0.0 7.6762338732 0.0 11.408549647 6.9691673153 0.0 0.0 5.4114498472 0.0 5.0194873928 5.086156377 3.6593820688 0.0 0.0 0.0 7.7215637866 9.3659708894 0.0 10.487936152 0.0 0.0 0.0 7.5428238842 0.0 6.7873649799 0.0 9.5443703349 0.0 7.060501132 5.7010257587 0.0 7.4840234677 10.467849818 0.0 10.747835447 0.0 5.004940694 6.4391049864 4.5279197015 7.1000101903 11.895859578 8.6455115902 5.7921135763 6.9308184581 5.5736145783 6.0767311127 0.0 4.513312059 0.0 5.7033007092 6.2201486059 0.0 9.8749910464 6.0584077431 24.11737504 0.0 6.0038274932 0.0 5.2938096331 0.0 13.328497035 0.0 5.1323628358 7.2335400172 5.1834571716 7.2888402486 6.8683786522
0.0 0.0 0.0 0.0 9.4139580938 0.0 0.0 8.1976149369 6.5331453538 5.134886233 0.0 0.0 0.0 0.0 3.2846970665 0.0 0.0 7.0568007945 0.0 0.0 2.7323260104 0.0 0.0 3.9673109109 5.765407705 6.9932260125 0.0 0.0 0.0 3.0620057399 5.7610861913 0.0 3.4774008469 5.0678758129 3.4506049404 0.0 0.0 5.2718165325 0.0 7.0454142663 0.0 7.8159584846 0.0 8.025013457 0.0 3.7370051504 4.8078428836 0.0 5.3013164934 8.882200855 6.45528555 0.0 5.1749872493 0.0 4.5372716391 0.0 0.0 0.0 0.0 0.0 2.9896041204 0.0 0.0 18.007556982 0.0 0.0 0.0 0.0 4.605295179 0.0 5.3177656137 0.0 5.4010183043 3.870296839 0.0 0.0
0.0 0.0 0.0 0.0 0.0 0.0 0.0 0.0 0.0 7.614228138 8.4990036904 8.479515671 12.631364176 7.7161508769 0.0 0.0 5.9914709454 0.0 5.5574963687 0.0 4.0516094508 0.0 0.0 5.8828976924 0.0 10.369853559 0.0 0.0 0.0 0.0 0.0 0.0 5.156438171 0.0 0.0 10.56737458 0.0 0.0 0.0 10.447240526 0.0 11.589836331 0.0 0.0 14.369654218 0.0 0.0 5.0132404625 0.0 13.170905958 9.5721725164 0.0 0.0 6.1710171488 6.7280597498 0.0 4.9970671138 0.0 6.3146035641 6.8868493104 0.0 0.0 6.7077724073 0.0 0.0 6.6473420253 7.183283976 5.8612215771 0.0 0.0 0.0 0.0 8.0088601151 5.739041092 0.0 0.0
7.4088594015 3.583827 0.0 8.0416585334 0.0 12.103868547 7.8829788724 11.140540079 8.8785296966 6.9782987274 0.0 0.0 11.576410761 0.0 4.4638958526 7.1887553556 0.0 9.590176251 5.0933422448 0.0 0.0 5.3024128745 7.0053623307 5.3915665167 7.8351759757 9.5037782668 8.513801364 10.642251705 10.085642242 4.1612588456 0.0 7.6538061614 4.7257798524 0.0 4.6893642764 0.0 5.6087871738 7.1643866934 0.0 0.0 7.5941405777 10.621869828 0.0 0.0 13.169521313 5.0785815113 0.0 4.5945418111 0.0 0.0 0.0 5.8773365597 7.0327959174 5.6556226496 6.1661418517 0.0 4.5797192373 6.304172917 5.7872169334 6.311669536 4.062865209 10.020287955 6.1475488789 24.472229037 5.7545813358 0.0 6.5833464036 0.0 6.2585856879 0.0 7.2268313904 5.2078784947 0.0 5.2597246133 7.396085506 6.9694373956
0.0 0.0 0.0 0.0 0.0 18.016794677 0.0 0.0 13.215828142 10.387305089 11.594313 0.0 17.231665641 10.526347756 6.6445777 0.0 8.1735450417 14.275124994 0.0 7.6822163026 5.5271923438 0.0 10.42758968 8.0254297655 0.0 0.0 12.672924404 0.0 0.0 6.1940978559 11.654038123 0.0 7.0343960656 10.251750445 0.0 0.0 0.0 0.0 8.6109253784 0.0 0.0 0.0 9.3847830513 16.233711779 0.0 0.0 0.0 6.8390462206 0.0 0.0 0.0 0.0 10.468424996 0.0 9.1783970764 0.0 0.0 9.3838584422 0.0 9.3950172749 0.0 14.915352888 9.1507211501 36.427289681 8.5657829125 0.0 9.7994124749 0.0 0.0 20.13158653 0.0 0.0 0.0 0.0 11.009187141 10.374114861
0.0 3.6283471347 3.9158647371 8.1415561347 12.952475669 12.254229002 7.9809052737 11.278933575 0.0 0.0 0.0 7.8678579882 11.720218865 7.159557417 4.5193486533 7.2780577568 0.0 9.7093103326 0.0 5.2251046596 0.0 5.3682821631 0.0 5.4585433176 7.9325085449 9.6218390683 0.0 10.774455207 0.0 4.2129521344 7.9265626611 7.7488856619 4.7844859104 6.9727884388 4.7476179614 9.8051121934 5.678462401 7.2533863746 0.0 9.6936438375 0.0 10.753820135 6.3831154604 0.0 0.0 5.1416702521 6.6150143595 4.6516175628 7.2939747776 12.220841575 8.8816976015 0.0 7.1201609106 5.725879691 6.2427408241 7.9359612829 0.0 6.382486582 5.8591087064 6.3900763278 4.1133362017 10.144765105 6.2239168799 24.776235601 5.8260676928 6.1678455566 6.6651281046 5.4384307778 6.336333045 0.0 0.0 5.2725734289 7.4311524947 5.3250636065 7.4879634685 7.0560153168
0.0 0.0 0.7011868623 0.0 0.0 0.0 1.4290856051 2.0196407625 0.0 1.265078395 1.4120808771 0.0 2.0986586727 0.0 0.0 0.0 0.0 1.7385791656 0.9233593292 0.9356234159 0.0 0.9612612229 1.2699846882 0.0 0.0 0.0 0.0 1.9293073042 1.8284009611 0.0 1.4193548487 0.0 0.8567248586 1.2485690838 0.8501231695 1.7557337434 1.0168030566 1.2988138188 1.0487316549 1.7357738745 1.3767228301 1.9256123244 1.1429804148 0.0 2.3874697165 0.9206833926 0.0 0.0 0.0 0.0 0.0 0.0 1.2749580548 0.0 1.1178444979 0.0 0.0 1.1428678059 1.0491501432 1.1442268493 0.0 0.0 0.0 0.0 0.0 0.0 1.1934784719 0.973822251 1.1346034107 0.0 1.3101342624 0.9441233207 1.3306451706 0.0 1.3408179194 1.2634719462
0.0 0.0 4.1481134416 0.0 0.0 12.981023465 0.0 11.947883573 9.521947622 7.4840088667 0.0 0.0 12.415341355 7.5841885129 4.7873897988 7.7097170706 0.0 10.285166471 0.0 5.5350039717 0.0 0.0 7.5130337415 0.0 0.0 0.0 9.1307878018 11.413484752 10.816538374 4.4628209989 0.0 8.2084696305 0.0 7.3863423254 0.0 10.38665031 6.0152502179 0.0 6.2041348866 0.0 0.0 11.391625821 6.7616960283 11.696319868 0.0 0.0 0.0 4.9275035357 0.0 0.0 9.4084682895 6.3032611019 0.0 0.0 6.6129958166 8.4066406476 0.0 0.0 6.2066105988 6.7690697427 4.3572968766 0.0 0.0 26.245706333 6.171609933 0.0 7.0604347537 0.0 6.7121389626 14.504721946 0.0 0.0 7.8718918092 0.0 0.0 0.0
1.8462904169 0.0 0.9638613163 0.0 0.0 3.0162883778 1.9644411589 0.0 2.2125327809 1.7389945426 1.9410662207 1.9366154006 0.0 1.7622724223 1.1124044455 1.7914404098 1.3683770814 2.3898753572 1.2692627119 1.2861210979 0.9253369608 1.3213631877 0.0 1.3435803073 0.0 0.0 0.0 0.0 0.0 0.0 0.0 1.9073312372 1.1776660321 1.7163006114 1.1685912575 2.4134562809 0.0 0.0 1.441601273 2.3860191646 1.8924625523 0.0 1.571156943 2.7177728918 0.0 0.0 1.6282371521 0.0 0.0 3.0080703082 0.0 1.4646343761 0.0 0.0 1.5366047583 1.9533785259 1.1412676745 0.0 0.0 0.0 1.0124674655 2.4970593479 0.0 6.0984882425 1.4340437303 1.5181698388 1.6405722821 0.0 0.0 0.0 1.8009289713 0.0 1.829123554 0.0 0.0 1.7367862956
3.9861306995 0.0 2.0809711992 4.3265906691 6.883212428 6.5121497635 4.2412174916 5.9938576794 4.7768459181 3.7544795062 4.1907511307 4.181141835 6.2283657745 3.8047363185 2.4016749857 3.8677098405 2.954318477 5.15972755 2.7403311069 0.0 1.9977973308 2.8528157433 3.7690403251 2.9007823804 4.2154984728 5.113243518 4.5806139848 5.7257674811 5.4262992436 2.238849563 4.2123387077 4.1179174897 2.5425743867 3.7054834355 2.522981999 0.0 3.0176519122 0.0 3.1124090979 5.1514020517 4.0858160821 5.7148015789 3.3921190658 5.867656496 0.0 2.7323895049 3.5153549186 0.0 3.8761684733 6.494406997 4.7199170935 0.0 3.7838002033 3.0428504371 3.317521092 4.2173333289 2.4639905358 3.3917848669 3.1136510808 3.3958182142 0.0 5.3911371874 3.3075176602 0.0 0.0 3.2777202038 3.5419863953 2.8900941623 3.3672579265 7.2765388525 3.8881955918 2.80195415 3.9490675384 2.8298485119 3.9792580604 0.0
0.0 1.3639292008 0.0 0.0 0.0 4.6064778668 3.0000960072 0.0 0.0 2.6557937663 0.0 0.0 0.0 2.6913437616 1.6988649013 2.7358891338 0.0 3.6498194331 0.0 1.9641651027 1.4131752986 0.0 2.6660936046 2.0519168504 0.0 3.6169381769 3.2401737835 4.0502172293 0.0 1.5836876198 0.0 0.0 0.0 2.6211355776 1.7846734425 0.0 2.1345864651 0.0 0.0 0.0 0.0 4.0424603154 0.0 0.0 5.0120429023 1.9328013383 2.4866449966 1.7485860061 2.7418724889 0.0 0.0 0.0 0.0 0.0 2.3467039362 2.9832011459 1.7429448461 0.0 2.2024930798 0.0 1.5462410706 3.8135109039 0.0 0.0 0.0 0.0 2.5054832163 2.0443563609 0.0 0.0 0.0 0.0 2.7934388598 0.0 0.0 2.6524213297
7.8036302156 3.7747862592 4.0739079955 8.470147173 0.0 12.748806422 8.303012486 11.734148331 0.0 7.3501277121 8.2042147172 8.1854026421 12.193243778 7.4485152484 4.7017483619 7.5717982304 5.7836560494 10.101175513 5.3647339334 5.4359884927 3.9110788859 5.5849446021 7.378633362 5.6788486728 8.252662478 10.010173932 8.9674474805 11.209309351 0.0 4.382985761 8.2464766199 8.0616286244 4.977586488 7.2542083239 4.9392305584 10.200843911 5.9076436318 7.5461311177 6.0931493497 10.084876722 7.9987838426 0.0 6.6407363011 0.0 13.87124102 5.3491866947 6.881994578 4.8393556094 7.5883576579 12.714071488 9.2401605523 6.1905022999 7.4075287094 5.956974671 6.4946961819 8.2562545676 4.8237432352 6.6400820413 6.095580774 6.6479781073 4.2793493558 10.554205124 6.4751125083 25.776197874 6.0612062339 0.0 6.9341309006 5.6579243962 6.5920657599 14.245247518 0.0 5.4853730888 7.7310718312 5.5399817561 7.7901756807 7.3407942166
0.7463776295 0.0 0.0 0.8101265941 0.0 0.0 0.7941410095 1.1223117413 0.8944340268 0.7030024164 0.0 0.7828922247 0.0 0.712412685 0.0 0.0 0.5531773512 0.966126178 0.5131095766 0.5199247136 0.3740748481 0.5341716096 0.7057288372 0.5431530574 0.7893252867 0.0 0.8576908449 1.0721135562 1.0160400327 0.419210346 0.7887336408 0.7710538681 0.4760808881 0.6938282137 0.4724123381 0.0 0.5650361342 0.7217491475 0.0 0.0 0.7650430836 1.0700602607 0.6351527279 0.0 1.326713812 0.5116225622 0.6582278577 0.462859806 0.7257879018 0.0 0.8837744663 0.5920901304 0.7084925305 0.5697543978 0.0 0.0 0.0 0.6350901512 0.5830113682 0.0 0.0 1.0094561613 0.6193116526 0.0 0.5797236178 0.6137322683 0.0 0.5411517566 0.0 1.3624856356 0.0 0.0 0.7394377882 0.0 0.7450907715 0.7021097149
0.0 0.0 6.017288551 12.510670262 19.903339053 0.0 12.263807142 17.331701277 13.812618005 0.0 12.117879771 12.090093752 0.0 0.0 6.9446282584 11.183780992 8.5426394921 0.0 7.9238785247 8.0291237203 0.0 8.249136517 10.898470486 8.3878357439 12.189438618 14.785337582 13.245198251 16.556497814 15.690562332 6.4738060036 12.180301913 0.0 7.3520497319 10.714690843 7.2953968334 15.06696306 0.0 0.0 0.0 14.895675923 11.814451993 16.524789063 9.8085736249 16.966780832 20.488253507 0.0 10.164919588 7.1478784339 11.20823978 18.779078194 13.648003922 9.1435640312 10.941149811 8.7986364754 9.5928678362 12.194744245 7.1248184727 9.807607263 9.0033619915 9.8192699975 6.3207318165 15.588888538 9.5639421425 38.072244275 8.9525897288 0.0 10.241926554 8.3569299379 9.736685725 21.040672713 11.24301712 8.1020663015 11.419033044 8.1827249979 11.506331264 10.842580894
8.42713705 0.0 4.3994115634 9.1469084372 14.551899787 0.0 8.9664197577 0.0 10.098799626 7.9373998836 8.859728088 8.8394129358 13.167478925 0.0 0.0 8.1767817848 0.0 0.0 5.7933739612 0.0 0.0 6.0311793715 7.9681831232 0.0 8.9120468049 10.809982699 0.0 0.0 0.0 4.7331845149 0.0 0.0 5.3752935946 7.8338165759 5.3338730421 11.015887131 6.3796619205 8.1490638805 6.5799894687 10.890654211 0.0 0.0 7.1713283915 0.0 14.979547454 5.7765845045 0.0 5.2260181258 8.1946643037 0.0 9.9784455679 0.0 7.9993871969 6.4329344893 7.013619727 0.0 5.2091583294 0.0 6.5826151628 7.1791488151 4.6212676036 11.397481758 6.992471326 0.0 0.0 6.9294760888 7.4881650985 6.1099902209 0.0 15.383436917 8.2200910104 0.0 8.3487812806 5.9826240126 0.0 7.9273206456
7.4156192612 3.5870968917 3.871345741 8.0489957604 12.805220528 12.114912144 7.8901713197 0.0 8.8866304866 6.9846657425 7.7962859591 7.7784092552 11.586973104 7.0781612682 4.467968721 7.1953143919 5.4960819536 9.5989263489 5.0979894214 5.165701072 3.7166127965 5.3072508076 7.0117540387 5.3964857939 7.8423248075 9.512449535 8.5215693751 10.651961719 0.0 4.1650555874 7.8364465217 7.660789511 4.7300916644 6.893515644 4.6936428627 9.6936390499 5.6139046436 7.1709234956 5.7901866735 0.0 7.6010694882 10.631561245 6.3105465869 10.915925696 13.181537213 5.0832152203 6.5398090553 0.0 7.2110504539 12.081904294 8.7807226477 5.8826990545 7.0392126559 5.6607828521 6.1717678531 0.0 4.5838977832 6.3099248582 5.7924972029 6.3174283171 4.0665721762 10.029430488 6.153157916 24.494557553 5.7598318285 6.0977240609 6.5893530633 5.3766019111 6.2642960352 13.536947415 7.2334251672 5.2126301745 7.3466686141 5.2645235976 7.4028337107 6.9757963257
0.0 4.0894179537 0.0 0.0 14.598406541 0.0 8.995075747 12.712199728 0.0 7.9627672044 8.8880430989 0.0 13.209561177 0.0 5.0936431482 8.2029141518 6.2657287758 10.943117215 5.8118891397 5.889082828 4.2370706886 0.0 7.9936488248 0.0 8.9405290225 10.844530574 0.0 12.143614965 11.508481425 4.7483114093 0.0 8.7335723321 5.3924726204 0.0 0.0 11.051093061 6.4000508303 8.1751076631 0.0 10.925459906 8.6654893835 12.1203577 0.0 0.0 0.0 5.7950460252 0.0 0.0 8.2208538219 13.773800326 10.010335914 6.7064860126 8.0249526244 6.4534936542 7.0360347174 8.9444205158 5.2258063996 0.0 6.6036526956 7.2020928237 4.6360368202 11.433907235 0.0 27.924666227 6.5664130078 6.9516221625 7.5120966994 6.1295172807 7.1415201338 15.432601201 0.0 5.9425836729 8.3754633447 6.0017440197 0.0 7.9526557539
0.0 0.4682638135 0.0 1.0507252978 0.0 0.0 1.02999217 0.0 0.0 0.9117864155 0.0 1.0154026197 0.0 0.9239914305 0.5832538499 0.0 0.7174649508 1.2530550452 0.6654974872 0.0 0.4851709708 0.6928147127 0.0 0.0 1.0237462305 1.241766261 0.0 0.0 0.0 0.543711216 1.0229788722 1.0000484011 0.0 0.0 0.6127136156 0.0 0.0 0.9361007199 0.7558577241 1.2510331734 0.9922524796 0.0 0.8237861144 1.4249776766 0.0 0.0 0.0 0.0 0.9413389398 1.5771858833 1.1462457794 0.7679343983 0.0 0.0 0.0 1.0241918307 0.5983873649 0.8237049532 0.7561593433 0.0 0.0 0.0 0.8032404136 0.0 0.0 0.7960040135 0.0 0.7018678867 0.8177485134 1.7671289099 0.944259761 0.6804628249 0.0 0.6872370529 0.9663745499 0.9106285914
0.3647105805 0.1764184681 0.1903982261 0.3958609272 0.6297787478 0.595828411 0.3880497179 0.548407335 0.4370569806 0.3435156806 0.3834323039 0.3825531024 0.5698636268 0.348113922 0.219740983 0.3538756773 0.0 0.4720886925 0.2507262868 0.2540564409 0.1827882423 0.2610180559 0.3448479211 0.265406758 0.3856965592 0.4678356412 0.4191027619 0.5238784524 0.4964786396 0.2048432892 0.3854074568 0.3767683981 0.2326325579 0.3390327906 0.2308399545 0.4767467963 0.2760997227 0.3526760988 0.2847695207 0.471326952 0.3738312834 0.5228751284 0.3103615528 0.5368605719 0.6482865314 0.2499996708 0.3216370033 0.2261721974 0.354649599 0.5942050385 0.4318482842 0.2893194097 0.3461983745 0.2784052589 0.3035362196 0.3858644391 0.2254425372 0.3103309753 0.2848831558 0.310700006 0.1999997366 0.4932614913 0.3026209567 1.2046767761 0.2832766268 0.2998946418 0.3240736473 0.2644288407 0.3080868857 0.6657661048 0.3557500188 0.2563644802 0.3613194908 0.2589166717 0.3640817692 0.3430794702
2.1870142351 1.0579065198 1.1417371829 0.0 0.0 3.5729295669 0.0 0.0 0.0 2.0599174349 0.0 0.0 3.4172297994 0.0 0.0 0.0 0.0 0.0 1.5034989045 0.0 0.0 0.0 0.0 0.0 0.0 0.0 0.0 3.1414762666 0.0 1.228358083 0.0 0.0 1.3949985078 0.0 0.0 0.0 0.0 0.0 1.7076416996 0.0 2.2417072112 3.1354597594 0.0 3.2193245157 0.0 1.4991416975 0.0 0.0 0.0 0.0 0.0 1.7349254486 0.0 1.6694779281 0.0 2.3138649282 0.0 0.0 1.7083231209 0.0 1.199313358 0.0 0.0 7.2239342615 1.6986894496 0.0 1.94333183 1.5856672925 0.0 3.9923161714 2.1332815578 1.5373087523 2.1666793121 0.0 0.0 2.0573016667
0.0 0.0 1.3402887752 2.7866223766 0.0 4.1942729597 2.7316361705 0.0 3.0766177675 0.0 0.0 2.69294331 4.0114965258 0.0 0.0 2.4910715185 1.9027845723 3.3232199087 1.764961968 1.7884042465 1.2867190756 1.837409821 2.4275215549 0.0 0.0 0.0 0.0 3.6877886092 3.494910439 0.0 0.0 0.0 0.0 0.0 1.624974173 3.3560101523 1.9435756666 0.0 2.0046058204 0.0 2.6315469598 0.0 2.1847583042 3.7791749072 0.0 0.0 0.0 0.0 0.0 4.1828453961 0.0 0.0 0.0 0.0 0.0 2.7162531247 0.0 0.0 0.0 0.0 1.4078776235 0.0 2.1302691722 0.0 1.9940967466 0.0 0.0 0.0 2.1687460182 0.0 0.0 1.8046514519 2.5434714793 0.0 2.5629162548 0.0
0.0 0.0 2.19398079 4.5615512688 0.0 6.8657997228 0.0 6.3193611769 5.0362581592 3.9583709357 4.4183348044 0.0 0.0 4.0113570034 0.0 4.0777503767 3.1147562199 0.0 2.8891480138 2.9275217655 2.1062900667 3.0077412607 0.0 0.0 0.0 5.3909242268 0.0 0.0 5.7209808121 2.3604329242 0.0 0.0 0.0 0.0 2.6599955066 0.0 0.0 4.063927494 3.281432138 0.0 4.3077011345 0.0 0.0 0.0 7.4702807143 0.0 0.0 2.606208401 4.0866683655 0.0 0.0 3.333861035 3.9892839278 0.0 0.0 4.4463605802 0.0 0.0 0.0 0.0 0.0 0.0 0.0 13.881629884 0.0 0.0 0.0 0.0 0.0 0.0 4.0993486308 2.9541175687 4.1635263001 2.9835267667 0.0 3.953344433
0.0 1.7250927563 1.861792613 0.0 6.1582371044 5.8262566675 0.0 0.0 4.2737239454 0.0 0.0 3.7407624792 5.5723622674 0.0 2.1487182278 0.0 0.0 4.6162785151 0.0 2.48426897 0.0 2.5523425211 0.0 2.5952570654 3.7715004993 4.5746904204 4.0981601683 0.0 0.0 2.0030424157 0.0 0.0 0.0 0.0 0.0 0.0 2.6998172973 3.4486127784 0.0 0.0 3.6554769247 5.1128892934 3.0348436449 5.2496447447 6.3392138683 0.0 0.0 2.2116053026 0.0 5.8103826604 4.2227911573 0.0 3.3852709111 2.7223617839 0.0 3.7731420989 0.0 3.0345446455 2.7857053398 3.03815318 0.0 4.8233148998 0.0 0.0 2.7699960344 0.0 0.0 2.5856945854 3.0126010086 0.0 3.4786708405 2.5068379324 0.0 0.0 0.0 0.0
1.0250311827 0.0 0.0 0.0 0.0 0.0 1.0906266024 0.0 0.0 0.0 0.0 0.0 1.6016206235 0.0 0.6175893207 0.0 0.0 1.3268209278 0.0 0.7140340534 0.0 0.7335999032 0.0 0.7459344959 0.0 0.0 0.0 0.0 0.0 0.0 1.08320044 0.0 0.0 0.9528629026 0.6487833484 1.339912683 0.0 0.0 0.0 1.3246800307 0.0 0.0 0.0 1.508864443 0.0 0.0 0.0 0.6356644621 0.0 0.0 0.0 0.0 0.0 0.0 0.0 1.0844848039 0.0 0.8721954988 0.0 0.0 0.562105893 0.0 0.8505262357 0.0 0.0 0.8428638372 0.9108197341 0.0 0.8658884103 0.0 0.9998472269 0.0 1.0155004125 0.0 1.0232638876 0.9642362298
0.0 2.4172113024 2.6087560395 5.4239191503 0.0 0.0 5.3168932615 7.5140455704 5.9883700667 0.0 5.2536274057 0.0 0.0 4.7697098613 3.0107980958 4.848654998 3.7036053996 0.0 0.0 3.4809740002 0.0 3.5763591072 4.7249604969 3.6364912485 5.2846512749 0.0 0.0 7.1779611862 0.0 2.806676191 5.2806901165 5.1623213842 0.0 4.6452840364 3.1628715141 0.0 3.7830017323 0.0 0.0 0.0 5.12207828 7.1642140649 0.0 7.3558367016 8.882548115 3.4253898498 4.4069343096 3.0989158782 4.8592589455 0.0 0.0 0.0 4.7434638387 3.814591215 4.1589250195 5.286951495 0.0 0.0 3.9033486216 0.0 0.0 6.7584605223 4.1463844744 0.0 3.8813366397 4.1090296593 0.0 0.0 0.0 9.1220458437 0.0 3.5125977785 0.0 0.0 0.0 4.7007299303
7.8580352441 0.0 4.1023102998 8.529198997 13.569180223 12.837688027 8.3608990873 0.0 9.4168070266 0.0 8.2614125243 8.2424692959 12.278252134 7.5004445009 4.7345278179 7.6245869822 5.823978305 0.0 5.4021355651 5.4738868939 3.938345985 5.6238814894 7.4300754149 5.7184402366 8.3101980512 0.0 9.0299663624 11.287457953 10.697103009 4.4135428811 0.0 8.1178323556 0.0 7.3047829154 4.9736656831 10.271961736 0.0 7.5987409246 0.0 0.0 8.0545494352 11.265840386 6.6870339136 11.567170026 13.967947968 5.3864799348 6.9299741851 4.87309443 7.641261858 12.802710929 9.304580724 6.2336609894 7.4591722137 5.9985052623 6.5399756379 8.313815184 4.8573732101 6.6863750925 6.1380776936 6.6943262079 4.3091839478 10.627786497 6.5202554316 25.955903311 0.0 6.4615143917 0.0 5.697370081 6.6380240531 0.0 7.6649714471 5.5236157875 7.7849710001 0.0 7.8444869074 7.3919724641
0.0 0.0 0.0 6.0877086686 0.0 9.1628891195 0.0 8.4336287262 6.7212381592 0.0 0.0 5.8830555836 8.7635922178 0.0 0.0 0.0 4.1568596565 0.0 3.8557697528 3.9069822039 0.0 4.0140407213 5.3032101288 0.0 0.0 7.1945647902 0.0 0.0 7.6350483487 3.1501625494 0.0 5.7940960715 0.0 0.0 0.0 7.3316041195 0.0 5.4235949957 4.3793003071 0.0 0.0 0.0 0.0 8.2560579559 9.9696112092 0.0 0.0 0.0 5.4539442764 0.0 6.6411367294 4.4492703308 5.3239779447 4.2814281267 4.6679021555 5.9339786517 3.4669460764 0.0 0.0 4.7780697461 3.0756764478 0.0 4.6538268748 18.526004335 4.356341983 4.6119005065 4.9837349849 4.0664931423 4.7378841301 0.0 0.0 3.9424761603 0.0 3.9817247884 5.5989959859 0.0
0.0 0.8551590365 0.0 1.9188696785 3.0527472157 2.8881786327 1.8810061471 0.0 0.0 1.6651348449 1.8586240044 1.8543622224 2.7623186812 1.6874240515 1.0651576865 1.7153531974 1.3102584875 2.2883710298 1.2153537675 0.0 0.0 1.2652413983 0.0 1.2865148981 1.8695996034 2.2677550745 0.0 2.5394132345 2.406597222 0.9929436061 1.8681982281 1.8263218348 1.1276474409 0.0 0.0 2.3109504093 0.0 0.0 0.0 2.2846786199 1.8120846624 2.5345497892 1.5044257521 2.6023418888 3.1424606033 1.211831618 1.5590816138 1.0963319235 1.7191046533 2.8803096062 2.0933123765 1.4024274803 1.6781387552 1.3495229585 1.47134109 1.8704133735 1.0927950178 1.5042775328 1.3809234811 1.5060663472 0.0 2.3910026329 1.4669045063 0.0 1.3731361002 1.4536891504 0.0 1.2817746074 1.4933996832 3.2271899138 1.7244387546 0.0 0.0 1.2550552893 1.7648255217 1.663020388
0.0 0.0 0.0 0.0 2.4247937787 2.2940771329 0.0 0.0 0.0 0.0 1.4763030164 0.0 0.0 1.3403190808 0.8460535869 0.0 0.0 0.0 0.9653541699 0.9781760333 0.7037769921 0.0 1.3277442223 1.0218773782 0.0 1.8012753785 0.0 0.0 0.0 0.7886940216 0.0 1.4506454384 0.0 1.3053546255 0.0 0.0 0.0 1.3578845161 0.0 1.814717732 1.4393368678 0.0 1.1949637315 0.0 2.4960530244 0.0 0.0 0.8708152492 0.0 0.0 0.0 1.1139466156 0.0 0.0 0.0 0.0 0.8680058889 1.194846001 0.0 0.0 0.0 1.8991707795 0.0 0.0 1.0906805044 0.0 1.2477584653 1.0181121704 0.0 0.0 0.0 0.987062518 0.0 0.0 0.0 1.3209352775
0.0 3.1589538793 3.409275806 7.0882965109 0.0 10.668919705 6.9484287855 9.819796631 0.0 6.1510011045 6.8657492446 6.8500062399 10.203993575 6.2333373397 0.0 6.336507487 0.0 8.4532329464 4.4895116986 0.0 3.2730112304 4.6737963967 6.1748562388 4.7523806152 6.9062930612 8.3770776947 7.5044654348 9.3805817935 8.8899600025 0.0 6.9011163866 6.7464251663 0.0 6.0707303547 4.1334264941 8.5366410793 4.9438491313 6.3150278006 5.0990907707 8.4395931998 6.6938331112 9.362616247 5.5573423922 9.6130399775 11.608236234 4.4765008931 0.0 4.049845508 0.0 10.639851555 0.0 5.1805612059 6.199037494 0.0 0.0 0.0 0.0 0.0 5.1011255236 0.0 3.5812007145 8.8323536563 5.4187390682 0.0 0.0 5.3699215991 5.8028715281 4.7348700013 5.5166121404 11.92122595 6.370069497 4.5904693428 6.4697966124 4.6361689532 0.0 6.1431903094
2.0701631405 1.001383095 1.0807347269 2.2469781356 0.0 3.3820296981 2.2026403006 3.112859104 2.480814377 1.9498570598 0.0 2.1714405183 3.2346488925 1.9759575086 1.247289516 2.0086622727 1.5343002219 2.6796607022 1.4231676977 1.4420702544 1.0375390845 1.4815856387 0.0 1.5064967045 2.1892833465 2.6555196148 2.3789029882 2.9736287353 2.8181024483 1.1627275149 2.1876423493 2.1386054913 1.3204644238 1.9244113664 1.3102892836 2.7061009408 1.5671919038 2.0018532481 1.6164032438 2.6753369253 2.1219338978 2.9679336871 0.0 0.0 3.6797914662 1.4190432941 1.8256697352 0.0 2.0130551918 3.3728151429 2.4512488752 1.6422292354 1.9650845149 1.5802785438 1.7229264167 2.1902362635 1.279652568 1.7614946778 1.617048257 1.7635893625 1.1352346353 2.799841333 0.0 6.837963008 0.0 1.7022561633 1.8395005665 1.5009458692 1.7487568195 3.7790086826 0.0 1.455171102 2.0509147025 1.4696578021 2.0665938938 1.9473810508
4.6411973673 2.2450484664 2.4229506705 0.0 8.0143752947 7.5823334998 0.0 0.0 5.5618559376 4.3714774335 4.8794443988 4.8682559454 7.2519134505 4.4299932731 2.7963577868 4.5033156418 3.4398207614 6.0076589871 3.1906674612 3.2330460035 2.3261083018 3.3216374261 4.388431126 3.3774867313 4.9082586319 5.9535359332 5.3333759401 6.6667199252 6.3180381332 2.606774208 4.9045796021 4.794641534 0.0 4.3144295212 2.937599967 6.0669366176 0.0 4.488050165 3.6238914376 5.9979653058 4.7572646943 6.6539519253 3.9495679557 6.8319264807 8.2498997931 0.0 4.0930559541 2.8781994909 4.5131643364 7.5616749496 5.4955716306 3.6817919587 4.4056165906 0.0 3.8627108138 4.9103950218 2.8689140548 3.9491788357 3.6253375236 3.9538750091 2.5451366114 6.2770976687 3.8510634533 15.330355028 3.6048933173 3.8163691879 4.1240639537 3.3650420492 3.9206212243 8.4723395972 0.0 3.2624174179 4.598043377 0.0 4.6331953028 4.365926351
0.0 0.0 0.0 6.5816554845 0.0 0.0 0.0 0.0 7.2665885313 5.7113539328 0.0 0.0 0.0 5.7878051272 0.0 0.0 0.0 7.8490321191 4.1686206621 0.0 3.0390704286 0.0 0.0 4.4127008362 0.0 7.7783201181 0.0 8.7100980489 0.0 0.0 0.0 0.0 0.0 0.0 0.0 0.0 0.0 0.0 0.0 0.0 0.0 0.0 5.1601273986 0.0 10.778529306 4.1565398131 0.0 3.7603799246 0.0 0.0 0.0 4.8102769151 5.7559568874 4.6288162666 5.0466481718 0.0 3.7482484627 0.0 0.0 5.1657545822 0.0 8.2010549071 0.0 0.0 0.0 4.9861026398 5.3881071651 0.0 5.1223083704 0.0 5.9147642564 0.0 0.0 4.3047954852 0.0 0.0
2.8469027825 0.0 1.4862339306 0.0 4.9160045396 4.6509908177 0.0 0.0 0.0 2.6814570216 2.9930431173 0.0 0.0 2.7173505408 1.7152812376 2.7623263603 0.0 0.0 0.0 1.9831450669 0.0 2.0374868989 0.0 2.0717447702 3.0107177202 3.6518890865 0.0 0.0 3.8754741326 1.5989909842 0.0 0.0 1.8159118809 0.0 1.8019189572 0.0 0.0 2.7529625421 0.0 3.6791419902 2.9180982888 4.0815230967 2.4226584463 4.1906923944 0.0 1.9514782306 0.0 1.7654828034 2.7683675333 0.0 0.0 0.0 2.702397924 0.0 0.0 0.0 1.7597871323 2.4224197607 0.0 2.4253003857 1.5611825845 3.8503613195 0.0 9.4036143978 2.2112355937 2.3409545426 2.5296940026 2.0641112228 2.4049025692 0.0 0.0 0.0 0.0 2.0210836548 0.0 2.6780519968
5.7408796607 0.0 2.9970430306 6.2312147405 9.9132961781 9.3788866806 0.0 0.0 6.8796784755 5.4072524608 6.0355767894 0.0 0.0 0.0 3.4589249868 5.5703283286 4.2548496612 7.4311098104 3.9466621397 0.0 2.8772548938 0.0 0.0 0.0 6.0712182482 0.0 6.5970625756 8.2463282196 0.0 3.2244215979 0.0 0.0 3.6618502209 0.0 3.6336329976 0.0 4.3460633361 5.5514458597 4.482533924 0.0 5.8844479049 8.2305349781 4.885376025 0.0 0.0 0.0 5.0628619767 0.0 5.5825105666 9.3533333069 0.0 4.554153357 5.4494805276 0.0 4.7779390083 6.0738608329 0.0 0.0 0.0 0.0 0.0 7.7643891184 4.7635319297 18.962719403 4.4590344015 4.7206172277 5.1012169916 4.1623529294 4.8495706739 10.479770245 0.0 4.0354124846 0.0 4.075586324 0.0 0.0
2.4174782337 1.1693869861 1.2620515879 2.623957807 4.1744783293 3.9494390663 2.5721813316 0.0 2.8970251864 0.0 2.5415748768 2.5357471042 3.7773319108 2.307467549 1.4565495816 2.3456592517 0.0 3.1292323269 1.6619351706 1.6840090441 1.2116089327 0.0 2.2858189144 1.7592444388 2.5565834567 0.0 2.7780159358 3.4725199198 0.0 1.3578004574 2.5546671463 2.497403284 1.5420011788 2.2472734153 0.0 3.1601084931 1.8301225837 2.3377078644 0.0 3.124183142 2.4779346665 0.0 2.0572265754 3.5585716906 4.2971568762 1.6571188082 2.1319657182 1.4991787832 2.350789179 0.0 2.8624994258 1.9177490671 2.294770373 1.8454047934 2.0119849635 2.5576962462 1.4943422425 2.057023893 1.8883434294 2.0594700068 1.3256950466 3.269575884 2.0059181583 7.98518069 1.8776945775 1.9878468235 2.1481169736 0.0 2.0421489806 4.4130199482 2.3580832944 1.6993078452 2.3950004497 0.0 2.4133101678 2.2740967661
0.0 3.0289997854 3.2690238855 6.7966958148 10.81292516 10.230018143 6.6625820144 9.4158265757 7.5040074606 5.8979591781 6.5833037719 6.5682084081 9.7842182982 5.976908238 3.772821506 6.0758341375 4.6409761321 8.1054810419 4.3048206753 4.3619974344 3.1383650074 4.4815242083 5.9208329521 4.5568756031 6.6221796835 8.0324586902 7.1957442433 8.9946803041 8.5242418753 3.5170369971 6.6172159686 6.4688884871 3.9941621509 5.8209906331 3.9633842221 8.1854579033 4.7404674237 6.0552380895 4.889322681 8.0924024118 6.4184599814 8.9774538302 5.3287225951 9.2175755461 11.130692756 4.2923451126 5.5223153495 0.0 6.0891219103 10.202145808 7.4145772525 4.9674415584 5.9440194307 4.780052104 5.2115356978 6.6250620821 3.8707137891 5.3281975978 4.8912737276 5.334533634 3.4338760901 8.4690053581 5.1958211807 20.683581127 4.8636905831 5.1490119809 5.5641510719 4.5400853466 5.2896679179 11.430806598 6.1080154623 4.4016250903 6.2036399706 4.445444695 6.251066642 5.8904697061
0.0 3.0237107694 3.2633157572 6.7848279259 10.794044428 0.0 6.6509483051 0.0 0.0 0.0 0.0 0.0 9.7671338179 0.0 0.0 0.0 0.0 0.0 4.297303915 0.0 0.0 0.0 0.0 0.0 0.0 0.0 0.0 0.0 8.5093574729 0.0 0.0 6.4575929913 0.0 5.8108264486 3.956463653 0.0 0.0 6.0446648795 4.8807853064 8.0782720556 6.4072525401 8.9617780626 5.3194179728 9.2014804957 11.111257162 4.2848501362 0.0 3.8764609884 0.0 10.184331573 7.4016304646 0.0 0.0 4.7717055296 5.2024356986 0.0 3.8639550342 5.3188938922 4.8827329462 0.0 0.0 0.0 0.0 0.0 0.0 0.0 0.0 4.5321577845 0.0 11.410846966 6.0973500963 0.0 6.1928076321 0.0 0.0 0.0
2.5189675025 0.0 1.3150343578 0.0 4.3497290295 0.0 2.6801652625 3.7877164216 0.0 2.3725794706 0.0 0.0 0.0 2.4043384084 1.5176976614 0.0 0.0 0.0 0.0 0.0 0.0 0.0 2.3817809325 0.0 0.0 0.0 0.0 3.6183013802 0.0 0.0 2.6619158061 2.6022479232 0.0 2.341617237 0.0 3.2927744653 1.906953804 0.0 0.0 3.2553409155 2.5819619847 3.6113716648 0.0 0.0 4.477557801 0.0 2.2214687544 0.0 2.4494787438 0.0 2.9826713345 0.0 0.0 0.0 0.0 2.6650720721 0.0 0.0 1.9676188459 0.0 0.0 3.4068374573 2.0901295337 8.3204102436 0.0 2.0712995379 0.0 1.8263458534 2.1278813789 0.0 0.0 1.7706472716 2.4955460682 0.0 2.5146244551 0.0
3.809142015 1.8425651319 1.9885737384 4.1344851791 6.5775900577 6.2230029926 4.0529026668 5.7277236598 4.5647485889 3.5877763951 4.004677069 3.9954944368 5.9518193318 3.6358017484 2.2950379162 3.6959791753 2.8231434152 4.9306298458 2.6186573249 2.6534384112 1.9090928833 2.7261475169 3.6016906973 2.7719843815 4.0283256013 4.8862097571 4.3772295741 5.4715369676 5.1853654566 2.1394421253 4.0253061333 3.9350773235 2.4296812254 3.540955805 2.4109587617 4.9792804192 2.8836647747 3.6834504323 2.9742146348 4.9226740091 3.9044012545 5.4610579639 3.2415051657 5.6071259508 6.7708906635 2.611068339 3.359269208 2.362207366 3.7040622353 6.2060480249 4.5103474681 3.0217349814 3.6157952203 2.9077444567 3.1702194258 4.0300789877 2.3545865859 3.2411858056 2.9754014722 0.0 2.0888546712 5.1517646353 3.1606601576 12.581990125 2.9586224218 3.1321857418 3.3847182172 2.7617707323 3.2177478889 6.9534523467 3.7155553362 2.6775442356 3.7737244999 2.7042000564 3.8025745287 3.5832204886
3.8655742665 1.8698626437 2.0180343605 4.1957373736 6.6750367308 6.3151964758 4.1129462204 5.812579604 4.6323751147 3.6409291259 4.0640061627 4.0546874903 6.0399952424 3.6896659724 2.32903879 3.7507349249 2.864968146 5.0036768844 2.6574526044 0.0 1.9373760004 2.7665352583 3.6550495678 2.8130511937 4.0880050469 4.9585987143 4.4420780149 5.5525975186 5.2621863907 2.1711378551 4.0849408456 3.9933753004 2.4656768332 3.5934148911 2.4466769972 0.0 2.9263861265 3.7380205692 3.0182774783 0.0 3.962244767 5.5419632689 3.2895279052 5.6901952459 6.8712010755 2.649751188 3.4090366161 2.3972033519 3.758937735 6.297990321 0.0 3.0665018365 3.6693630486 2.9508225478 3.2171860706 0.0 2.3894696703 3.2892038138 3.0194818986 3.2931151767 2.1198009504 5.2280877749 3.2074851823 12.768391689 3.0024542674 3.1785889194 0.0 2.8026862298 0.0 7.0564674011 3.7706011057 2.7172119217 3.8296320427 2.7442626472 3.8589094833 3.6363057238
0.0 0.0 1.0874511381 2.2609423663 3.5969537645 3.4030479012 2.2163289863 3.1322045004 0.0 0.0 2.1899568281 2.1849353076 0.0 1.9882374352 0.0 2.0211454486 0.0 0.0 1.4320122173 1.4510322471 0.0 0.0 0.0 1.5158590865 0.0 2.6720227965 2.3936870885 0.0 2.835616029 1.1699534843 2.2012378276 0.0 0.0 1.9363709506 1.3184323009 0.0 0.0 2.0142941081 0.0 2.6919632651 0.0 2.9863784196 0.0 3.0662556681 3.7026601609 0.0 1.8370156726 1.2917726102 0.0 3.3937760806 0.0 1.6524351505 0.0 0.0 1.7336338382 2.2038478621 1.2876051882 1.7724417884 1.6270976806 1.7745494908 1.1422897455 2.8172414268 1.7284063544 0.0 0.0 0.0 1.850932458 1.5102737546 1.7596247684 3.8024939797 2.0318506682 1.4642145122 2.0636604634 0.0 0.0 0.0
1.2551045567 0.6071214683 0.0 0.0 2.1673025634 0.0 1.3354231963 1.8872733116 0.0 0.0 0.0 1.3165073012 0.0 0.0 0.0 0.0 0.9302200209 0.0 0.8628422695 0.0 0.0 0.0 1.1867497689 0.0 1.3273251032 1.60999619 0.0 0.0 0.0 0.7049418346 0.0 1.2965999851 0.8005750285 0.0 0.7944060148 0.0 0.0 0.0 0.0 0.0 0.0 1.7994075065 1.0680693679 0.0 2.2309947204 0.860341714 1.1068723806 0.7783425289 0.0 2.0448802183 1.4861503292 0.9956555385 1.1913971806 0.0 0.0 1.3279028405 0.0 1.0679641394 0.9803887414 0.0 0.6882733712 1.6974959829 0.0 4.1457401892 0.0 1.0320488397 0.0 0.0 1.0602413934 2.2911484242 0.0 0.8822453869 1.2434345574 0.0 1.2529405833 0.0
0.0 0.0 1.0464624496 2.1757219282 0.0 3.274778717 0.0 0.0 2.4021427509 1.8880231609 0.0 0.0 3.1320716539 0.0 0.0 0.0 0.0 0.0 1.3780361805 0.0 0.0 1.4346015707 0.0 0.0 0.0 2.5713077334 0.0 0.0 0.0 0.0 0.0 0.0 0.0 1.8633844017 0.0 0.0 0.0 0.0 0.0 0.0 0.0 0.0 0.0 0.0 0.0 1.37404257 1.7677740667 0.0 1.9492171527 0.0 0.0 1.5901508351 0.0 0.0 0.0 0.0 0.0 0.0 1.5657683963 1.7076623878 1.099234056 0.0 1.6632584989 6.6211174134 0.0 0.0 0.0 1.4533478493 0.0 3.6591686975 0.0 1.4090246923 0.0 0.0 0.0 1.8856256711
4.8251957962 2.3340525225 2.5190075889 5.2373212727 8.3321020247 7.8829321043 5.1339773716 7.2555415409 5.7823535104 4.5447829226 5.0728880369 5.0612560216 7.5394126832 4.6056185995 2.9072182822 4.6818478044 3.5761910913 6.245830245 3.3171602073 3.36121883 2.4183259429 3.4533224245 4.5624087376 3.5113858533 0.0 6.1895615041 0.0 6.9310193926 6.5685142492 2.7101187377 5.0990197153 4.984723196 3.0777764622 4.4854733685 3.0540599527 6.3074579137 3.6528559696 4.6659771339 3.7675591764 6.2357522616 4.9458645664 6.9177452105 4.1061470109 7.1027754965 8.5769637985 3.3075469288 4.2553235341 2.9923045682 4.6920869467 7.8614545541 5.7134413884 3.8277551407 4.580275513 3.6833586865 4.0158464521 5.105065685 2.9826510147 0.0 3.7690625919 4.1106248157 2.646037543 6.5259507163 4.0037373366 15.938120873 3.7478078832 3.9676676308 4.2875608336 3.4984478067 4.0760526978 8.8082221404 0.0 3.3917546626 4.7803309831 3.4255206797 4.8168764931 4.5390117697
4.7715562203 2.3081058889 0.0 5.1791002795 8.2394777174 7.795301021 0.0 7.1748848821 0.0 4.4942605731 5.0164949755 5.0049922682 7.455600354 4.5544199666 2.8749000174 0.0 3.5364361504 0.0 3.2802847987 3.3238536411 2.3914424788 3.4149333606 4.5116904497 3.4723513237 5.0461185235 6.1207548758 0.0 6.8539703036 6.4954949702 0.0 5.0423361596 4.9293102244 3.0435621772 0.0 3.0201093137 6.2373406829 3.6122487791 4.6141075217 3.7256768809 6.1664321509 4.8908835689 6.8408436847 4.0605007836 0.0 8.4816174707 3.2707783867 4.2080189771 0.0 4.6399270832 7.7740622273 5.6499275776 3.7852036732 0.0 3.6424124107 3.9712040563 5.0483149189 2.9494941974 4.0601007343 3.7271635836 4.0649288106 2.6166227094 6.4534045973 3.9592295525 15.760943805 3.7061451541 3.9235608178 4.2398979087 3.4595571037 0.0 8.7103050155 0.0 3.3540500203 4.7271901496 3.3874406755 4.7633293993 4.4885535756
5.1740630078 2.5028072072 2.7011347378 5.6159856308 8.9345225944 8.4528771715 5.5051698466 0.0 6.2004243268 4.8733759606 5.4396636827 5.4271906593 8.0845209008 0.0 3.1174135113 5.0203507911 3.8347538246 6.697410963 3.5569947095 3.6042388214 2.5931736929 3.7030016119 4.8922761423 3.7652630933 5.4717861385 6.6370739273 5.9457120598 7.4321400748 7.0434253922 2.9060634427 5.4676847115 5.3451244223 3.300303244 4.8097782574 3.2748720036 6.763494383 0.0 5.0033326529 4.0399580427 6.6866043297 5.303456269 7.417906154 4.4030261674 7.6163143428 9.1970881563 3.5466863799 4.562988325 0.0 5.0313302352 0.0 0.0 4.1045062445 4.9114347062 3.9496697604 4.3061967742 5.4741678118 3.1983001171 4.4025923717 4.0415701568 4.4078277227 2.8373491039 6.9977844668 4.2932121557 0.0 4.0187787082 4.2545345688 4.5975564184 3.7513896111 4.3707560009 9.4450667426 5.0469416322 3.6369824298 5.125954417 3.6731897689 5.1651422095 4.8671875467
4.5890841538 2.2198401676 0.0 4.9810430656 7.9243866953 7.4971960379 4.8827560988 0.0 5.4994052028 4.3223927429 4.8246560528 0.0 0.0 4.3802515434 2.7649591673 4.4527506193 3.4011970832 0.0 0.0 3.1967440746 2.2999898308 0.0 4.3391560726 0.0 4.8531467482 5.8866872594 5.2734906698 0.0 6.2470966834 2.5775043085 4.8495090279 4.7408053883 0.0 4.2659853873 2.904615424 5.9988146357 3.4741105137 4.4376565494 3.5832009405 5.9306177613 4.7038482306 6.5792387016 3.9052206328 6.7552148878 8.1572666308 3.1456985042 0.0 2.8458819201 4.4624887289 0.0 5.4338651625 3.6404513314 4.3561485719 3.503120639 3.8193387576 4.8552591498 2.8367007445 3.904835882 3.5846307892 3.9094793249 2.5165588034 6.2066159148 3.8078221783 0.0 3.5644161387 3.7735174739 4.0777573203 3.3272580162 3.8765989269 8.3772087922 4.4763351035 3.2257856952 4.5464147137 3.2578994374 4.5811719397 0.0
0.0 0.0 0.0 4.4672943272 7.1070591569 6.7239292832 4.3791447563 6.1887819897 4.9321921818 3.876577722 4.3270371951 4.3171153986 0.0 3.9284689198 0.0 3.9934903834 3.0503949143 5.3275253836 2.8294485301 2.8670293515 2.0627670527 2.9455912429 0.0 2.9951177876 0.0 0.0 4.7295786532 5.9119733166 5.6027661692 0.0 4.3493268147 4.2518349547 2.6252606274 3.8259882659 2.605031082 0.0 3.1157879957 3.9799531279 3.2136267492 5.3189291345 0.0 0.0 3.5024330747 6.0584766584 7.3159196709 2.8212486618 0.0 2.5523553983 4.0022240967 0.0 0.0 3.2649722894 3.906851948 3.1418059937 3.4254091243 0.0 0.0 3.5020880074 0.0 3.5062525219 2.2569989294 5.5664606192 0.0 0.0 3.1967794268 3.3843138843 3.6571741912 2.9840819814 3.4767634343 7.513176823 4.0146423452 2.8930755962 0.0 2.9218771016 4.1086662269 3.8716550836
0.0 0.0 1.3340388019 0.0 0.0 0.0 0.0 0.0 3.0622710243 0.0 0.0 2.6803857 3.9927902987 2.4390851166 0.0 0.0 0.0 0.0 1.7567316781 0.0 0.0 0.0 2.4162016475 1.8595914508 2.7024105545 0.0 0.0 0.0 3.4786131325 1.4352491711 2.7003849381 2.6398547547 0.0 2.3754575195 1.6173966678 3.3403605593 0.0 0.0 0.0 3.3023860321 2.6192756504 0.0 2.1745704393 0.0 0.0 1.7516405912 2.2535726904 1.5846916932 2.4848778053 0.0 0.0 0.0 2.4256636959 0.0 0.0 2.7035868174 1.5795792771 2.1743561959 0.0 0.0 0.0 0.0 0.0 0.0 0.0 0.0 2.2706452108 0.0 0.0 4.6647378767 2.4925879758 1.7962360838 0.0 0.0 0.0 0.0
6.4694742033 3.1294258764 3.3774079441 7.022039374 11.171426277 10.569193054 6.8834790481 9.7280070721 7.7528018447 0.0 6.8015723458 0.0 10.108612774 0.0 0.0 6.2772776222 4.7948470877 8.3742172038 4.4475464407 4.5066188878 3.242417088 0.0 6.1171373928 0.0 6.8417371832 8.2987738056 7.4343182009 0.0 8.8068619978 0.0 6.836608897 6.6833636373 0.0 6.0139848148 4.0947897067 8.4568456876 0.0 6.255998715 5.0514275338 8.3607049534 6.6312631811 9.2751001357 5.5053956946 0.0 11.499729416 4.4346572524 5.7054069914 0.0 6.2910059494 10.540396615 7.6604065898 0.0 6.1410926161 4.9385341052 5.384323481 6.8447151474 3.9990467976 5.5048532911 5.0534432671 5.5113993976 3.5477258019 8.7497941211 5.3680879512 21.369342549 5.0249456071 5.3197267985 5.7486297716 4.6906112814 5.4650461647 11.809793493 6.3105259147 4.5475603935 6.4093208409 4.5928328313 6.4583199374 6.0857674574
4.158579482 2.0115956616 0.0 0.0 7.180995339 6.7938796873 0.0 0.0 0.0 3.9169065485 0.0 4.3620272282 0.0 3.9693375811 2.5055767287 4.0350354762 0.0 5.3829487138 0.0 0.0 2.084226438 2.9762348278 3.9320973005 3.0262766071 4.3978702098 5.3344536804 0.0 0.0 5.6610528853 2.3357071199 4.3945737462 4.2960676586 0.0 0.0 0.0 0.0 0.0 4.0213573898 3.247058762 5.3742630362 0.0 5.9620364663 3.5388695984 0.0 7.3920286714 2.8505986855 3.6674369053 2.5789080706 0.0 6.7753693297 0.0 0.0 3.9474957235 3.1744908405 3.4610443522 4.3997844458 2.5705881866 0.0 3.2483544758 0.0 0.0 0.0 0.0 0.0 3.2300361734 3.41952159 3.6952205182 0.0 3.5129329115 0.0 4.0564074861 0.0 4.1199128871 0.0 4.1514095174 0.0
5.5162415452 2.6683264342 2.8797700448 5.9873900273 9.5253932252 9.0118949381 5.8692456152 8.2946519418 0.0 5.1956690319 5.7994073038 5.7861093966 8.6191780035 5.2652173575 3.3235787617 5.3523638122 4.0883592509 0.0 3.7922309726 3.8425994997 2.7646691656 3.9478938123 0.0 4.0142728592 5.8336541279 0.0 6.3389223963 7.9236529954 7.5092312772 3.098251388 5.8292814594 5.6986158379 3.5185636199 5.1278653945 3.4914505243 0.0 0.0 5.3342202061 4.3071343279 7.1288124137 5.6541920266 7.9084777365 4.6942133933 0.0 9.8053231485 3.7812409178 0.0 3.4208507742 5.3640693646 0.0 6.5316982116 4.3759513237 5.2362447329 4.2108749718 4.5909803402 5.8361933094 3.4098146763 4.6937509092 4.3088530567 4.6993324919 3.0249927342 7.4605719608 4.5771370043 18.220716469 0.0 4.5359015358 4.9016085971 3.9994818759 4.6598090899 0.0 5.3807131968 3.8775085553 5.4649513682 0.0 5.5067307839 0.0
0.9640775919 0.4663453734 0.5032995287 1.0464205586 1.6647599796 1.5750155063 1.0257723728 1.4496624203 1.1553183918 0.9080508979 1.0135666798 1.0112425947 1.5063800788 0.92020591 0.5808643046 0.9354365599 0.7145255531 1.2479213769 0.6627709961 0.6715739407 0.0 0.6899763051 0.9115725485 0.70157742 1.0195520224 1.236678842 1.1078581293 1.3848226616 1.3123938731 0.5414836737 1.0187878079 0.9959512811 0.6149419516 0.8962008064 0.610203376 1.2602346294 0.729843251 0.9322655886 0.7527610342 1.2459077885 0.988187299 1.3821704704 0.0 1.4191396547 1.7136835381 0.6608502562 0.8502167038 0.5978646057 0.9374823479 1.5707242763 1.1415497003 0.7647882312 0.9151423431 0.7359377158 0.8023690106 1.019995797 0.5959358188 0.8203302985 0.7530614177 0.8213057958 0.5286802049 1.3038896486 0.7999496006 3.1844480181 0.7488147116 0.7927428474 0.8566577395 0.6989923889 0.8143982618 1.7598891213 0.9403912027 0.677675022 0.9551135699 0.6844214965 0.9624153891 0.9068978174
6.5015428665 3.1449381887 3.3941494836 0.0 11.226802138 10.621583694 6.9175999 9.7762280206 0.0 6.1237102572 6.8352871928 0.0 10.158720354 0.0 3.9172305296 6.3083935824 4.818614759 0.0 0.0 0.0 3.2584894887 4.6530596318 6.1474595508 4.7312951868 6.8756511241 8.3399101598 7.4711695181 9.3389618977 8.8505169043 3.6516555784 0.0 6.7164925333 0.0 6.0437956538 4.1150872499 0.0 4.9219141927 6.2870091974 5.0764670538 0.0 0.0 9.3210760609 0.0 9.570388708 11.55673265 4.4566394916 5.7336882349 4.0318770971 6.3221899598 10.592644513 7.698378609 0.0 6.1715335182 0.0 5.4110131394 6.8786438497 4.0188697509 5.532140406 5.0784927789 0.0 3.5653115933 8.7931661467 0.0 21.475268661 5.0498538582 5.3460962563 5.7771252669 0.0 5.4921359589 11.868333689 6.341806684 0.0 6.4410913288 4.6155991342 6.4903333098 6.1159341172
6.5657759185 0.0 0.0 7.1265663285 11.337719159 0.0 6.9859434552 9.8728138581 7.8682066043 6.1842104504 6.9028175262 6.8869895248 10.259085087 6.2669912202 3.9559314468 0.0 4.8662210486 0.0 4.5137506387 4.5737024119 0.0 4.6990302925 6.208194379 4.7780387884 6.9435802396 8.422305661 0.0 9.4312276933 8.937957028 3.6877327047 0.0 6.7828492155 4.1880146281 6.1035063176 4.1557429248 8.5827305307 4.9705410458 0.0 5.1266208371 8.4851586883 6.7299732151 9.4131651505 0.0 0.0 0.0 4.5006695876 5.7903351419 0.0 0.0 10.697296271 0.0 5.2085311324 6.2325061891 5.0120469271 5.4644721253 6.9466025323 4.0585748294 0.0 5.1286665757 0.0 3.6005356701 0.0 5.4479949205 21.687437077 5.0997447121 5.3989138852 5.8342013172 4.7604336345 5.5463964109 11.985588825 6.4044615964 0.0 6.5047271399 4.6611996979 6.5544556152 0.0
0.0 0.8311106157 0.0 1.8649080368 0.0 0.0 0.0 2.5835569418 2.0589833947 1.6183086269 1.8063565661 0.0 0.0 1.6399710259 1.0352037725 1.6671147601 0.0 0.0 1.1811761028 0.0 0.8611187383 1.2296608147 1.6245848361 0.0 1.817023514 0.0 1.9744007435 2.4680009293 2.3389199125 0.0 1.8156615475 1.7749627845 1.0959362164 1.5971896506 1.0874912296 2.2459628391 1.3007108215 1.6614635237 0.0 2.2204298538 1.7611259837 2.4632742518 1.4621189272 2.5291599306 3.054089655 0.0 1.5152377799 0.0 1.6707607192 0.0 2.034445131 1.3629890077 1.6309468467 1.3115722445 0.0 1.8178143995 1.0620638984 1.4619748761 1.3420897349 0.0 0.0 2.3237638679 1.425652838 0.0 1.3345213474 0.0 1.526716854 1.2457290838 1.4514029288 0.0 1.6759448171 1.2077377346 1.7021827008 1.2197611552 1.7151958447 0.0
0.0 0.0 0.0 0.0 0.0 5.3393236618 0.0 0.0 0.0 3.0783047064 3.43600462 3.4281259406 5.1066486433 0.0 0.0 3.1711424673 2.4222511954 4.2304701822 2.246802554 2.2766446538 0.0 0.0 3.0902431488 0.0 0.0 4.1923578382 0.0 4.6945673709 4.4490328079 0.0 0.0 0.0 0.0 3.0381327372 0.0 4.2722122732 0.0 3.1603928319 0.0 0.0 0.0 0.0 2.7812047096 0.0 0.0 0.0 2.8822460138 0.0 3.178077716 0.0 0.0 2.5926423473 0.0 2.4948387135 0.0 0.0 0.0 2.7809306993 0.0 0.0 0.0 4.4202033729 0.0 0.0 0.0 2.6874088706 0.0 0.0 0.0 0.0 3.1879387728 2.2973274012 0.0 2.3201980402 0.0 3.074395748
5.1722755815 0.0 0.0 0.0 0.0 0.0 5.5032680365 7.7774378341 0.0 0.0 5.4377845022 0.0 8.0817280307 4.93690404 0.0 0.0 3.8334290746 6.6950972825 0.0 0.0 0.0 0.0 0.0 0.0 0.0 0.0 0.0 0.0 7.0409921779 2.9050595171 0.0 0.0 0.0 4.8081166765 3.2737406698 6.7611578734 3.9156085126 5.0016042069 4.0385624031 0.0 5.3016241426 0.0 0.0 0.0 0.0 3.5454611454 4.5614119999 0.0 0.0 0.0 6.1244133145 0.0 0.0 0.0 4.3047091601 0.0 3.1971952358 4.4010714569 4.0401739603 4.4063049992 0.0 6.9953670196 4.2917290272 0.0 4.0173903852 0.0 4.5959681514 0.0 0.0 0.0 0.0 0.0 0.0 0.0 0.0 0.0
1.4166966515 0.6852870915 0.7395906336 1.5376983283 2.4463382496 2.3144601768 1.5073561485 2.1302558154 1.6977219582 1.334366318 1.4894200771 1.4860048713 0.0 0.0 0.8535708351 1.3746091117 1.049983909 1.8338005684 0.9739314126 0.9868671993 0.0 0.0 1.3395413272 1.0309568338 1.4982154427 1.8172798426 1.627979859 0.0 1.9285418737 0.795701626 1.4970924417 1.4635345297 0.9036473942 0.0 0.8966841328 1.8518946967 1.0724930218 1.3699494198 1.1061703389 1.8308416324 1.4521254817 0.0 1.205581072 0.0 0.0 0.9711089159 0.0 0.8785525067 0.0 2.3081542828 1.6774890854 0.0 0.0 1.0814487407 1.1790684693 1.4988675624 0.875718185 0.0 1.1066117477 0.0 0.7768871327 0.0 1.1755131849 4.6794955946 1.1003712808 1.164922976 1.2588448909 1.0271581719 1.1967452622 0.0 0.0 0.995832641 1.4035241641 0.0 1.414254071 0.0
0.0 0.0 1.3511944289 0.0 0.0 0.0 2.7538629313 0.0 0.0 0.0 0.0 2.714855235 0.0 2.4704515464 1.5594304535 2.5113408543 0.0 3.3502602645 1.7793231 0.0 0.0 1.8523604462 2.4472737978 0.0 0.0 0.0 0.0 3.7177953855 3.5233478053 1.4537063549 2.7351116617 2.6738030651 0.0 0.0 0.0 3.3833173156 0.0 0.0 2.020916885 0.0 0.0 0.0 0.0 0.0 0.0 1.7741665421 0.0 0.0 2.5168331252 0.0 0.0 0.0 2.4568575273 0.0 0.0 0.0 1.5998925339 0.0 0.0 0.0 1.4193332337 0.0 0.0 0.0 2.0103223011 2.1282549613 0.0 0.0 0.0 4.7247260141 2.5246424478 1.819335529 2.5641671828 0.0 0.0 2.4347236757
8.2188730361 3.9756482746 4.2906867253 8.9208563564 14.192271476 13.427189456 8.7448281831 12.358539892 9.8492229868 7.741238987 8.6407732374 8.6209601437 12.842064494 7.844861871 4.9519354155 7.9747049247 6.0914130272 10.638674151 5.6501994397 5.7252455605 4.1191932356 0.0 7.7712614651 5.9810286935 0.0 0.0 9.4446187561 11.805773445 11.188309642 4.6162109805 8.6852839591 0.0 5.2424513004 7.6402155849 5.2020543944 10.743646053 6.2219981741 7.9476720266 0.0 10.621508077 8.4244110791 11.783163209 6.9940997993 12.098329783 14.609350475 5.6338249092 7.2481957896 5.0968649502 7.9921455041 13.390606224 9.7318432979 6.5199081744 7.8016943772 6.2739541915 6.8402886672 8.695582206 5.0804218183 6.9934107255 6.4199357324 7.0017269529 4.5070599273 11.115810144 6.8196629171 27.147787866 0.0 6.7582245124 7.3031063637 5.9589910049 6.9428394259 15.003258418 8.0169438279 5.7772579847 8.1424537117 0.0 8.2047025653 7.7314088422
0.0 1.5834811498 0.0 0.0 5.6527119109 0.0 3.4830220456 4.9223456417 3.9228970629 0.0 0.0 0.0 5.114931112 3.1245698909 0.0 3.1762857404 2.4261798424 4.2373315779 2.250446641 2.2803371417 0.0 0.0 0.0 2.3822143053 3.4619007733 0.0 3.7617451883 4.7021814854 0.0 1.8386141244 0.0 3.3817641813 2.088042563 0.0 0.0 4.2791413703 0.0 3.1655186701 2.556008864 0.0 3.3554014894 4.6931759394 0.0 0.0 5.8188324242 0.0 2.8869207259 0.0 0.0 0.0 3.8761453103 0.0 3.1073764904 0.0 0.0 0.0 2.0235070174 0.0 0.0 2.7887534007 1.7951397968 4.4273724966 2.7162381909 0.0 2.5426090797 2.6917675766 2.9087913375 0.0 2.7652987884 0.0 0.0 2.3010534344 3.243099257 2.3239611673 3.2678926692 3.0793821076
0.0 0.0 0.0 1.6697694674 2.6564514255 0.0 1.6368212327 0.0 0.0 0.0 0.0 1.6136361189 2.4037251956 0.0 0.0 1.4926727057 1.1401658182 0.0 0.0 0.0 0.7710137705 0.0 0.0 0.0 0.0 0.0 0.0 0.0 0.0 0.8640435226 1.625675988 0.0 0.9812606286 1.4300643569 0.9736993007 2.0109518002 0.0 0.0 1.2011780359 1.9880905124 0.0 0.0 0.0 0.0 0.0 1.0545163426 0.0 0.0 0.0 2.5063989968 1.8215666917 1.2203697902 1.4602892979 1.174333128 0.0 0.0 0.0 1.3089980643 0.0 1.3105546618 0.8436130741 2.080611955 1.276476659 5.0814120838 0.0 0.0 0.0 0.0 1.299532335 0.0 0.0 0.0 0.0 0.0 1.535722725 0.0
2.0134598349 0.9739544684 1.0511326003 2.185431736 3.4768232163 3.2893933933 0.0 3.0275955817 2.4128630291 1.8964490271 2.1168169626 2.1119631501 3.1460494574 1.9218345652 1.21312533 1.9536435215 1.4922745995 2.6062628058 1.3841860777 1.4025708793 1.0091201185 1.4410039079 1.9038039349 1.4652326412 2.12931725 2.5827829607 0.0 2.8921788362 0.0 0.0 2.1277212009 2.0800274989 1.2842959228 1.8717003101 0.0 2.6319788266 1.5242653538 0.0 1.5721287587 2.6020574604 2.0638125527 2.8866397796 1.7134148399 2.9638492992 3.5789992455 1.3801746446 1.7756632855 1.248630173 1.9579161154 0.0 2.3841073483 1.5972473573 1.9112593909 1.536993541 1.6757341828 2.1302440659 1.244601934 1.7132460306 1.5727561046 1.7152833403 1.1041397157 2.7231515999 1.6706812858 6.6506661238 1.5638869303 1.655630103 1.7891152801 1.4598338473 1.7008570717 0.0 1.9639912097 1.415312885 1.9947386259 1.4294027836 2.0099883525 1.8940408378
0.0 2.9825082954 3.2188483153 0.0 10.646959812 10.072999714 6.5603194236 0.0 7.388830005 0.0 0.0 6.4673943383 0.0 0.0 0.0 5.9825774183 0.0 0.0 4.2387468748 4.2950460397 0.0 4.4127382218 0.0 4.4869330637 6.5205372198 0.0 0.0 0.0 8.3934050531 3.463054725 6.5156496919 6.3695988582 3.9328565837 5.731645454 0.0 8.0598210061 4.6677069715 0.0 4.8142774803 0.0 0.0 0.0 5.2469331362 0.0 0.0 0.0 5.4375544755 3.8236385475 0.0 0.0 7.3007724426 4.8911973273 0.0 0.0 0.0 6.523375377 3.8113030052 0.0 4.8161985806 5.2526549826 0.0 0.0 0.0 20.366113126 0.0 0.0 0.0 4.4704005174 0.0 0.0 0.0 4.3340654589 0.0 4.3772124855 0.0 0.0
0.8712491024 0.4214422069 0.4548381441 0.9456634819 1.5044646303 1.4233614158 0.9270034555 1.310078248 1.0440758299 0.0 0.9159730165 0.9138727115 0.0 0.8316017091 0.5249344121 0.8453658399 0.6457257715 1.1277623177 0.5989545243 0.0 0.4366588209 0.6235403059 0.8237996312 0.6340243799 0.0 0.0 0.0 1.2514817386 1.1860269272 0.4893456384 0.920691416 0.9000537581 0.0 0.0 0.5514485017 0.0 0.6595685686 0.842500193 0.6802796589 1.1259426125 0.0 0.0 0.7414159028 0.0 1.5486774685 0.5972187274 0.7683515791 0.5402977991 0.8472146444 0.0 1.0316328894 0.0 0.8270256997 0.6650762135 0.725111014 0.0 0.53855473 0.7413428569 0.6805511193 0.7422244261 0.4777749819 1.1783415521 0.7229245626 2.8778259143 0.6767133173 0.7164117287 0.7741724244 0.6316882547 0.0 1.5904340378 0.8498434132 0.6124234808 0.0 0.0 0.0 0.8195750177
0.0 2.2526560465 2.4311610907 0.0 8.0415328383 0.0 0.0 7.0025157383 0.0 4.3862906391 0.0 0.0 7.276487313 0.0 2.8058335358 4.5185755949 0.0 0.0 3.2014793695 0.0 2.3339905615 0.0 0.0 3.3889316961 0.0 5.9737101085 0.0 6.6893107985 0.0 2.6156075334 4.9211992798 0.0 0.0 0.0 0.0 0.0 3.5254682607 0.0 3.6361713704 0.0 4.7733851801 6.676499533 0.0 6.8550771736 8.277855436 3.1922013392 4.1069256996 2.887952569 4.5284576629 7.5872984711 0.0 0.0 0.0 3.5549072425 0.0 4.9270344057 2.8786356682 0.0 3.6376223566 0.0 0.0 0.0 0.0 15.382303529 3.617108873 3.8293013516 0.0 3.3764448439 3.9339066568 8.5010490005 0.0 3.2734724584 0.0 3.3060609379 4.6488953667 4.3807207462
2.6211230513 0.0 1.368364961 2.8449961608 4.5261302558 4.2821340156 2.7888581111 3.9413254894 3.1410663354 2.4687983213 2.7556734134 2.7493547179 4.0955288059 2.501845228 0.0 2.5432541437 1.9426438431 3.3928342644 1.8019341497 0.0 1.3136730906 1.8758996304 2.4783729442 1.9074406078 2.771946294 0.0 3.0120319202 0.0 3.5681213445 1.4721795747 2.7698685565 2.7077808706 1.6718970945 2.4365804288 1.6590139095 3.4263113936 1.9842894236 2.5346329432 2.0465980287 3.3873597437 0.0 0.0 2.2305243221 3.8583405459 4.6591430633 1.796712064 2.3115593806 1.6254674031 2.5488162085 4.2704670689 3.1036321754 2.0792974333 2.4880784606 0.0 2.1814716233 2.7731528234 1.6202234394 0.0 2.0474147079 2.2329567369 1.4373696512 3.5450001568 2.1748937593 8.6578405892 2.0358688123 2.1553001218 2.3290711941 1.9004124552 2.2141766129 4.7847662704 2.5567247695 1.8424550435 2.5967517717 1.8607972807 2.6166038737 2.4656633393
0.0 1.9316553432 0.0 0.0 0.0 6.5238925743 4.2488653217 0.0 4.7854596018 0.0 0.0 0.0 6.2395968616 3.8115970788 2.4060057238 0.0 0.0 5.1690316518 0.0 0.0 0.0 2.8579599855 0.0 2.9060131168 0.0 0.0 4.58887382 0.0 0.0 2.2428866917 0.0 0.0 0.0 3.7121652215 0.0 0.0 0.0 3.8615496332 0.0 5.1606911409 4.0931836899 0.0 3.3982357883 0.0 0.0 2.7373165926 0.0 2.4764228962 3.8831580412 6.5061178138 0.0 0.0 0.0 0.0 0.0 0.0 0.0 3.3979009867 3.1192656654 0.0 2.1898532741 5.4008585708 3.3134818281 0.0 0.0 3.2836306404 3.5483733608 0.0 3.3733298189 7.2896600218 0.0 2.8070066778 3.9561885591 2.8349513392 0.0 0.0
6.5797668132 3.1827768191 3.434986524 7.1417522015 11.361878502 10.749378314 7.0008296774 9.893851661 0.0 6.197388274 6.9175266169 0.0 10.280945988 6.2803454399 3.9643610705 0.0 0.0 8.5169821709 4.5233689093 4.5834484327 3.2976943225 4.7090433723 6.2214233096 4.788220226 6.9583761908 8.4402526018 7.5610596224 9.451324528 8.9570027611 3.6955908285 6.9531604767 6.7973026678 4.1969387937 0.0 0.0 8.601019318 0.0 0.0 5.1375450619 8.5032395615 0.0 9.4332234961 5.599252543 0.0 11.695778605 4.5102599841 5.8026736637 4.0803870194 6.3982560046 10.720090948 0.0 5.2196298985 6.2457869253 5.0227270084 5.4761162714 6.9614049237 0.0 5.5987008925 5.1395951597 5.6053585981 0.0 8.8989619823 5.4596039557 0.0 5.1106116671 5.4104183345 0.0 4.7705775575 5.558215128 12.011128703 6.4181087493 4.6250879156 6.5185879469 4.6711321651 6.5684223877 0.0
1.5577387114 0.0 0.0 1.6907869515 2.6898883319 0.0 1.6574239954 2.3423376808 0.0 0.0 0.0 1.6339470492 0.0 1.4868516606 0.0 0.0 1.1545171507 0.0 0.0 0.0 0.0 1.1148509306 1.4729020351 0.0 0.0 0.0 1.7900566399 2.2375707999 2.1205417054 0.8749192879 1.6461384649 0.0 0.0 0.0 0.9859553096 0.0 0.0 0.0 1.2162973327 0.0 0.0 0.0 1.3256050995 0.0 0.0 0.0 1.3737643981 0.9660185533 1.514766609 0.0 0.0 0.0 0.0 1.1891145264 0.0 0.0 0.0 0.0 0.0 0.0 0.0 0.0 0.0 0.0 1.2099209378 1.2808992057 1.3841717041 1.1294189518 0.0 2.8435962366 1.5194666827 0.0 1.5432548108 1.1058755738 0.0 1.4653486913
0.0 0.6204020625 0.0 0.0 2.2147116361 0.0 1.3646351654 0.0 1.5369765715 0.0 0.0 1.3453054909 2.0040111066 0.0 0.0 0.0 0.9505682959 1.6601708524 0.881716677 0.0 0.0 0.9179092304 0.0 0.9333427609 1.3563599289 0.0 1.4738378626 1.8422973283 0.0 0.0 0.0 1.3249627084 0.8180873595 0.0 0.8117834005 1.6765517746 0.0 0.0 0.0 1.6574920774 0.0 0.0 1.0914330547 1.8879509029 0.0 0.8791614227 0.0 0.0 0.0 0.0 1.5186594076 0.0 0.0 0.0 1.0674307443 1.356950304 0.0 0.0 1.0018344416 0.0 0.0 1.7346281821 0.0 0.0 0.9961848408 1.0546245886 1.1396536961 0.0 0.0 2.3412665868 1.2510484183 0.9015442317 0.0 0.9105193967 0.0 1.2064905294
0.0 0.0 0.0 1.1489909485 1.8279401453 1.7293988976 0.0 0.0 1.268562973 0.0 0.0 1.1103648323 1.6540358093 0.0 0.6378007607 0.0 0.0 0.0 0.0 0.0 0.0 0.0 1.0009251046 0.7703462041 0.0 0.0 0.0 1.5205633054 0.0 0.0 0.0 0.0 0.0 0.9840466207 0.6700156548 0.0 0.0 0.0 0.8265468483 1.3680319638 0.0 0.0 0.9008280193 0.0 0.0 0.7256269541 0.0 0.6564674353 1.0293745887 1.7246870402 1.2534446711 0.0 1.0048448113 0.8080745042 0.0 1.1199760255 0.6543495882 0.0 0.0 0.0 0.5805015633 0.0 0.878360849 0.0 0.8222137062 0.0 0.9406275331 0.0 0.8942257714 0.0 1.0325685702 0.0 0.0 0.751508653 1.0567515725 0.0
1.7501728747 0.8465968192 0.913682872 0.0 3.0221818075 2.8592609553 1.8621727106 2.6316967295 2.097348728 1.6484628041 1.8400146675 1.8357955563 2.7346611674 1.6705288416 1.0544928731 1.698178349 1.2971396202 2.2654588822 1.2031851268 1.2191658682 0.8771640874 1.2525732613 1.6548559588 1.2736337617 1.8508803741 2.2450493427 2.0111900362 2.5139875452 2.3825013433 0.9830018308 1.8494930299 1.808035921 1.1163569534 1.6269503148 1.1077546099 2.2878121873 1.3249471531 1.6924218122 1.3665517738 2.2618034423 1.7939412972 2.5091727948 1.4893627992 2.576286131 3.1109969463 1.1996982425 1.5434714231 1.0853549802 1.7018922436 2.8514707169 2.0723532394 1.3883857777 1.6613365136 1.3360109585 1.456609395 1.8516859963 1.0818534876 1.489216064 1.3670970858 1.490986968 0.959758594 2.3670628939 1.4522172322 5.7810020574 1.3593876754 1.439134194 1.5551643884 1.2689409328 1.4784471281 3.1948779107 1.7071729377 1.2302416853 1.7338997156 1.24248914 1.7471553352 1.646369518
1.4956238717 0.0 0.0 0.0 2.5826290199 2.4434037358 0.0 2.2489369529 0.0 1.4087067381 0.0 0.0 2.3369260158 0.0 0.0 1.4511915445 1.108480773 0.0 0.0 0.0 0.0 1.0703962436 1.4141700583 1.0883936584 1.5816842503 1.9185244148 0.0 0.0 2.0359850932 0.8400318765 0.0 1.545071189 0.9539915359 1.3903230727 0.0 0.0 1.1322439169 0.0 1.1677974699 0.0 0.0 2.1442331694 0.0 0.0 0.0 1.0252114841 1.3189855351 0.9274985581 0.0 2.4367465268 0.0 1.1864558881 1.4197080669 1.1416985781 0.0 0.0 0.9245063303 1.2726211951 1.1682634704 1.274134535 0.0 2.022792046 0.0 4.940200368 1.1616753337 0.0 0.0 1.0843833649 1.263418517 0.0 1.4588779404 0.0 0.0 0.0 0.0 1.4069179042
1.1257252221 0.5445378603 0.5876881472 1.2218746973 1.9438915639 1.8390995658 1.1977644143 1.6927284316 1.3490315139 1.0603044894 1.1835121834 1.1807984172 1.7589559835 1.0744975416 0.6782582686 1.0922819264 0.8343306014 1.4571613126 0.7738983181 0.7841772591 0.5641989722 0.8056651621 1.0644166177 0.8192114448 1.190501093 1.4440337332 1.2936135526 1.6170169408 1.5324439617 0.6322746572 1.1896087421 1.1629431973 0.7180497409 1.0464674838 0.7125166447 1.4715391376 0.8522166294 1.0885792758 0.878977055 1.4548101043 1.1538774223 1.6139200547 0.957970091 1.6570878905 2.0010181731 0.7716555262 0.9927731915 0.6981090233 1.0946707332 1.834088822 0.0 0.8930208613 1.0685849625 0.8593329578 0.9369028388 1.1910192756 0.6958568352 0.9578757097 0.879327804 0.9590147694 0.6173244209 1.5225138274 0.9340777645 3.7183868629 0.8743690494 0.9256626495 1.0002942006 0.8161929796 0.9509490438 2.0549710818 1.0980673179 0.7913013134 1.1152581957 0.7991789745 1.1237843165 1.058958071
0.0 0.0 0.0 0.0 0.0 0.7054383256 0.0 0.0 0.5174589512 0.0 0.4539693601 0.0 0.6746970022 0.4121537304 0.0 0.0 0.3200309507 0.0 0.0 0.3007932267 0.2164143724 0.0 0.0 0.3142315733 0.4566501528 0.0 0.0 0.6202522933 0.0 0.2425267146 0.0 0.4460795474 0.0 0.0 0.0 0.5644501933 0.0 0.0 0.0 0.5580333024 0.4426021146 0.0 0.0 0.6356226322 0.0 0.0 0.3808060591 0.0 0.0 0.0 0.0 0.3425432494 0.4098857945 0.0 0.3593754151 0.0 0.0 0.3674201492 0.0 0.0 0.2367921313 0.0 0.3582917784 0.0 0.3353888227 0.0 0.3836909535 0.0 0.0 0.7882419126 0.0 0.303525858 0.0 0.0 0.4310590581 0.0
4.1977124289 2.0305251221 2.1914280603 4.5562438353 7.2485697379 6.8578112615 4.4663390943 6.3120085051 5.0303983971 3.9537653116 4.4131940054 4.4030746533 6.5589641671 4.0066897291 2.5291546358 4.0730058527 3.1111321542 5.4336031853 2.8857864466 0.0 2.1038393666 3.0042417084 3.9690990111 0.0 4.4392549235 5.3846518053 4.8237505756 6.0296882195 5.7143243648 2.3576865249 4.4359274396 4.3364943928 0.0 3.9021685551 2.6569005618 5.4872166016 0.0 4.0591990532 3.2776141424 5.424835774 4.3026890594 6.018140253 3.5721709689 6.179108629 7.4615889302 2.8774233085 3.7019481161 2.6031760383 4.0819134653 6.8391267182 4.9704478203 3.3299820375 3.9846423359 3.2043633443 3.4936133737 4.4411871727 2.5947778627 3.5718190308 3.278922049 3.5760664661 0.0 5.6772959252 3.483078965 13.865478399 3.2604313683 3.4516998752 3.7299931776 3.0434988465 3.5459902132 7.6627737229 4.0945789769 2.9506804085 4.1586819746 2.9800553884 4.1904749936 3.9487446572
3.0243689113 1.462953253 1.5788806426 3.2826837096 0.0 4.9409175903 3.2179091191 4.5476774825 3.6243027081 2.8486098306 0.0 0.0 0.0 0.0 0.0 2.9345202859 0.0 3.9148037958 2.0791521481 2.1067675102 1.5157747184 0.0 2.8596574584 2.2008902144 3.1983955089 0.0 3.4754170335 0.0 0.0 1.6986665832 0.0 0.0 1.9291095826 2.8114353865 1.9142443881 0.0 2.2895618124 2.9245727595 2.3614562654 3.9084870491 0.0 0.0 2.5736786422 4.4519257462 0.0 2.0731266723 0.0 1.8755369298 2.9409380448 4.9274557459 0.0 0.0 0.0 0.0 2.5170794462 0.0 1.8694862101 0.0 0.0 2.576485271 1.6585013378 4.0903796026 2.5094896127 9.9898033799 0.0 2.4868815982 0.0 2.1927808179 2.5548159248 5.520877148 0.0 2.1259069662 0.0 2.1470710592 3.0191544822 2.8449925483
1.1777802107 0.5697179944 0.6148636064 1.2783757618 2.0337796211 1.9241419057 1.2531505882 1.7710023812 1.4114124739 1.1093343388 1.2382393157 1.2354000615 1.8402923806 1.1241836961 0.7096218072 1.1427904538 0.8729111263 1.5245423342 0.8096843761 0.0 0.5902882616 0.84292016 1.1136366173 0.8570928403 1.2455514015 1.5108077185 1.3534319145 1.6917898932 1.6033061503 0.6615118542 1.2446177872 1.2167191932 0.7512532886 1.0948574922 0.7454643348 1.5395850084 0.8916242273 1.1389165878 0.9196220895 1.522082403 1.207234205 1.6885498031 1.0022678656 1.7337137754 2.0935478385 0.8073378746 1.0386803065 0.7303904864 1.1452897221 1.9188994586 1.3945917402 0.9343152996 1.1179977117 0.8990696239 0.9802264364 1.2460935456 0.7280341542 1.00216912 0.9199890577 1.0033608512 0.6458702997 1.5929168337 0.977270727 3.8903298752 0.9148010039 0.9684664862 0.0 0.0 0.9949221561 2.1499955995 0.0 0.8278921084 1.1668291755 0.8361340427 1.1757495552 1.1079256603
2.0186315419 0.976456136 1.053832505 2.1910451643 3.4857536705 3.2978424214 2.1478110103 3.0353721645 2.41906063 1.9013201839 2.1222541493 0.0 3.154130297 1.9267709265 1.216241324 1.9586615863 1.4961076072 2.612957167 1.3877414527 1.4061734769 0.0 0.0 1.9086939834 1.4689961897 2.1347865446 2.5894170124 2.3196860736 2.899607592 2.7479527478 0.0 0.0 0.0 0.0 1.8765078982 1.277672868 2.6387392412 1.5281805319 1.9520220555 1.5761668771 2.6087410199 0.0 2.894054308 0.0 0.0 0.0 1.383719716 1.780224196 1.2518373636 0.0 0.0 2.3902310884 1.6013499945 0.0 1.5409414123 1.6800384188 2.135715741 0.0 1.7176466182 1.5767958344 1.7196891609 0.0 0.0 0.0 6.6677488069 1.5679038791 0.0 1.793710743 1.4635835287 1.7052258374 3.6849395946 1.9690358532 1.4189482113 1.9998622462 0.0 0.0 1.8989058091
1.9789656116 0.9572688597 1.03312479 2.1479913216 3.4172589207 3.233040111 2.1056067148 0.0 2.3715263036 1.8639594113 2.0805520439 2.0757813861 3.092151917 1.8889100491 1.1923422901 1.9201740602 1.4667092257 2.561612791 1.3604724566 1.3785422931 0.9918320583 1.4163168942 1.8711883162 1.4401305452 2.0928381787 2.5385351983 2.2741044484 2.8426305606 2.6939557206 1.1115055247 2.0912694729 2.0443928505 1.2622936013 1.8396346848 1.2525667097 2.5868882497 1.4981519203 1.9136649956 1.5451953381 2.5574794908 2.0284556958 2.8371863981 1.6840609322 2.9130731783 3.517684489 1.3565297466 1.7452429488 1.2272388707 1.9243734568 3.2242314875 2.3432632599 1.5698836095 0.0 1.5106620505 1.6470258132 2.0937491165 1.2232796426 1.6838950148 1.5458119364 1.6858974217 1.0852237973 2.6764990677 0.0 6.5367281355 1.5370947072 1.6272661527 1.7584644863 1.4348242425 1.6717183013 3.6125308591 1.9303444737 1.3910660051 1.9605651308 1.4049145181 1.9755536019 1.8615924787
2.4923286568 1.2055937695 0.0 0.0 4.3037293252 0.0 2.6518217016 3.7476601711 2.986723434 0.0 0.0 0.0 3.8942863833 2.3789118002 0.0 2.4182860018 0.0 3.2261202162 0.0 0.0 0.0 1.7837233562 0.0 0.0 2.6357408823 3.1970560702 0.0 3.5800367452 3.3927941969 0.0 0.0 0.0 0.0 0.0 1.5774947715 0.0 0.0 0.0 0.0 3.2209146975 0.0 3.5731803137 0.0 0.0 4.4302062686 1.7084268375 0.0 0.0 2.4235747629 0.0 2.9511286801 1.9771267802 2.3658214919 1.9025425694 0.0 0.0 1.5406103526 0.0 1.9468106796 2.1232357107 0.0 0.0 2.0680257796 0.0 0.0 0.0 0.0 0.0 0.0 4.5496567152 2.43109472 1.7519221395 0.0 0.0 0.0 2.3445077848
3.3362178964 0.0 1.741682318 3.6211680721 0.0 0.0 3.5497144386 0.0 0.0 0.0 0.0 3.4994337288 0.0 0.0 2.0100974285 0.0 0.0 4.3184673786 2.2935378617 2.3240007013 1.6720694104 0.0 0.0 2.4278285938 0.0 0.0 0.0 0.0 0.0 1.8738196367 0.0 0.0 0.0 0.0 0.0 4.3610777388 0.0 0.0 0.0 4.3114992989 0.0 4.7830401808 2.8390560138 0.0 0.0 0.0 2.9421990586 2.0689274536 0.0 0.0 3.9503651696 0.0 0.0 2.5467333736 0.0 3.5297244339 0.0 0.0 0.0 0.0 1.8295128692 0.0 0.0 0.0 0.0 0.0 2.9644884454 0.0 2.8182483222 6.0901463031 0.0 2.3451136665 0.0 0.0 3.3304657965 3.1383456625
1.5503975882 0.7499611528 0.809389599 1.6828188146 2.6772117505 2.5328876669 1.6496130875 2.3312989942 1.857944696 1.4602973184 1.629984297 1.6262467806 2.4225104502 1.4798446054 0.9341266974 1.5043380312 1.1490762815 2.0068657434 1.0658463205 1.0800029238 0.7770392887 1.1095969955 1.4659607199 1.1282535234 1.6396097264 1.9887858718 1.7816206768 2.227025846 2.1105482721 0.8707960738 1.638380742 1.6016557975 0.0 1.4412403944 0.9813088183 2.0266675074 1.1737096948 1.4992385803 0.0 2.0036275574 1.589170019 2.2227606802 1.3193579476 2.2822132955 2.7558889938 0.0 1.3672902869 0.0 1.5076279996 2.5259866533 1.8358023432 0.0 1.4717015451 1.1835106108 1.2903432144 1.64032339 0.9583642063 1.3192279616 1.21104838 1.320796724 0.8502059602 2.0968720605 1.2864523996 0.0 1.2042189682 1.2748627383 1.3776485466 0.0 1.309688257 0.0 1.5123059233 1.0898144802 1.5359819456 1.1006639367 1.5477244889 1.4584429726
0.0 0.0 1.2201487086 0.0 0.0 3.8183090315 0.0 3.5144156296 0.0 0.0 2.4571890194 2.4515547416 0.0 2.230854568 0.0 0.0 0.0 3.0253349539 0.0 0.0 0.0 0.0 0.0 1.7008336669 0.0 2.998079684 2.6857797169 3.3572246462 3.181635583 0.0 2.4698465968 2.4144840203 1.4908033594 2.1726590115 0.0 3.0551859637 0.0 0.0 1.8249180685 3.020453413 0.0 3.3507949409 1.9889221433 3.4404193095 4.1544818478 1.6020988311 2.0611797828 0.0 2.272737825 3.8079058055 2.7674581699 0.0 2.2185789662 0.0 0.0 2.472775124 0.0 1.9887261904 0.0 1.9910910879 1.2816790649 0.0 0.0 0.0 0.0 0.0 0.0 0.0 0.0 4.2664980119 2.2797897597 0.0 2.3154811845 0.0 0.0 2.1985917683
3.3872794837 0.0 1.7683391691 0.0 5.849121867 5.5338053243 3.6040436399 5.0933781845 4.059202619 0.0 0.0 3.5529933722 5.2926552578 3.2331366541 0.0 3.28664943 0.0 4.3845625216 0.0 2.3595700701 1.6976608198 0.0 0.0 0.0 3.5821884848 0.0 0.0 4.8655641721 0.0 0.0 0.0 0.0 2.1605939958 3.1487949002 0.0 4.4278250433 2.5642988607 3.2755082455 0.0 0.0 3.4719887611 4.8562457182 0.0 0.0 6.021014428 0.0 2.9872300964 0.0 0.0 5.5187281195 0.0 2.68707779 3.2153458492 0.0 2.8191175801 3.5837476836 2.0938160886 0.0 2.6458757177 0.0 0.0 4.58120663 2.810617001 0.0 0.0 2.7852961272 3.0098606274 0.0 2.8613822653 0.0 3.3040575308 0.0 3.3557844589 0.0 0.0 0.0
4.111167202 0.0 2.1462468713 0.0 0.0 6.7164221498 0.0 0.0 4.9266854873 0.0 4.322206144 4.312295425 6.4237364564 3.9240828623 0.0 3.9890317307 3.046989209 0.0 0.0 0.0 2.0604640143 2.9423025488 0.0 2.9917737981 4.347729758 5.2736351695 4.7242981726 5.9053727158 5.5965107921 2.3090775459 0.0 4.2470878655 2.622329576 3.821716626 0.0 0.0 0.0 3.9755095893 3.2100387988 5.3129906558 4.2139795046 5.8940628364 3.4985226778 6.0517124895 7.307751592 0.0 3.625624179 2.5495057442 3.997755693 6.6981228302 4.8679709256 3.2613270127 0.0 3.1382982297 0.0 4.3496221697 2.5412807157 3.4981779957 3.2113197401 3.5023378606 2.2544790349 5.5602457765 0.0 13.579610561 3.1932102861 0.0 3.6530910288 2.9807503132 3.472881697 7.5047885104 4.0101600768 2.8898455348 4.0729414478 2.9186148839 4.1040789827 3.8673324576
8.0349508933 3.8866811199 4.1946696324 8.7212252137 13.874676476 13.12671548 8.5491362031 12.081980182 9.6288168328 0.0 8.4474098016 8.4280400857 0.0 7.6693093593 4.8411208831 7.7962467819 5.9550992368 10.400601639 0.0 0.0 0.0 5.7504974455 7.5973559851 5.8471850864 8.4972936849 10.306902525 9.2332668455 11.541583557 10.937937374 0.0 8.4909244613 8.3005970719 5.1251355963 7.4692426528 5.0856426934 10.503224478 6.082762146 7.7698188267 6.2737667545 10.383819708 8.235889401 11.519479293 6.8375856622 11.827593062 14.282422071 5.5077510369 7.0859954861 4.9828071811 7.8132970756 13.090950908 9.5140638695 6.374005509 7.6271078687 6.1335554905 6.6872165194 8.5009922537 0.0 6.8369120084 6.2762702528 6.8450421351 4.4062008295 10.867060271 6.6670523328 26.540274003 6.2408767584 6.6069887982 7.1396772701 0.0 6.7874723947 14.667515132 0.0 5.6479743636 7.9602416824 5.7042017792 8.0210975297 7.5583951852
1.7103583318 0.8273376558 0.8928975734 0.0 2.953430435 2.7942158563 1.8198102924 2.5718284708 0.0 0.0 1.7981563208 1.7940331898 2.672450579 1.6325261144 0.0 1.6595466254 1.2676310946 2.213922139 1.1758139644 1.1914311613 0.8572095517 1.2240785723 1.6172097728 0.0 1.8087748444 2.1939768945 0.0 2.4567970434 2.3283020105 0.0 1.8074190607 0.0 0.0 1.5899389521 1.0825543888 2.2357669306 1.2948060361 1.6539210436 0.0 0.0 1.7531310699 2.4520918233 0.0 2.5176784036 3.0402251253 1.172406403 0.0 0.0 0.0 0.0 0.0 1.3568015006 1.623542902 1.305618152 1.4234731042 1.8095621395 1.057242489 1.4553380067 1.3359971034 0.0 0.9379251224 2.3132147692 1.4191808584 5.6494905034 1.3284630738 0.0 1.519786078 1.2400738969 1.4448140525 3.1221978884 1.6683365969 0.0 1.6944553694 1.2142238538 0.0 0.0
1.5096351152 0.7302434549 0.7881094306 1.6385747723 0.0 2.4662939326 1.6062420777 2.2700053537 1.8090963096 1.421903728 1.58712936 1.583490109 2.3588187123 1.440937085 0.0 1.4647865389 1.118865198 1.9541019805 1.0378234881 1.0516078912 0.7566096626 1.0804238867 1.4274182295 1.0985899041 1.5965017212 1.9364974582 1.7347789729 2.1684737162 2.055058527 0.8479014294 0.0 1.5595456629 0.9629286811 1.4033478415 0.9555086142 1.973383124 1.1428509589 1.4598211608 1.1787375832 1.9509489317 1.5473881558 2.1643206885 1.2846698824 2.2222101979 2.683432192 1.0348158292 1.3313420025 0.9361875129 1.4679900086 0.0 0.0 1.1975707965 1.433008119 1.1523941929 1.2564179937 1.5971966215 0.9331672534 1.2845433139 1.1792079494 1.286070831 0.0 2.0417418852 1.2526294747 4.9864809547 1.1725580939 1.2413445245 1.3414279267 1.0945420416 0.0 2.7557848443 1.4725449421 1.0611614859 1.4955984833 1.0717256925 1.5070322961 1.420098136
6.6368915656 0.0 3.4648086682 0.0 0.0 0.0 0.0 9.9797489035 0.0 0.0 6.9775837597 0.0 10.370203938 0.0 0.0 6.4397213122 4.9189283695 8.5909255964 0.0 0.0 0.0 0.0 6.2754369663 0.0 0.0 0.0 0.0 9.5333798027 9.034766393 0.0 0.0 0.0 4.2333761168 6.169615001 0.0 8.675692344 0.0 0.0 5.1821486167 0.0 0.0 9.5151216198 0.0 0.0 11.797319963 4.5494175244 5.8530517858 0.0 0.0 0.0 0.0 0.0 6.300012104 5.0663337265 0.0 7.0218430127 4.1025343216 0.0 0.0 5.6540236543 3.6395340196 8.9762217111 0.0 0.0 0.0 5.4573909425 5.8973930872 0.0 0.0 0.0 0.0 0.0 0.0 0.0 0.0 0.0
1.2224349966 0.591318489 0.0 0.0 0.0 1.9970945196 1.300662994 1.8381488076 1.4649252782 0.0 1.2851863701 1.2822394674 0.0 0.0 0.0 0.0 0.0 1.582344385 0.8403830431 0.0 0.0 0.8748789406 0.0 0.889588969 1.292775689 0.0 1.4047464229 0.0 1.664094481 0.6865926545 1.2918066772 0.0 0.0 0.0 0.7737281399 1.5979573927 0.0 0.0 0.0 0.0 1.2530057204 1.7525700926 0.0 1.7994464281 0.0 0.0 1.0780612082 0.7580827762 1.1887126519 0.0 0.0 0.9697392687 0.0 0.9331572756 1.017391097 0.0 0.0 0.0 0.9548698564 0.0 0.0 0.0 0.0 4.0378292527 0.9494851008 1.0051852758 0.0 0.0 1.0326439955 0.0 0.0 0.85928111 1.2110687599 0.867835532 1.2203273501 1.1499319555
0.4772341759 0.0 0.2491414984 0.5179952912 0.0 0.7796584358 0.0 0.717606608 0.5719014998 0.4495000461 0.5017320839 0.0 0.7456827766 0.0 0.2875373311 0.0 0.3537018352 0.0 0.328082483 0.3324400846 0.2391836181 0.3415495559 0.4512433207 0.3472922975 0.5046949264 0.6121762533 0.5484078936 0.6855098669 0.0 0.0 0.5043166277 0.0 0.0 0.443634057 0.3020606513 0.6238367533 0.0 0.0 0.3726290237 0.0 0.4891688753 0.6841969889 0.0 0.0 0.8483013795 0.0 0.4208711741 0.2959527582 0.0 0.0 0.5650857723 0.0 0.4530104274 0.3643012059 0.0 0.5049146021 0.2949979771 0.4060769147 0.3727777185 0.4065598018 0.2617053483 0.0 0.3959881359 1.5763538522 0.0 0.3924206752 0.4240595921 0.3460126649 0.0 0.8711738989 0.0 0.0 0.0 0.3387998348 0.0 0.4489292524
12.286947623 5.9434647431 6.4144369708 13.336389834 21.216983827 20.073211114 13.073233445 18.475614805 14.724267723 11.572900269 12.917674689 12.888054759 19.198468344 11.727813107 7.4029822356 11.921924245 9.1064641694 15.904471513 8.4468642198 8.5590557272 6.1580597867 8.7935896383 11.617782897 8.9414431841 0.0 15.761187986 14.11939757 17.649246963 16.726158678 6.9010851349 12.984216769 12.693170477 7.8372940258 11.421873572 7.7769019665 16.06140109 9.3016847128 11.881510943 0.0 15.878808791 12.594220306 17.615445396 10.455951507 18.086609164 21.840503351 8.4223848298 10.83581674 7.6196471718 11.947997344 20.018520372 14.54878891 9.7470504647 11.663279109 9.3793572674 10.226008872 12.999612313 7.5950652249 10.454921364 9.5975949185 0.0 6.7379078638 16.617774289 10.195174047 40.585059063 9.5434716243 10.103325632 10.917906261 8.908497557 10.379318917 22.429382902 11.985070031 8.6368126082 0.0 8.7227948775 12.265763231 11.558204523
3.3358771011 1.6136365635 0.0 0.0 5.7603607237 5.4498291483 3.5493518346 0.0 0.0 3.1420149402 3.5071180017 0.0 0.0 0.0 2.0098920967 0.0 0.0 0.0 0.0 2.3237633043 0.0 2.3874387041 3.154200467 0.0 0.0 0.0 3.8333829102 4.7917286377 4.5411123606 0.0 0.0 3.4461656413 0.0 0.0 2.1114104156 4.360632254 0.0 3.2258020053 0.0 4.3110588785 0.0 0.0 0.0 0.0 0.0 2.2866574801 0.0 2.0687161123 0.0 5.434980742 3.9499616391 0.0 3.1665525807 0.0 0.0 0.0 2.0620421721 0.0 2.6057242284 2.8418617136 0.0 4.5116862563 0.0 0.0 0.0 2.7430289161 0.0 0.0 2.8179604377 0.0 0.0 0.0 3.3048600173 0.0 0.0 0.0
9.0267191407 4.3664210677 0.0 9.7977015182 0.0 14.746969266 0.0 0.0 10.817318781 8.5021376811 9.4900885839 9.4683280297 0.0 0.0 0.0 8.7585513572 6.6901477033 0.0 6.2055665304 6.2879890538 0.0 6.4602915498 8.5351111164 0.0 9.5461297235 11.579101794 0.0 0.0 0.0 5.0699457009 0.0 9.3251544984 5.7577401779 0.0 5.7133725958 11.799656114 6.833568272 8.7288613526 7.0481489182 11.665513002 0.0 12.941349064 0.0 0.0 16.045326772 6.1875825213 7.9606324835 5.5978439138 8.7777061989 14.70679021 0.0 7.1607603201 8.5685353277 0.0 7.5126315213 9.5502848132 0.0 7.6808041902 7.0509614278 0.0 4.950066017 12.208400805 0.0 0.0 7.0111992516 7.4225011502 8.0209403054 0.0 0.0 0.0 8.8049419894 0.0 0.0 0.0 0.0 8.4913413158
3.2296355816 0.0 1.6860407086 3.5054824403 5.5769038823 5.2762621636 3.4363115395 0.0 3.8702874311 3.0419475722 0.0 0.0 0.0 3.0826665554 0.0 3.1336888482 0.0 4.180505092 2.2202660965 0.0 1.6186517279 0.0 3.0537450124 2.3502666361 0.0 4.142842884 0.0 4.6391209378 4.3964863259 1.81395663 3.4129134235 3.3364116356 0.0 3.0022500647 0.0 4.221754177 0.0 0.0 0.0 4.173759622 3.3104024914 0.0 0.0 0.0 0.0 0.0 2.8482044828 0.0 3.1405421863 5.2618866515 3.8241626622 2.5620212572 0.0 0.0 2.6879159188 3.4169601565 0.0 0.0 2.5227367283 2.7513536711 1.7710653329 0.0 2.6798109564 0.0 2.5085103701 2.6556685154 0.0 2.3416068475 2.7282136065 0.0 3.1502867764 0.0 0.0 2.2927947259 0.0 0.0
0.0 0.0 4.194717546 0.0 0.0 13.12686542 8.5492338556 12.082118189 0.0 0.0 8.4475062921 0.0 12.554827865 7.669396962 0.0 0.0 0.0 10.40072044 0.0 5.5971898078 4.0270598267 0.0 7.5974427659 5.8472518759 8.4973907452 10.307020256 9.2333723125 0.0 0.0 4.5129608465 0.0 8.3006918854 0.0 0.0 0.0 10.503344451 6.0828316264 0.0 0.0 0.0 8.2359834754 0.0 6.8376637644 0.0 0.0 0.0 0.0 0.0 7.8133863229 0.0 0.0 6.3740783161 0.0 0.0 0.0 8.5010893563 4.9667887464 6.836990103 0.0 0.0 4.4062511593 10.8671844 0.0 0.0 6.2409480448 0.0 7.139758823 0.0 6.7875499245 0.0 0.0 5.6480388775 7.9603326083 0.0 8.0211891507 0.0
1.3018378267 0.0 0.0 1.4130292803 2.2480011277 2.1268150831 0.0 1.957545109 1.5600789781 0.0 1.3686651932 1.3655268755 0.0 1.242595899 0.7843674931 1.2631625384 0.964856357 0.0 0.8949698245 0.9068568409 0.6524643398 0.9317063907 1.2309378782 0.0 0.0 0.0 1.4959912267 0.0 1.7721851456 0.0 0.0 0.0 0.83038409 1.2101807156 0.0 0.0 0.0 1.2588806315 1.0164874665 1.6824059613 1.3343942609 1.866407659 1.1078384643 1.9163288302 0.0 0.892376162 1.1480862902 0.0 0.0 2.1210204401 0.0 0.0 1.2357583342 0.0 1.0834753735 1.3773467227 0.8047192443 1.1077293176 1.0168930879 1.109046576 0.0 0.0 1.0802083341 4.3001050143 0.0 1.0704767275 1.1567839136 0.0 1.0997190186 2.376458335 1.269853018 0.0 1.2897333001 0.92420548 0.0 1.2246253762
0.0 0.0 0.0 0.0 2.3016147892 2.1775385202 0.0 0.0 1.597286053 1.2554262487 1.4013071485 0.0 2.0826465737 0.0 0.0 0.0 0.987867681 0.0 0.0 0.0 0.6680252761 0.0 1.2602951084 0.9699662326 1.4095821871 1.7097709863 1.5316698419 1.9145873023 1.8144508426 0.0 1.408525622 1.3769529699 0.8501883201 1.2390428983 0.8436369998 0.0 1.0090451722 1.2889042819 1.0407301655 0.0 1.3662188722 1.9109205141 0.0 0.0 0.0 0.0 1.1754675531 0.0 1.2961167154 2.171605678 0.0 0.0 0.0 1.0174710777 0.0 1.410195728 0.8239113811 0.0 1.0411454609 0.0 0.0 0.0 1.1059707429 0.0 0.0 0.0 0.0 0.0 1.125946747 0.0 0.0 0.0 1.3204927706 0.9462473016 0.0 0.0
11.076749393 5.358065445 5.7826494424 12.022827192 0.0 18.096107824 0.0 16.655866156 13.274006577 10.433031861 11.645353236 0.0 0.0 10.572686618 6.6738283175 0.0 0.0 0.0 7.6148935429 0.0 5.5515240314 7.9274683732 10.473493791 8.0607591403 11.714121706 14.208795773 12.72871288 15.9108911 15.078722045 0.0 0.0 11.442961481 0.0 0.0 0.0 14.479439502 8.3855188167 10.711246044 8.6488322095 0.0 0.0 15.880418805 0.0 0.0 19.689331285 0.0 9.7685470938 6.8691529233 0.0 0.0 13.115811483 8.7870184384 0.0 0.0 9.2188020193 0.0 6.8469921659 9.4251678626 8.6522834594 9.4363758186 6.0742601929 14.981012934 9.1910042586 36.587649115 8.6034910184 0.0 0.0 8.0310584803 0.0 20.220209369 0.0 7.7861330371 10.97375745 7.8636465155 0.0 10.419783567
0.0 1.4932853143 1.611616278 3.3507450527 5.3307307657 5.0433598349 3.2846274618 0.0 3.69944699 2.9076713267 3.2455435914 3.2381016348 4.8235822156 2.9465929114 1.8599865789 0.0 2.2879834905 3.9959711662 2.1222601355 2.1504480591 1.5472019506 2.2093743017 0.0 2.2465222513 3.2647092672 0.0 3.5474744024 4.434343003 4.2024186561 1.7338857938 3.2622621747 0.0 1.9691066706 2.8697261283 1.9539332694 4.0353994531 2.3370323169 2.9852092288 2.4104173897 3.9895234515 3.1642762329 0.0 2.6270398675 4.5442295052 5.4873889759 2.1161097307 2.7224803553 1.9144232721 3.0019138229 5.0296188801 3.6553582393 2.4489296976 0.0 2.356547413 2.5692671752 3.2661302787 1.9082471002 0.0 2.4113792482 2.6299046875 0.0 4.1751872643 2.5615199783 10.196926422 2.3977808634 0.0 2.7431052065 0.0 2.607786061 5.6353439523 3.0112282718 2.169984342 0.0 2.1915872395 3.0817519565 2.9039790457
1.7400132994 0.8416824109 0.0 1.8886298199 0.0 2.8426632367 0.0 2.616419998 0.0 1.6388936454 1.8293335697 0.0 2.7187867378 0.0 1.0483716493 1.6883205966 0.0 2.2523081241 1.1962007596 1.2120887345 0.8720722392 0.0 0.0 1.2662404474 0.0 0.0 1.9995152828 2.4993941035 2.3686711656 0.9772956053 0.0 1.7975404566 0.0 0.0 0.0 2.2745316706 1.3172559698 1.6825974759 1.3586190799 0.0 1.7835276507 0.0 0.0 2.5613310523 0.0 1.1927341164 1.5345117287 0.0 0.0 2.8349182198 0.0 1.3803263397 1.6516926243 1.328255551 1.4481539258 0.0 0.0 1.4805713164 1.3591612264 0.0 0.9541872931 2.3533223349 0.0 5.7474439292 1.3514965684 1.4307801666 0.0 1.2615748599 0.0 3.1763319698 1.6972629726 1.2231002576 0.0 1.2352766171 1.7370132764 0.0
2.1683555874 1.0488809247 1.1319963812 2.3535573113 3.7442957225 3.5424468965 2.3071164341 3.2605089418 2.5984849262 2.0423431214 2.2796639936 2.2744367767 3.3880754911 0.0 1.3064512348 2.1039375964 1.6070754974 2.8067629754 1.4906717102 1.5104708572 1.0867518732 1.5518605442 2.0502638433 1.5779531973 2.2931259299 2.7814768224 2.4917396534 0.0 2.9517713218 1.2178782697 2.2914070966 2.2400443112 1.3830969914 0.0 1.3724392216 2.8344573333 0.0 2.0968056046 0.0 2.8022341121 2.2225819469 0.0 1.8452280881 3.1918586487 3.8543321682 1.486351677 1.9122653154 1.3446874704 2.1085388815 0.0 2.5675170669 1.7201238244 2.0582928486 1.6552346735 1.8046486526 0.0 1.3403493383 1.8450462922 1.6937484561 1.8472403324 1.1890813416 2.932644041 1.7992070355 7.1623028177 0.0 1.7829979631 1.9267521739 0.0 1.8317042489 3.9582554781 2.1150813337 1.5241931072 0.0 1.5393669437 2.1646170433 2.0397496698
10.462566542 0.0 5.4620134877 0.0 0.0 17.092716062 11.13210368 15.732332817 12.537990359 0.0 0.0 0.0 16.347856174 9.9864530066 0.0 0.0 0.0 0.0 7.1926634413 7.2881966159 0.0 0.0 0.0 0.0 11.064597879 0.0 12.02293207 0.0 0.0 0.0 11.056304309 10.808472928 0.0 0.0 6.6221780067 0.0 0.0 0.0 0.0 0.0 10.724215 0.0 8.9034389792 15.401087211 0.0 7.1718187812 0.0 6.4882725971 0.0 17.04614587 12.388566856 0.0 0.0 0.0 0.0 0.0 6.4673406079 0.0 8.172532232 0.0 5.737455025 0.0 0.0 0.0 0.0 0.0 0.0 0.0 0.0 0.0 0.0 7.3544080597 0.0 0.0 0.0 9.842028113
5.8466616072 2.82815783 3.0522668054 6.3460316437 10.095959433 9.5517028599 0.0 8.7914973731 7.0064440277 5.5068869635 6.1467888508 0.0 9.1354623807 5.5806011985 3.5226594386 5.6729676815 4.33324989 7.5680360842 4.0193836785 4.0727692548 2.930271442 4.1843706431 5.5282440607 4.2547257611 6.1830870422 7.4998555789 6.7186206228 8.3982757785 7.9590304103 3.2838350699 6.1784524531 6.0399600273 3.7293237906 5.4350219227 3.7005866343 7.6427099709 4.4261442761 5.6537372826 4.5651294828 7.5558246504 5.9928752523 8.3821915294 4.9753943873 8.6063916479 10.392657016 4.007735325 5.1561507105 3.6257579951 5.6853743905 9.5256786376 6.9229436113 4.6380685817 5.5498931284 4.4631042402 4.8659777268 6.1857783194 3.6140608406 4.9749042007 4.5669511626 4.9808201173 3.20618826 7.9074564256 4.8513051822 19.312128116 4.541196956 4.8075997301 5.1952124583 4.2390488055 4.9389292837 0.0 5.7030151798 4.109769345 5.7922991748 4.1506834311 5.8365811562 0.0
0.0 0.0 0.0 0.0 0.0 4.1626047033 0.0 0.0 3.0533882063 2.3998855399 0.0 2.6726106278 3.9812082966 0.0 0.0 0.0 1.8884178703 3.2981284134 0.0 1.7749011568 0.0 1.8235367216 0.0 0.0 0.0 0.0 0.0 3.6599444903 3.468522619 1.4310859024 0.0 0.0 0.0 2.3685669613 1.6127050385 0.0 0.0 0.0 1.9894703316 3.2928067056 0.0 3.6529350206 0.0 3.7506407891 0.0 1.7465595567 0.0 0.0 0.0 4.1512634218 3.0169989644 2.0212569816 0.0 0.0 0.0 0.0 0.0 2.168048978 0.0 2.1706271175 0.0 3.4460468244 0.0 0.0 1.9790406051 2.0951381697 2.2640586847 1.8473653079 2.1523712124 4.6512067368 2.4853576538 0.0 2.5242673627 0.0 0.0 2.3968380662
1.3088189505 0.633104293 0.6832727641 1.4206066699 2.2600560658 2.1382201593 1.3925749668 1.9680424725 1.5684449238 1.2327578541 1.3760046798 1.3728495328 2.0450416133 1.2492593371 0.7885736749 1.2699362655 0.970030413 1.694161508 0.8997691129 0.9117198736 0.6559631891 0.9367026795 1.2375388001 0.9524521991 1.3841303016 1.6788987917 1.5040135009 1.8800168761 1.7816885137 0.7351110529 1.3830928141 1.3520902483 0.8348370365 1.2166703269 0.8284040091 1.7108778163 0.9908255164 1.2656313968 1.021938395 1.6914278872 1.3415499691 0.0 1.1137792638 1.9266051708 2.3264740399 0.8971615418 1.1542429193 0.8116530582 1.2727136002 2.1323944424 1.5497527308 1.038266358 1.2423851059 0.999099281 1.0892855256 1.3847327641 0.8090345627 1.1136695318 1.0223461916 1.114993854 0.7177292335 1.7701432913 1.0860009667 4.3231643887 1.0165809198 1.0762171742 1.1629871838 0.9489427953 1.1056162775 2.3892021267 1.2766626229 0.9200026207 1.2966495132 0.929161545 1.3065623661 1.2311924473
0.0 0.6564400565 0.7084577009 1.472969198 2.3433600877 2.2170333983 1.4439042667 0.0 1.6262566624 1.2781964115 1.426723211 1.4234517676 0.0 1.2953061272 0.8176399267 1.3167451921 1.0057850281 0.0 0.9329339477 0.0 0.6801415149 0.9712288587 1.2831535797 0.9875588941 0.0 1.7407817794 0.0 1.9493129301 1.8473602557 0.0 1.4340726088 1.4019273109 0.0 1.2615159098 0.0 1.7739395276 1.0273466239 1.3122816491 1.0596063005 1.7537726882 0.0 1.9455796358 1.1548323569 1.9976184354 2.4122261801 0.9302302634 1.1967874734 0.0 0.0 0.0 1.6068754887 1.0765361004 1.2881785168 1.0359253534 1.1294357974 1.4357730061 0.8388549879 0.0 1.0600291283 1.1560917161 0.0 1.8353894848 1.126030172 4.4825130821 1.0540513527 0.0 0.0 0.0 1.1463684889 2.4772663784 0.0 0.9539132478 1.3444430707 0.9634097634 1.3547213042 1.2765733049
7.8273256558 3.7862482608 4.0862782694 8.4958664678 13.516151199 12.787517711 8.3282242824 0.0 9.3800056815 7.3724461084 8.2291265178 8.2102573204 12.230268121 7.4711323949 4.7160250503 7.5947897212 5.8012179113 10.131847366 5.3810237535 5.4524946747 0.0 5.6019030839 7.4010383147 0.0 8.2777213884 10.040569462 8.9946768096 11.243346012 10.655298204 0.0 8.2715167472 8.0861074674 4.9927007489 7.2762354645 4.9542283529 10.231818404 5.9255819775 7.5690446713 6.1116509768 10.115499085 8.0230718598 11.221812928 6.6609006561 11.521964956 13.91336054 5.3654293062 6.9028915051 4.8540501372 7.6113994308 12.752677305 9.2682179648 6.2092995357 7.4300214018 5.9750628086 6.5144170914 8.2813243853 4.8383903566 0.0 6.1140897841 6.6681644518 4.292343445 10.586252585 6.4947739526 25.854466364 6.0796108668 6.4362624756 6.9551861377 5.6751044785 6.6120823286 14.288502696 7.6350163617 5.5020292253 7.7545469505 5.5568037098 7.8138302667 7.3630842721
2.7874231577 1.3483374203 1.4551824183 3.0255001489 0.0 0.0 0.0 4.1913873275 3.3403548294 2.6254340135 2.9305102192 2.9237906268 4.3553742472 2.6605776184 1.6794442975 2.7046137694 2.0658970714 3.6080964585 0.0 0.0 1.3970205605 1.9949181968 0.0 0.0 0.0 3.575591085 3.2031336803 4.0039171004 3.7945048249 1.5655836672 2.9456059891 2.8795790799 1.7779724901 0.0 1.764271917 0.0 2.1101849026 2.6954455872 2.1764467474 3.6022746006 2.8571311941 0.0 2.3720424518 4.1031373107 4.9547476464 1.9107064861 0.0 1.7285970146 2.7105287257 0.0 3.300545617 2.2112208026 2.6459374029 2.1278057377 0.0 2.94909863 1.7230203417 2.3718087531 2.1773152417 2.3746291939 0.0 3.7699166875 2.3128823452 9.207147044 2.1650368038 2.2920455673 2.4768417412 2.0209862655 2.3546575438 5.0883411595 2.7189390542 0.0 2.7615056148 0.0 0.0 0.0
0.0 6.306917449 0.0 0.0 22.514437503 0.0 0.0 0.0 15.624681064 12.280602275 13.707611876 13.676180638 20.372486458 0.0 0.0 0.0 0.0 16.877056269 0.0 0.0 0.0 9.3313321987 0.0 0.0 0.0 16.725010717 0.0 0.0 17.748990965 7.3230979127 13.778223114 0.0 8.3165575267 12.120340045 8.2524723931 0.0 9.8704981279 0.0 10.180441306 16.84982423 0.0 18.692659036 0.0 19.192635249 0.0 0.0 11.498444868 0.0 12.678637156 0.0 0.0 0.0 12.37650793 9.9529204879 0.0 0.0 0.0 11.094257109 10.184503733 11.107449865 0.0 0.0 0.0 0.0 0.0 10.721160716 0.0 9.4532669268 0.0 0.0 0.0 0.0 12.91708417 0.0 0.0 12.265007859
0.3687584504 0.1783765111 0.0 0.0 0.6367685708 0.0 0.3923566255 0.5544940285 0.0 0.3473283114 0.0 0.3867990039 0.5761884606 0.351977588 0.2221798563 0.3578032922 0.2733051136 0.4773283365 0.2535090615 0.2568761765 0.1848169825 0.2639150575 0.0 0.2683524691 0.3899773494 0.0 0.0 0.0 0.0 0.0 0.3896850383 0.3809500959 0.2352145129 0.0 0.0 0.4820381399 0.0 0.3565903997 0.0 0.4765581415 0.0 0.0 0.3138062107 0.0 0.0 0.2527743809 0.3252068058 0.0 0.0 0.0 0.0 0.2925305239 0.0 0.2814952385 0.0 0.3901470926 0.0 0.0 0.0 0.3141484203 0.2022195047 0.4987361291 0.3059797029 0.0 0.286420673 0.303223129 0.3276704937 0.2673636981 0.0 0.0 0.0 0.2592098324 0.3653297234 0.0 0.0 0.3468872595
3.0706774602 0.0 0.0 3.3329475245 5.3024165162 0.0 3.2671811181 4.6173106362 3.6797973267 2.8922271907 3.2283048421 3.2209024136 4.7979616927 2.9309420428 0.0 0.0 0.0 3.9747465106 2.1109877217 0.0 1.5389839662 0.0 0.0 0.0 3.2473687192 3.9389379835 0.0 4.4107899294 4.1800974519 1.7246762357 0.0 3.172198147 1.9586477335 2.8544835387 1.9435549261 0.0 2.3246191378 0.0 2.3976144247 3.9683330431 3.1474691363 4.4023424521 0.0 4.5200927679 0.0 0.0 2.7080198636 1.9042547867 2.9859691165 5.0029039905 3.635942754 0.0 2.9148141078 2.3440305791 2.5556204774 0.0 1.8981114196 0.0 2.3985711743 2.6159359127 0.0 4.1530107 2.5479144299 10.142765307 2.3850450175 2.5249602458 0.0 2.2263562515 0.0 0.0 2.9952340916 0.0 3.0421262105 2.1799465939 3.0653831888 2.8885545212
0.0 0.0 0.3483860031 0.724336613 0.0 1.0902322091 0.0 1.0034622876 0.0 0.628556565 0.0 0.6999862818 1.042722484 0.6369703143 0.4020766598 0.6475130328 0.4945975256 0.8638163079 0.0 0.4648662429 0.0 0.4776044352 0.6309942659 0.4856347746 0.7057381017 0.856034179 0.766863952 0.95857994 0.0 0.0 0.7052091093 0.0 0.0 0.6203538829 0.0 0.0 0.5052004991 0.0 0.5210642829 0.0 0.0 0.0 0.5678919553 0.0 1.1862187909 0.0 0.588523498 0.4138443382 0.0 1.087261802 0.0 0.529389558 0.6334652924 0.0 0.555403128 0.7060452844 0.4125092239 0.5678360054 0.5212722095 0.5685112486 0.0 0.9025577757 0.0 2.2042880108 0.5183326221 0.0 0.0 0.4838454055 0.0 0.0 0.0 0.0 0.0 0.0 0.0 0.6277583979
0.4357357405 0.0 0.2274771187 0.4729524271 0.7524243158 0.7118623581 0.4636200324 0.6552063169 0.5221711605 0.4104132632 0.4581034052 0.4570529847 0.6808410906 0.415906984 0.2625341985 0.0 0.3229452936 0.5640250845 0.0 0.3035323824 0.0 0.3118497295 0.4120049493 0.3170931045 0.0 0.5589437774 0.5007204673 0.6259005841 0.593164825 0.2447352698 0.4604632071 0.4501417444 0.2779363289 0.4050573577 0.275794627 0.5695903256 0.3298684588 0.4213576168 0.3402266471 0.5631149997 0.4466326446 0.6247018689 0.3708025713 0.6414108921 0.7745363773 0.2986855811 0.0 0.2702178527 0.4237154442 0.7099228438 0.5159481022 0.3456625992 0.0 0.3326229841 0.3626480461 0.461009184 0.2693460956 0.370766039 0.0 0.0 0.0 0.5893211566 0.3615545413 0.0 0.3384430212 0.3582972932 0.3871850125 0.3159247438 0.3680849266 0.795419991 0.4250301641 0.0 0.0 0.0 0.434984472 0.4098921035
0.0 2.9400261922 0.0 6.597050225 10.495307176 9.9295224226 0.0 0.0 7.283585356 0.0 6.3899263425 6.3752743888 9.496817466 5.8013430217 3.6619989541 5.8973630799 4.5046524768 7.8673913013 4.178371223 4.2338684767 3.046178929 4.3498842808 5.7469148867 0.0 6.4276603163 7.7965139022 6.9843770374 8.7304712968 0.0 3.4137278385 0.0 0.0 0.0 5.6500053279 3.8469640965 7.9450189289 0.0 0.0 4.7457041144 7.8546968418 6.2299246602 8.7137508319 0.0 8.9468192321 10.803740693 4.1662621165 0.0 3.7691755951 5.9102605388 9.9024688068 0.0 4.8215283343 5.7694202876 4.6396432424 0.0 6.4304580476 0.0 0.0 4.7475978511 5.177837477 3.3330096932 0.0 5.0431995521 20.076023298 4.7208249316 4.9977653219 0.0 0.0 5.1342896429 11.095039015 5.9285991131 4.2723321131 0.0 0.0 6.0674483191 5.7174435283
3.435963159 1.6620503741 1.7937546243 3.7294326914 5.9331883727 5.6133399429 3.6558427581 5.1665827639 4.1175435097 3.2362845669 3.6123417868 3.6040587704 5.3687239469 3.2796049115 0.0 3.3338867999 2.5465621206 4.4475796477 0.0 2.3934829916 1.7220604504 2.4590688395 3.2488356951 0.0 3.6336734897 4.4075113625 3.9483955956 0.0 4.677358997 0.0 3.6309498368 3.5495606775 2.1916471336 3.1940509558 2.174758896 4.4914639599 2.6011542467 0.0 2.6828330033 4.4404032384 3.5218899205 4.9260421111 2.9239372765 5.0577999242 6.1075514595 2.3552638844 3.0301640618 2.1307836388 0.0 5.5980460409 4.068472027 2.7256978163 3.2615584083 2.6228748599 2.8596353483 0.0 2.1239094609 0.0 2.6839035671 2.9271258667 1.8842111075 4.6470500236 2.8510125947 11.349341759 2.668768348 2.8253277965 3.0531198501 2.4912020745 2.9025074827 6.2722277082 3.3515450986 0.0 3.404015472 2.4392715556 3.4300390846 0.0
0.0 0.0 0.0 2.2055417244 3.5088163798 0.0 2.1620215213 0.0 2.4350658034 0.0 0.0 0.0 0.0 1.9395189753 1.2242883126 1.9716206324 0.0 2.6302452135 1.3969231336 0.0 1.0184058782 0.0 0.0 1.4787154743 0.0 0.0 0.0 2.9187921969 0.0 0.0 2.1473001464 0.0 1.2961138056 0.0 0.0 0.0 1.5382913965 1.9649371727 0.0 2.6260011712 2.0828034211 2.9132021708 0.0 0.0 3.6119326162 0.0 1.7920026511 1.2601198654 0.0 0.0 2.4060455175 0.0 0.0 0.0 0.0 0.0 0.0 0.0 0.0 1.7310670995 1.1142998303 0.0 1.686054624 0.0 0.0 1.6708649427 0.0 0.0 1.7165080826 3.7093201729 0.0 1.4283363647 0.0 1.4425559162 0.0 0.0
1.839061842 0.8895943528 0.9600876176 1.9961382116 3.1756744275 3.0044790406 1.9567500016 2.7653571284 2.2038702982 1.7321860514 1.9334665807 1.9290331865 2.8735509941 1.7553727938 1.1080491725 1.7844265831 1.3630196273 2.3805185449 1.2642933093 1.2810856915 0.0 1.3161898019 1.7389039059 1.3383199373 1.9448841423 2.3590724318 2.1133357202 2.6416696502 2.5035054379 1.0329271947 1.9434263367 1.899863676 1.1730552477 0.0 1.1640160026 2.4040071448 1.392239468 1.7783776794 1.4359571324 2.37667745 1.8850532049 2.636610365 1.5650055675 2.7071322988 3.2690003698 1.2606293308 1.6218622969 1.1404787253 1.7883291016 2.9962931462 2.1776053217 1.4589000565 0.0 1.4038651895 1.5305886611 1.945730681 1.1367993965 1.5648513798 1.4365301401 1.5667122257 1.0085034646 2.4872828901 1.5259734262 6.074611512 1.4284291789 1.5122259178 1.6341491325 1.3333887658 1.5535355039 3.3571415376 1.793877995 0.0 1.8219621907 1.3055935214 1.8358910457 1.72998645
0.0 0.7507195663 0.0 1.6845205994 2.6799191354 2.5354491011 0.0 2.3336565677 1.8598235804 0.0 0.0 0.0 2.4249602632 1.4813411284 0.935071352 1.5058593237 1.1502383083 0.0 1.0669241793 1.0810950987 0.7778250855 0.0 1.4674432025 0.0 0.0 0.0 1.783422377 2.2292779712 2.112682607 0.8716766841 1.6400375879 0.0 0.9899293133 1.4426978781 0.0 0.0 1.1748966326 0.0 0.0 2.0056537665 0.0 0.0 1.3206921752 2.2845212301 0.0 1.0638321853 1.368672987 0.0 0.0 0.0 1.8376588357 0.0 1.4731898333 1.18470746 0.0 1.6419822004 0.9593333716 1.3205620577 1.2122730774 1.3221324066 0.0 0.0 0.0 5.1263024604 0.0 1.2761519692 1.3790417217 0.0 0.0 2.8330573717 1.5138352735 0.0 1.5375352386 0.0 0.0 0.0
1.4223987037 0.6880452986 0.0 1.5438873993 2.4561844989 2.323775631 0.0 0.0 0.0 1.3397369994 1.4954148334 0.0 2.2225110192 1.3576704868 0.8570063663 0.0 1.0542099818 0.0 0.9778513822 0.990839234 0.0 1.0179900563 1.3449328375 0.0 1.5042455993 1.8245941992 0.0 0.0 0.0 0.7989042398 0.0 0.0 0.9072844782 0.0 0.9002931904 0.0 1.0768096913 1.3754633194 1.110622556 0.0 1.4579701311 0.0 0.0 2.093796622 2.5283662474 0.0 0.0 0.0 0.0 0.0 1.6842407993 1.1283674653 1.3501997074 0.0 1.1838140935 1.5049003438 0.0 0.0 1.1110657414 1.2117533995 0.7800140202 0.0 1.1802444995 4.6983300629 1.1048001573 1.1696116661 1.2639116067 1.0312923735 0.0 0.0 1.387451839 0.9998407607 1.4091731985 0.0 1.4199462921 1.3380357461
0.0 0.0 0.0 1.7387557441 2.7662023201 2.6170809013 0.0 2.4087914172 1.9197028131 0.0 1.6841650061 0.0 2.5030347438 1.5290346683 0.0 1.5543422561 1.187271599 2.0735739989 0.0 1.1159022415 0.0 0.0 1.5146892822 0.0 1.6941103849 0.0 0.0 0.0 2.1807029369 0.8997413519 0.0 0.0 1.0218012652 1.4891472526 0.0 0.0 1.2127238275 0.0 1.2508045274 0.0 0.0 0.0 0.0 0.0 0.0 1.0980835282 0.0 0.0 0.0 0.0 1.8968244481 0.0 1.5206209326 0.0 0.0 0.0 0.9902202508 1.3630791242 1.2513036513 1.3647000323 0.0 2.1665721278 0.0 5.2913498666 0.0 1.3172392001 1.4234416106 0.0 1.3532223197 0.0 0.0 0.0 1.5870380148 0.0 0.0 0.0
4.8460949361 0.0 0.0 0.0 8.36819046 0.0 0.0 0.0 0.0 0.0 5.0948599943 0.0 7.5720677809 0.0 0.0 4.702126068 3.5916804768 6.272882511 3.3315276647 0.0 0.0 3.4682796349 4.5821696804 3.526594551 5.1249463057 0.0 0.0 0.0 6.596964141 0.0 0.0 5.0063132894 3.0911070883 4.5049010849 0.0 0.0 0.0 4.6861866576 0.0 0.0 4.9672863531 6.9477077096 0.0 0.0 0.0 3.3218727487 4.2737544135 0.0 0.0 0.0 0.0 3.8443341136 4.6001138414 3.6993122419 4.0332400958 5.127177012 2.9955696284 4.1235254705 3.7853873525 4.1284289685 2.6574981989 0.0 4.0210785327 0.0 0.0 3.9848526 0.0 0.0 0.0 8.846372772 0.0 0.0 0.0 0.0 0.0 4.5586713744
1.1735296585 0.5676619096 0.6126445932 1.2737621652 2.0264398083 1.9171977701 1.248628028 1.7646109188 1.4063187542 0.0 1.2337705696 1.2309415621 1.8336508539 1.1201265712 0.7070608162 0.0 0.0 1.5190403342 0.0 0.8174777051 0.5881579397 0.0 0.0 0.0 1.2410562664 0.0 1.3485474438 1.6856843048 1.5975198955 0.0 1.2401260214 1.2123281121 0.7485420516 1.0909062042 0.0 0.0 0.8884063984 1.1348062926 0.0 1.5165892808 1.2028773548 1.682455908 0.998650729 0.0 2.0859923251 0.804424231 0.0 0.7277545423 1.1411564266 0.0 1.3895587257 0.9309434006 1.1139629117 0.0 0.9766888464 1.241596454 0.725406714 0.9985523398 0.0 0.9997397702 0.0 0.0 0.973743804 3.8762898618 0.9114995311 0.9649713373 1.0427721513 0.0 0.9913315299 0.0 1.1446972488 0.0 1.1626181451 0.8331164752 1.1715063316 0.0
2.5518589051 1.2343898499 1.3322054107 2.7698160847 4.4065255894 0.0 0.0 0.0 0.0 0.0 2.6828537241 0.0 3.9873029421 0.0 0.0 2.4760477121 0.0 3.3031773639 1.7543173732 0.0 1.2789587932 0.0 2.4128810223 1.8570357841 0.0 3.2734190092 0.0 3.6655473281 0.0 1.4332766848 0.0 0.0 0.0 0.0 0.0 3.3357698475 1.9318538415 2.46765433 1.9925159187 0.0 2.6156759373 3.658527128 0.0 0.0 4.5360234842 1.7492332831 2.2504755689 1.5825138257 0.0 4.1576183968 0.0 2.0243512294 2.4223300668 1.9479855454 0.0 0.0 0.0 0.0 1.9933110168 2.173950029 0.0 0.0 0.0 8.4290539488 1.9820702258 2.0983455187 0.0 0.0 2.1556661768 0.0 2.4891623716 1.7937674874 2.5281316455 1.8116250242 2.5474591483 2.4005072734
2.5510198334 0.0 0.0 2.7689053471 0.0 0.0 2.714268737 3.8359128116 0.0 0.0 0.0 0.0 0.0 0.0 0.0 0.0 1.8906868834 3.3020912527 0.0 0.0 1.2785382613 0.0 0.0 0.0 0.0 0.0 2.9314736534 0.0 0.0 1.432805412 2.6957870673 2.6353599469 0.0 0.0 0.0 0.0 0.0 2.4668429456 0.0 0.0 2.6148158821 0.0 0.0 3.755147341 0.0 0.0 0.0 0.0 2.4806468725 0.0 3.020624015 0.0 0.0 0.0 2.1231270978 0.0 1.5768897711 2.1706539796 1.9926556002 0.0 0.0 0.0 2.116725162 0.0 0.0 0.0 2.266779046 0.0 2.1549573765 0.0 0.0 0.0 0.0 1.8110293474 0.0 0.0
0.0 0.0 0.0 0.6042938823 0.9613766309 0.9095503974 0.592369831 0.0 0.667180925 0.5243872532 0.0 0.5839790785 0.8699143557 0.0 0.3354413699 0.0 0.0 0.7206579108 0.3827413892 0.387824972 0.2790318746 0.3984520914 0.0 0.0 0.5887776618 0.0 0.6397732579 0.7997165724 0.7578899154 0.3126995821 0.0 0.0 0.0 0.5175439837 0.3523842914 0.7277686495 0.0 0.5383709133 0.4347094331 0.7194950905 0.5706649534 0.7981849675 0.4737764573 0.8195341771 0.9896293319 0.0 0.4909887793 0.3452588165 0.5413835221 0.9070722695 0.0 0.4416549785 0.0 0.4249941916 0.0 0.0 0.0 0.0 0.0 0.0 0.0 0.0 0.4619601992 0.0 0.4324304846 0.4577983957 0.4947083913 0.4036587593 0.0 1.0163124383 0.5430633468 0.3913482649 0.551565317 0.3952442637 0.0 0.5237213646
2.4404250761 1.1804868746 1.2740310542 2.6488645653 4.2141027176 3.9869273689 2.5965966247 3.6696138903 2.924523916 2.2986014823 2.5656996516 2.5598165615 3.8131865624 2.3293701636 0.0 2.3679243842 1.8087196426 3.15893518 1.6777103548 1.6999937548 1.2231095944 1.7465767187 2.3075160389 1.7759432881 2.5808506938 3.1304763045 2.8043850228 3.5054812785 3.3221381191 1.3706887774 0.0 2.5211087796 1.5566379426 2.2686046637 1.5446429134 3.1901044246 1.8474942125 2.3598975218 1.9055073158 3.153838068 2.5014553648 0.0 2.0767538883 3.5923498576 4.3379457362 1.6728482752 2.1522024593 1.5134090744 2.373103005 3.9760647316 2.8896704349 1.9359524515 2.3165524653 1.8629214818 2.0310828404 2.581974046 1.508526625 0.0 1.9062676938 2.0790186144 1.3382786202 3.3006108863 2.0249584487 8.0609764841 1.8955177624 2.0067155798 2.1685070234 1.7693996504 2.0615331761 4.4549085872 2.3804663565 1.7154377729 2.4177339316 1.732515512 2.4362174466 2.2956826233
2.9688363528 1.4360909424 1.5498897078 0.0 5.1265582644 0.0 3.1588228331 0.0 3.5577543444 2.7963045079 0.0 3.1140789934 4.6388340283 0.0 0.0 2.880637501 0.0 3.8429213379 2.0409753775 2.0680836745 0.0 2.124752981 2.8071492823 2.1604781257 0.0 3.808300425 3.4116024641 4.2645030801 4.0414616755 1.6674761748 0.0 3.0669900369 1.8936878487 2.7598126498 1.8790956044 0.0 2.2475215623 2.8708726281 2.3180959109 3.8367205774 3.0430811807 0.0 0.0 0.0 0.0 2.0350605396 0.0 0.0 0.0 4.8369792754 3.5153542385 2.3551331576 2.8181423145 0.0 2.4708615853 0.0 0.0 0.0 2.3190209292 2.5291766181 0.0 4.0152732742 0.0 0.0 2.3059433766 0.0 2.6380414402 0.0 2.5079051579 5.4195044509 2.8958951148 0.0 0.0 0.0 2.9637176694 2.792753645
4.1467501684 0.0 2.164823063 4.50092883 7.1605685931 6.7745541137 4.4121155761 6.235377667 4.9693269259 3.9057646872 4.3596156942 4.349619196 6.4793351677 0.0 0.0 0.0 0.0 5.3676366129 2.8507516024 2.8886153719 2.0782977384 0.0 3.9209122282 3.0176681928 4.3853602202 5.3192795263 4.765187909 0.0 5.6449497014 2.3290630694 0.0 0.0 0.0 0.0 2.6246445031 5.4205991363 3.1392469336 4.0099184121 3.2378223204 0.0 4.2504523318 0.0 0.0 6.1040912597 7.3710016293 0.0 3.6570046743 0.0 0.0 6.7560964099 0.0 3.2895544439 3.9362668495 3.1654608224 0.0 4.387269011 0.0 0.0 3.2391143484 3.5326512885 2.2739919975 5.6083708049 3.4407927006 13.69714478 3.2208481535 3.4097945681 0.0 3.0065492975 3.5029401759 0.0 4.0448688065 2.9148577202 4.1081935627 0.0 4.1396005991 3.900804986
3.6352647069 0.0 1.8978005807 3.9457568118 0.0 5.9389392837 0.0 5.4662681489 4.3563798293 3.424003845 0.0 3.8131106311 5.6801344433 3.4698369673 2.1902754754 3.527267453 0.0 4.7055595698 2.4991225098 2.532315931 1.8219478175 0.0 3.4372829959 2.6454505898 3.8444431394 0.0 4.177420564 5.2217757051 4.9486671703 0.0 0.0 3.7554514 0.0 3.3793204916 2.3009048394 4.7519893725 2.752033067 3.5153106142 2.8384495642 0.0 3.7261756129 5.2117750402 3.0935389859 5.351175408 0.0 2.4918799411 0.0 2.2543788166 0.0 0.0 0.0 0.0 0.0 2.7750135749 3.0255072524 3.8461164883 2.247105905 3.0932342037 2.8395822257 3.0969125289 1.9935039529 4.9166001381 0.0 12.007655389 2.8235690947 2.9892097059 3.2302147385 2.6357031668 0.0 6.6360455472 3.5459500137 2.555321388 3.6014639082 2.5807604408 3.6289970091 0.0
3.4716663665 1.6793207949 1.8123935883 3.7681853506 5.9948403305 5.671668345 0.0 5.2202688973 4.1603290414 3.2699129075 0.0 3.641508665 5.4245105361 0.0 2.0917061932 3.3685293285 2.5730235323 4.4937945958 2.3866541401 0.0 1.7399544378 2.4846211056 3.2825944549 2.5263969964 3.6714311119 0.0 3.9894235056 4.986779382 4.72596159 1.9498956039 3.6686791573 3.5864442806 2.2144206119 0.0 2.197356888 4.5381349114 2.6281829271 3.3571105851 2.7107104103 4.4865436162 3.5584859959 4.9772287786 0.0 5.1103556915 6.17101523 2.3797375097 0.0 2.1529246825 3.3758962598 0.0 0.0 2.754020633 3.2954493702 2.6501292399 2.8893499144 3.6730291548 2.1459790748 2.95402894 2.7117920984 2.957541729 1.9037900078 4.695337675 2.8806375614 11.467273146 2.6964996087 0.0 0.0 2.5170882381 2.9326675345 6.337402635 3.3863711152 0.0 3.43938671 2.4646181075 3.4656807348 0.0
1.9331707657 0.9351168932 1.0092174567 0.0 0.0 3.1582249789 2.0568812926 0.0 2.3166472896 1.8208259008 2.0324064068 0.0 3.0205970503 0.0 0.0 1.8757396978 0.0 2.5023350237 0.0 1.3466417227 0.0 1.3835421893 1.8278875231 1.4068047734 2.0444082306 2.4797914649 2.221479854 2.7768498175 2.6316154322 0.0 0.0 1.997083966 1.2330831185 1.7970640679 0.0 2.5270255881 1.4634834875 1.8693812582 1.509438283 0.0 1.9815156098 2.7715316373 0.0 2.8456623368 3.4362824585 1.3251385641 1.7048566321 1.1988395824 1.879841917 3.1496201939 0.0 0.0 0.0 1.4757041233 1.6089123195 0.0 0.0 1.6449283384 1.5100406127 1.646884408 1.0601108513 2.6145627402 1.6040609126 6.3854630222 1.5015251072 1.5896099134 1.7177722127 1.4016212628 0.0 3.5289340078 0.0 0.0 1.9151960867 1.3724036733 0.0 0.0
3.1155993632 1.5070834138 1.626507767 0.0 0.0 0.0 0.0 0.0 0.0 0.0 3.2755327254 0.0 4.8681525779 0.0 1.8771730332 3.0230404431 0.0 0.0 0.0 2.1703184054 1.561498245 2.2297891321 0.0 2.2672803323 3.2948754939 3.9965619417 3.5802534061 4.4753167577 0.0 0.0 3.2924057901 3.2186052279 1.9873014051 2.896242673 1.9719878002 0.0 2.3586267197 3.0127928484 2.4326898776 0.0 0.0 4.4667456996 2.6513139679 0.0 5.5380929764 2.1356627876 0.0 0.0 0.0 5.0760930409 3.6891341001 0.0 0.0 0.0 2.5930074503 3.2963096357 0.0 0.0 2.4336606237 0.0 0.0 0.0 0.0 10.291147 2.4199365886 2.5618986806 2.7684517617 0.0 0.0 0.0 3.0390523099 2.1900352054 3.0866304282 2.2118377158 0.0 2.9308120906
0.0 2.3968334181 2.5867633703 0.0 8.5562173016 8.0949656951 0.0 7.4506997011 0.0 0.0 0.0 5.1973927121 0.0 0.0 0.0 0.0 0.0 0.0 3.4063845442 3.4516282473 2.4833736087 0.0 0.0 0.0 5.2400999309 6.3560471383 0.0 0.0 6.7451928815 2.78301499 0.0 0.0 3.1605619012 0.0 0.0 6.4771147029 3.7511097866 0.0 3.8688982581 6.4034803259 0.0 7.1038173899 0.0 0.0 0.0 3.3965126896 0.0 0.0 0.0 0.0 0.0 3.9307133619 4.7034748824 0.0 0.0 5.2423807594 3.0628777877 4.2161779351 0.0 0.0 0.0 0.0 0.0 0.0 3.8486156984 0.0 0.0 0.0 0.0 0.0 0.0 0.0 4.908911406 0.0 0.0 0.0
0.0 0.0 0.0 0.0 5.5372512216 5.2387471126 3.4118788258 4.8218032066 3.8427690808 0.0 0.0 3.3635505188 5.0104549807 3.060748313 0.0 3.1114078293 0.0 0.0 0.0 2.2337596224 0.0 2.2949687554 0.0 0.0 0.0 4.1133866217 0.0 0.0 4.365226619 1.801059114 0.0 3.3126892259 0.0 2.9809035961 2.0296315568 4.1917368431 0.0 0.0 0.0 0.0 0.0 0.0 0.0 4.7202797299 0.0 0.0 2.8279533024 0.0 0.0 0.0 3.7969722662 0.0 3.0439061001 0.0 2.6688044153 0.0 0.0 2.7285464591 2.5047996747 2.7317911152 0.0 4.3369402425 2.6607570805 10.591970551 0.0 0.0 0.0 2.3249576558 0.0 5.8536655771 3.1278877436 2.25405277 3.176856632 2.276492596 3.2011436209 0.0
4.2629172224 2.0620661039 2.2254684136 4.6270178445 7.3611647527 6.9643364641 4.5357165763 6.4100555291 0.0 0.0 4.4817459628 4.4714694227 6.6608472549 4.0689272885 0.0 4.1362735277 3.1594586494 0.0 2.9306125542 2.9695370393 0.0 3.0509078304 4.0307526584 3.1022051458 0.0 5.4682938163 4.8986798771 6.1233498464 5.8030873152 2.3943094393 4.5048325248 4.4038549436 2.7191241229 3.9627825441 2.6981712909 5.5724517937 0.0 4.1222522615 3.3285266708 0.0 4.3695244981 6.1116225006 3.6276589696 6.2750912646 7.5774928597 0.0 0.0 2.6436122423 4.1453195059 6.9453616862 5.0476558304 3.381708018 4.046537424 0.0 0.0 4.5101739596 2.6350836144 3.6273015648 3.3298548937 3.6316149772 2.3376956065 5.7654836976 3.537183063 14.080856577 3.3110769897 3.5053165489 3.7879326957 0.0 3.6010715376 0.0 4.1581817561 2.9965145407 0.0 3.0263458144 4.2555673651 4.0100821319
1.5082077136 0.7295529896 0.7873642515 1.6370254547 2.6043586779 0.0 1.6047233316 0.0 1.8073857592 1.4205592789 1.5856286855 0.0 2.3565883842 1.4395746393 0.9087069673 1.4634015428 0.0 1.9522543232 0.0 1.050613567 0.7558942673 1.0794023162 1.4260685662 1.0975511571 1.5949921849 1.9346664465 0.0 0.0 2.0531154126 0.0 1.593796644 1.5580710695 0.0 1.4020209375 0.9546051545 1.9715172359 1.1417703618 1.4584408596 1.1776230544 1.9491042558 1.5459250577 2.1622742637 0.0 2.2201090369 2.6808949329 1.0338373823 0.0 0.9353023218 1.4666019836 2.4572487625 1.7858459506 1.1964384603 1.4316531704 1.1513045724 0.0 1.5956864281 0.932284918 1.2833287428 0.0 1.2848548156 0.8270699059 0.0 1.251445079 4.9817660996 1.1714494079 1.240170799 1.3401595697 1.0935071219 1.2740486355 2.7531791738 0.0 1.0601581285 1.4941843537 1.0707123463 0.0 0.0
3.8368223556 1.8559547168 2.0030243412 4.1645297293 6.6253882056 0.0 4.0823543717 5.7693459835 4.5979197848 3.6138481122 4.0337783273 4.0245289666 5.995070118 3.662222457 2.3117155384 3.7228371822 2.8436586838 4.9664598341 2.6376866304 2.6727204644 1.9229659132 2.745957934 0.0 2.7921278867 4.0575987091 4.9217169528 4.4090381035 5.5112976294 5.2230465621 2.1549890612 4.0545572992 3.9636728131 2.447337276 3.5666872854 2.4284787596 5.0154639423 2.904619841 3.7102173952 2.9958277104 4.9584461837 3.9327738267 0.0 3.2650605928 5.647871913 0.0 2.6300424966 3.383680405 2.3793730964 3.7309789803 6.2511462446 4.543123341 3.0436933787 3.642070545 2.9288745056 3.1932568324 4.0593648371 2.3716969374 0.0 2.9970231723 3.2686211824 2.1040339973 5.1892015697 3.1836280988 12.673421153 2.9801221916 3.1549467646 3.4093143475 2.7818400168 3.2411306762 0.0 3.7425555995 2.6970014615 3.801147468 2.7238509853 3.8302071447 3.6092590987
3.2527443961 0.0 1.6981047328 3.530565005 5.6168079624 5.3140150804 3.4608991698 0.0 3.8979802627 3.0637134341 3.4197178375 3.4118765034 0.0 0.0 0.0 3.1561111408 0.0 4.2104176051 2.2361526311 0.0 1.6302335679 2.3279418367 3.0755952878 2.3670833556 3.439912052 4.172485915 3.7378519655 4.6723149569 4.4279442363 0.0 0.0 3.3602844582 2.0747800841 3.0237318814 2.0587923922 4.2519618371 2.4624507039 3.145412459 2.5397740352 4.2036238695 3.3340892124 4.6633666108 2.7680217018 4.7880985909 5.7818733393 2.2296721608 2.8685840665 2.0171620648 3.1630135162 5.2995367081 0.0 2.5803531316 3.0876395771 2.4830130905 2.7071485996 3.441409323 0.0 0.0 0.0 2.7710402641 0.0 0.0 2.6989856443 10.744151231 2.5264593614 2.6746704583 2.890315764 2.3583616041 2.7477346269 5.9377684174 3.1728278312 0.0 3.2225002825 0.0 0.0 3.0598230043
3.7690472865 1.8231704366 1.967642168 4.0909659142 6.5083548635 6.1575001539 4.0102421329 5.6674340922 4.5167004053 3.5500117437 3.962524154 3.9534381775 5.889170951 3.597531586 2.2708805281 3.65707559 2.7934272303 4.878730425 2.5910935445 2.6255085277 1.8889979221 2.6974523032 0.0 2.7428066925 3.9859237637 4.8347778986 4.3311552008 5.413944001 5.1307847087 2.1169225262 3.9829360784 3.8936570099 0.0 3.5036839835 2.3855812 0.0 2.8533115467 0.0 2.9429082861 4.8708583307 3.8633038349 5.4035752984 3.207385338 5.5481057853 6.6996208023 2.5835844396 3.3239098053 2.3373429576 3.6650735683 6.1407236528 0.0 2.9899284373 3.577735645 0.0 0.0 3.9876586941 2.3298023932 3.2070693394 2.944082631 3.2108830319 2.0668675517 5.097537567 3.127391298 12.449553089 2.9274801955 3.0992166017 3.3490909402 2.7327005514 3.1838781283 6.8802608557 0.0 2.6493606162 3.7340025735 2.6757358599 3.7625489292 3.5455037923
6.3348569711 3.064308583 3.3071306241 6.8759243305 10.938970526 10.349268611 6.7402471767 9.5255860801 7.5914810491 5.9667111959 0.0 6.6447734652 9.898272114 6.0465805583 3.8168009713 6.1466596288 4.6950756034 8.1999659578 4.3550016105 4.4128448744 3.1749486663 4.5337649618 5.9898516075 4.6099947216 6.6993738793 8.1260923906 7.2796244332 9.0995305415 8.6236082512 3.5580348038 6.6943523027 6.5442957802 4.0407217656 5.8888454349 4.0095850611 8.2808751028 4.7957266567 6.1258234944 4.9463171073 8.1867348711 6.4932794336 9.0821032601 5.3908390696 9.3250240548 11.260442313 4.3423806212 5.5866885185 3.9285082418 6.1601022961 10.32107137 7.5010083605 5.02534661 6.013308369 4.8357727723 5.2722861344 6.7022898777 3.9158343766 5.3903079524 4.9482908971 5.3967178472 0.0 8.5677278466 5.2563884345 20.924687906 4.9203862181 5.2090335837 5.6290119164 4.5930087425 5.3513291353 11.564054556 6.1792160887 4.4529344666 6.2759552838 4.4972648726 6.323934804 5.9591344198
4.5617088665 2.2065981437 2.381453466 0.0 0.0 0.0 0.0 6.8593419991 0.0 0.0 0.0 4.7848786753 7.1277119391 0.0 2.7484653422 0.0 3.3809079048 0.0 3.1360217841 0.0 0.0 0.0 0.0 3.3196414523 0.0 5.8515713736 5.2420326889 6.5525408611 0.0 2.5621287088 4.8205802268 0.0 0.0 4.2405374828 2.8872885067 0.0 0.0 4.411184574 3.5618260535 5.8952398167 0.0 0.0 0.0 0.0 0.0 0.0 4.0229553194 2.8289053661 0.0 7.4321682389 0.0 3.6187349284 0.0 0.0 0.0 4.8262960475 2.819778959 0.0 0.0 0.0 0.0 0.0 0.0 0.0 0.0 0.0 0.0 0.0 0.0 8.3272361855 0.0 0.0 4.5192939627 0.0 0.0 0.0
4.2975300555 2.0788090867 0.0 4.6645869992 7.4209338624 0.0 0.0 6.4621020903 5.1500165075 4.0477821067 4.5181355798 4.5077755991 6.7149301241 4.1019650168 2.5892955381 0.0 0.0 0.0 2.9544077156 2.9936482487 2.1538666745 3.0756797315 4.0634804271 3.1273935563 0.0 0.0 4.9384547965 0.0 5.8502055871 2.4137500779 4.5414095936 4.4396121231 2.7412021002 3.9949584283 2.7200791413 5.6176974163 3.2533930188 4.1557229629 3.355552703 5.5538332317 4.4050029308 6.1612459294 3.6571138119 0.0 7.6390184493 2.94584571 0.0 2.6650770995 4.1789775022 7.0017546754 0.0 3.4091658571 4.0793933575 3.2805600703 3.5766881915 4.5467943982 2.6564792232 0.0 3.3568917104 0.0 2.356676568 0.0 3.5659032845 14.195186345 3.3379613389 3.5337780297 3.8186888833 3.1158703671 3.6303105027 0.0 4.1919441877 0.0 4.257571494 3.0509182837 4.2901205209 4.042642066
4.1939436649 0.0 2.189460566 4.5521531769 7.2420618723 6.8516542242 4.4623291536 6.306341497 5.0258820362 0.0 4.4092317791 4.3991215123 6.5530754388 0.0 2.526883926 4.069349052 3.1083389369 5.4287248217 0.0 2.9214902387 0.0 0.0 0.0 3.052011789 0.0 5.3798173908 0.0 6.0242746825 5.7091939658 2.3555697615 4.4319448029 4.3326010285 2.6751289773 3.8986651345 2.65451516 5.482290103 3.1749741979 4.0555546485 0.0 5.4199652818 4.298826046 6.0127370839 3.5689638246 0.0 7.454889813 2.8748399182 3.6986244562 0.0 4.0782486673 6.8329864562 4.9659852839 3.3269923338 3.9810648692 0.0 3.4904767595 4.4371998138 0.0 3.5686122026 3.2759781877 3.5728558245 2.2998719346 5.6721987708 3.4799518088 13.853029781 3.2575041082 3.4486008916 3.7266443384 3.0407663513 3.5428065745 7.6558939793 4.0909028076 2.948031247 4.1549482527 2.9773798537 4.1867127276 3.94519942
3.0388211252 1.4699441043 1.5864254631 0.0 5.247407301 4.9645282012 3.2332861819 4.5694089609 3.6416217585 2.8622221642 0.0 0.0 4.7481858769 0.0 1.8309135431 2.9485431501 0.0 3.9335110314 2.0890875602 2.1168348847 1.5230179817 2.1748400643 2.873322584 0.0 3.2136793242 0.0 0.0 4.3650307757 4.1367315866 0.0 0.0 3.1392885991 1.938328003 2.8248700787 0.0 3.9723230235 2.3005026856 2.9385480886 2.3727406926 3.9271640995 0.0 4.3566709356 2.5859771928 4.4731996664 5.4016168217 2.0830332911 2.6799258716 1.8844993486 2.9549915769 4.9510020282 3.5982221493 2.4106510232 0.0 0.0 2.5291075325 3.2150781241 1.878419715 0.0 2.3736875165 2.5887972333 0.0 4.1099258426 0.0 10.037540537 2.3603016851 2.4987653814 2.7002283403 0.0 2.5670243382 5.5472591468 2.9641604337 2.1360658003 0.0 2.1573310278 0.0 2.8585875964
0.7546962203 0.3650630339 0.0 0.8191556853 1.3032022266 1.2329487373 0.8029919367 1.1348202246 0.9044027482 0.0 0.7934371141 0.7916177811 1.1792197655 0.7203527268 0.4547103873 0.7322755368 0.0 0.9768939288 0.0 0.5257194223 0.0 0.0 0.7135943856 0.0 0.7981225414 0.0 0.8672500531 1.0840625664 0.0 0.4238825644 0.7975243014 0.7796474825 0.4813869449 0.0 0.4776775079 0.0 0.5713336225 0.7297932469 0.5892740503 0.9753176578 0.7735697062 0.0 0.6422316855 1.1109264882 0.0 0.517324741 0.6655639943 0.0 0.0 1.2295894899 0.0 0.5986891432 0.0 0.5761044725 0.6281080119 0.7984699356 0.4665086231 0.0 0.5895091955 0.6429320472 0.4138597928 1.0207068371 0.6262140569 0.0 0.5861848023 0.0 0.6706061457 0.5471830467 0.6375247129 1.3776709252 0.7361541149 0.5304954518 0.0 0.535776706 0.7533950199 0.7099349272
5.6102866467 2.7138181025 0.0 0.0 9.6877894085 0.0 0.0 0.0 0.0 5.2842487683 5.8982800316 5.8847554116 8.7661243371 0.0 3.3802416724 5.443615001 0.0 7.262067593 0.0 3.9081110727 0.0 4.0152005232 5.3047424184 4.0827112507 0.0 0.0 6.4469931897 0.0 7.6372543909 3.1510727455 5.9286635047 0.0 0.0 5.2152891626 0.0 7.3337224856 4.2471994784 0.0 0.0 7.2503498559 0.0 8.0433075089 0.0 8.2584434302 9.9724917912 3.8457064027 0.0 0.0 0.0 0.0 6.6430555944 4.4505558862 0.0 0.0 4.6692508816 5.9356931932 0.0 4.7737735619 4.3823136766 0.0 0.0 7.5877654933 4.655171534 18.531357169 0.0 4.6132330517 4.9851749665 0.0 4.7392530765 10.241377375 0.0 3.9436152845 5.5581220357 3.982875253 0.0 0.0
0.0 0.3053309151 0.3295259575 0.6851242984 1.0899704747 1.0312119586 0.6716052848 0.949139369 0.7564231189 0.5945293499 0.6636138354 0.6620921842 0.9862741955 0.6024876167 0.3803100444 0.6124596001 0.4678222482 0.0 0.4339369195 0.4397004829 0.3163552088 0.451749087 0.5968350847 0.4593447001 0.6675326266 0.8096923527 0.7253493993 0.0 0.0 0.0 0.0 0.6520804825 0.4026217468 0.0 0.399519253 0.8251150641 0.0 0.6103834659 0.4928562147 0.8157348329 0.6469971603 0.9049502765 0.0 0.9291551588 0.0 0.432679351 0.5566634925 0.0 0.6137990415 1.028402356 0.7474083255 0.500730797 0.599172341 0.4818414614 0.0 0.6678231798 0.3901778366 0.5370959273 0.4930528851 0.5377346159 0.3461434808 0.0 0.0 0.0 0.0 0.5190335594 0.5608806401 0.4576521993 0.5332120371 0.0 0.6157035598 0.4436950518 0.0 0.4481121799 0.6301234841 0.0
4.7656446411 2.305246329 0.0 5.1726837855 8.2292696587 0.0 5.0706153246 7.1659957695 0.0 4.4886925411 5.0102799365 4.9987914802 7.4463634571 0.0 0.0 0.0 3.5320547868 0.0 3.2762207863 0.0 0.0 3.4107025293 4.5061008234 3.4680493562 0.0 6.1131717465 5.4763830229 0.0 6.4874475677 2.6766712449 0.0 4.9232032004 3.0397914454 0.0 3.0163676381 6.2296131131 0.0 4.6083910089 3.7210610631 6.1587924311 4.8848241526 0.0 4.0554701455 7.0151151189 0.0 3.266726152 4.2028055757 2.9553744205 0.0 7.7644307814 0.0 3.7805141064 4.5237470924 3.637899751 0.0 5.0420604576 2.9458400083 4.0550705918 0.0 0.0 2.6133809216 0.0 3.9543243815 15.741417247 0.0 3.9186998375 4.2346450119 3.4552709871 0.0 8.6995136392 4.6485576822 3.3498946186 0.0 3.3832439055 4.7574280124 4.4829926141
5.800339966 2.8057510412 3.028084457 6.2957536183 10.015971665 9.4760271013 6.1715245124 8.7218445328 6.9509337197 5.4632572721 6.0980893763 0.0 9.0630843915 5.5363874875 3.4947502867 5.6280221739 4.2989186323 7.5080764225 3.9875391044 4.0405017201 2.9070556325 4.1512189185 5.4844451623 4.2210166304 6.1340999862 7.4404360943 6.6653906678 8.3317383348 7.8959729981 3.2578180639 6.1295021158 5.9921069309 3.6997772887 5.3919616 3.6712678097 7.5821586866 4.3910770393 5.6089441326 4.5289611009 7.4959617368 5.9453951969 8.3157815172 4.9359755789 8.5382053542 10.310318588 3.9759830379 5.1152998149 3.5970320191 5.6403305876 9.4502090623 6.8680948563 4.6013223215 5.5059227098 4.4277441788 4.8274257993 6.1367699411 3.5854275382 4.9354892759 4.5307683479 4.9413583222 3.1807864303 7.8448076212 0.0 19.159122943 4.5052181856 4.7695103169 5.1540520862 4.2054638794 4.8997993792 10.588312903 5.6578316134 4.0772086679 5.7464082336 4.1177986018 5.7903393799 5.4563198025
2.4583578526 1.18916135 1.2833929126 0.0 4.2450688648 0.0 2.6156769838 3.6965790147 2.9460139566 2.3154921081 2.5845529731 2.5786266527 3.8412066901 2.3464868843 1.4811798723 2.3853244098 1.8220105096 3.1821477257 1.6900385369 1.7124856802 1.2320972708 0.0 2.3244721708 1.7889933073 2.5998153484 3.1534797282 2.8249922565 3.5312403206 0.0 0.0 2.5978666332 2.5396344376 1.5680764582 2.2852748663 1.5559932869 3.2135460087 1.8610700035 2.3772385643 1.9195093997 3.177013159 0.0 3.5244773432 2.0920143295 3.618747229 4.369821909 1.6851407297 2.1680173131 1.5245299348 2.3905410842 4.0052817237 2.9109043644 1.9501782529 2.3335749988 1.8766106358 2.0460076808 2.6009469553 1.5196116081 2.0918082197 1.9202753652 2.0942956973 1.3481125838 3.324864496 2.0398382857 8.1202103 1.9094464409 2.0214613642 2.1844416867 1.7824015855 2.0766817722 4.4876442285 2.3979585433 1.7280431844 2.4354999686 1.7452464144 2.4541193046 2.3125518006
4.9414152045 2.3902703869 0.0 0.0 8.5327885892 8.072799986 5.2576340764 0.0 5.9216269683 0.0 0.0 0.0 7.7210065745 4.7165492832 0.0 4.7946145406 0.0 6.3962669788 0.0 3.4421769673 2.4765736124 3.5364989641 0.0 0.0 0.0 0.0 0.0 7.0979595556 6.7267231327 0.0 0.0 0.0 3.1519076217 0.0 3.1276198776 0.0 0.0 4.7783616099 0.0 0.0 0.0 0.0 0.0 0.0 0.0 3.3872123275 4.3578170295 3.0643770562 0.0 8.0508051286 0.0 0.0 4.6905957845 3.7720758671 4.1125719153 0.0 0.0 0.0 3.8598440322 4.2096331055 0.0 0.0 0.0 16.322005601 0.0 4.0632326615 0.0 0.0 0.0 9.0203765086 0.0 3.4734482843 4.8954697799 3.5080275879 0.0 4.6483381648
0.8457831284 0.0 0.4415435578 0.9180224301 0.0 1.3817576027 0.0 1.271785619 1.0135582571 0.0 0.0 0.8871608806 1.3215438947 0.8072945994 0.5095909632 0.8206564147 0.6268516795 1.0947986501 0.5814475217 0.5891703254 0.4238956029 0.6053146788 0.7997205705 0.6154923111 0.894450723 0.0 0.9719214742 0.0 1.1513602277 0.0 0.8937802793 0.0 0.0 0.7862349753 0.5353300654 0.0 0.6402898618 0.8178745286 0.6603955821 1.0930321335 0.8669345208 1.2125750814 0.7197448583 1.2450080646 0.0 0.5797624608 0.0 0.5245052897 0.0 0.0 1.0014790146 0.0 0.8028523434 0.6456365222 0.0 0.0 0.5228131692 0.7196739474 0.6606591079 0.7205297491 0.4638099686 1.1438994904 0.7017940064 2.7937091678 0.6569334821 0.6954715379 0.7515439307 0.6132244691 0.0 1.5439468142 0.8250031119 0.5945227904 0.0 0.6004414575 0.8443248816 0.7956194394
0.0 0.0 0.0 3.6238633431 5.7652371367 0.0 0.0 5.020331894 0.0 0.0 3.5100869401 0.0 5.2167510505 0.0 0.0 0.0 0.0 4.3216816563 2.2952449644 0.0 0.0 2.3894597819 0.0 0.0 0.0 0.0 3.8366280469 4.7957850587 0.0 0.0 0.0 0.0 0.0 3.1036367009 0.0 4.3643237318 2.5275231663 0.0 0.0 0.0 3.422195502 4.7866002446 0.0 0.0 0.0 2.288593242 0.0 2.0704673766 3.2465989775 5.4395817057 0.0 0.0 3.1692332146 2.5486289323 0.0 3.5323516425 0.0 2.8408892329 0.0 0.0 1.8308745936 4.5155056083 2.770308754 0.0 0.0 2.7453510175 2.9666949433 2.4206834189 2.8203459721 6.0946792588 0.0 2.3468591577 3.3076577348 0.0 3.3329446949 3.140681564
7.439625598 3.5987092808 3.8838783194 8.0750525058 12.846674441 0.0 7.9157139081 11.186802537 8.915398879 7.0072769679 0.0 7.80359004 11.624483225 7.1010751635 4.4824327271 7.2186075431 5.5138742363 9.630000633 5.1144929725 5.1824238237 3.7286444631 5.3244317936 7.0344529561 5.4139556573 7.8677125039 9.5432438705 8.5491559673 10.686444959 10.127524108 4.1785389829 7.8618151886 7.6855895293 4.7454042323 6.9158317923 4.7088374361 9.7250199443 5.6320783498 7.194137687 5.8089310516 9.6144621084 7.6256761769 10.665978444 6.3309755089 10.951263458 13.224209363 5.0996709433 6.560980161 4.6136212089 7.234394547 12.12101664 8.8091481882 5.9017429199 7.0620004642 5.6791083156 6.1917475112 7.8711370385 4.5987370825 6.3303517675 5.8112490608 6.3378795171 4.0797367547 10.061898429 6.1730773288 24.573852967 5.77847794 6.1174640196 6.6106845561 5.3940074051 6.2845752318 13.580770123 7.2568416932 5.2295048482 7.3704517393 5.2815662642 7.4267986573 6.9983788384
0.0 0.0 3.7000738749 0.0 0.0 11.578937382 7.5411029449 0.0 8.4934778496 0.0 0.0 0.0 0.0 0.0 0.0 0.0 0.0 0.0 4.8724497202 0.0 0.0 0.0 6.7015476455 0.0 0.0 9.0916100925 8.1445673745 0.0 0.0 0.0 0.0 0.0 4.5208280954 0.0 4.485991822 0.0 0.0 6.8536753005 0.0 0.0 7.2647912421 0.0 0.0 0.0 12.598373985 4.8583291432 0.0 0.0 0.0 11.54738983 8.39225547 0.0 0.0 5.4103446563 5.8987232148 7.4986356746 0.0 0.0 0.0 6.0379395271 0.0 9.5857193367 5.8809365983 0.0 0.0 5.8279551875 0.0 0.0 5.9871578658 12.938060516 6.9134118412 4.9820186618 0.0 0.0 0.0 0.0
1.1998061518 0.0 0.6263623134 1.3022829638 2.071813806 1.9601257302 1.2765860483 1.8041223079 1.4378076263 1.1300802578 1.2613959166 1.2585035649 0.0 1.1452073164 0.0 0.0 0.8892356399 1.5530531543 0.8248264716 0.8357818419 0.6013273794 0.8586838056 1.1344629942 0.8731215325 1.2688447475 1.5390616844 1.378742759 1.7234284487 1.6332899508 0.6738829409 1.2678936734 1.2394733413 0.0 0.0 0.7594054364 1.5683771451 0.908298699 1.1602157313 0.0 1.5505472194 1.2298109721 1.720127765 1.0210115096 1.7661363592 0.0 0.8224360876 0.0 0.7440496885 1.1667080511 1.9547852429 1.4206723241 0.951788147 1.1389056465 0.9158833337 0.9985578786 1.2693970303 0.74164929 1.0209109173 0.9371939866 1.0221249355 0.0 1.6227063412 0.9955468938 3.9630838374 0.0 0.9865780028 1.0661208543 0.8699044303 1.0135284263 2.1902031663 1.1703281559 0.8433747109 1.1886503188 0.0 1.1977375206 1.1286452353
2.5889365777 0.0 0.0 0.0 0.0 0.0 2.7546119096 3.8929273919 3.1024951402 2.4384823421 0.0 0.0 0.0 0.0 0.0 0.0 1.9187888567 0.0 0.0 0.0 1.2975416449 0.0 0.0 0.0 2.7379077638 0.0 0.0 0.0 0.0 1.4541017248 0.0 0.0 0.0 0.0 0.0 3.384237489 0.0 0.0 0.0 0.0 0.0 0.0 2.2031342642 0.0 4.6019304172 0.0 2.2831742405 1.6055072323 0.0 0.0 0.0 2.0537643886 0.0 1.9762891362 2.1546839153 2.7390994773 0.0 0.0 2.0222731719 2.2055368097 0.0 0.0 0.0 0.0 0.0 0.0 0.0 1.8770760554 2.1869872991 4.7260110153 0.0 1.8198303405 0.0 0.0 0.0 0.0
3.9814092706 1.9258945634 2.0785063634 4.3214659775 6.8750595096 6.5044363555 4.2361939216 5.9867581698 4.7711879153 3.7500324598 4.1857873362 4.1761894224 6.2209884985 3.8002297447 2.3988302878 3.8631286768 2.9508191927 5.1536160376 0.0 2.7734393329 0.0 2.8494366853 3.7645760319 2.8973465076 4.210505366 5.1071870643 4.5751884118 5.7189855147 5.4198719866 2.2361977259 4.2073493435 4.113039964 2.5395627985 3.7010944232 2.5199936173 5.2044668179 3.0140776117 3.8500333254 0.0 5.1453004006 4.0809765794 5.7080326013 3.3881012224 5.8607064672 7.0771020748 2.7291530875 3.5111911067 2.4690374549 0.0 6.4867146047 4.7143265209 3.1583920003 3.7793184276 3.0392462898 3.3135916072 4.2123380488 2.4610720274 3.3877674193 0.0 0.0 2.18332247 5.3847515787 3.3036000241 13.151006691 3.0924251949 3.2738378617 0.0 2.8866709494 3.3632695302 7.2679200531 3.8835901635 2.7986353357 3.9443900095 2.8264966577 0.0 0.0
1.3111074642 0.634211297 0.6844674894 1.4230906482 2.2640078494 2.1419589087 1.3950099307 1.9714836606 0.0 1.2349133724 1.37841067 1.3752500061 2.048617437 1.2514437089 0.7899525223 1.2721567916 0.9717265436 1.6971238061 0.0 0.0 0.6571101627 0.0 0.0 0.9541175937 1.3865504997 1.6818344024 1.5066433188 1.8833041485 1.7848038556 0.7363964191 1.3855111982 1.3544544233 0.836296777 1.2187977157 0.8298525012 1.7138693434 0.992558008 1.2678443957 1.0237252884 0.0 1.3438957141 1.8796972733 0.0 1.9299739044 2.3305419576 0.0 1.1562611517 0.8130722608 0.0 2.1361230054 1.5524625253 0.0 1.2445574578 0.0 1.0911901778 1.3871540157 0.8104491867 1.1156168203 1.0241337981 1.1169434581 0.718984207 1.773238446 0.0 4.3307235862 1.0183584455 0.0 1.1650207058 0.9506020535 1.1075494845 2.3933797265 1.2788949102 0.9216112761 1.2989167483 0.9307862151 1.3088469341 1.2333452284
0.0 0.0 0.0 7.3349604756 0.0 0.0 7.1902255262 0.0 8.0982877022 0.0 7.1046688393 0.0 10.55907995 6.4502497812 0.0 0.0 5.0085184662 0.0 0.0 4.7074460367 3.3869079792 0.0 0.0 0.0 7.1466235307 8.668589653 7.7656115642 0.0 9.1993196318 0.0 0.0 0.0 0.0 6.2819842739 0.0 8.8337056464 5.1158889756 6.5347829692 5.2765328323 0.0 6.9267702368 0.0 5.7507310443 0.0 12.012188519 0.0 0.0 0.0 6.5713502208 11.010105249 0.0 0.0 6.4147563432 5.1586085665 5.6242635249 0.0 0.0 0.0 0.0 5.7570022887 3.7058220767 9.1397086559 0.0 22.321618357 5.2488707991 5.5567882391 6.0048042909 4.89963763 0.0 12.336069891 0.0 0.0 0.0 4.7975019072 0.0 0.0
1.2107094266 0.0 0.6320543999 0.0 0.0 0.0 0.0 1.820517324 1.4508737467 0.0 1.2728588903 1.2699402542 0.0 1.1556144226 0.7294619179 1.1747414012 0.8973165957 0.0 0.8323221072 0.8433770347 0.6067919602 0.8664871208 1.1447724611 0.0 0.0 0.0 1.3912721256 1.739090157 1.6481325228 0.6800068726 1.2794156956 0.0 0.0 0.0 0.7663065563 1.58262982 0.0 1.170759227 0.9453335373 0.0 0.0 0.0 0.0 0.0 2.1520807365 0.8299100005 1.0677204685 0.0 0.0 0.0 0.0 0.9604375506 0.0 0.0 1.0076323036 0.0 0.7483890504 0.0 0.0 0.0 0.0 1.6374527343 1.0045939564 3.999098482 0.9403776603 0.0 0.0 0.8778097132 0.0 2.210106704 0.0 0.0 1.1994522146 0.0 0.0 1.1389018331
3.0244283941 1.4629820261 0.0 3.2827482729 0.0 0.0 0.0 4.5477669255 3.6243739902 2.8486658566 0.0 3.1723907315 4.7256971026 2.8867976043 0.0 2.9345780015 0.0 3.9148807915 0.0 2.1068089457 0.0 2.1645393961 0.0 2.2009335011 3.1984584144 3.8796115952 3.4754853874 4.3443567342 0.0 0.0 3.1960609808 0.0 1.929147524 2.8114906813 1.9142820371 0.0 2.2896068431 2.9246302794 0.0 3.9085639205 0.0 4.3360364887 2.5737292609 0.0 5.3760332105 2.0731674462 0.0 0.0 0.0 4.9275526583 0.0 2.3992334865 2.8709125804 0.0 2.5171289516 3.1998505892 1.8695229788 2.5734756915 0.0 0.0 1.6585339569 4.0904600514 0.0 9.9899998576 2.3491226173 0.0 2.6874392821 2.1928239451 2.5548661724 5.5209857316 0.0 0.0 0.0 0.0 0.0 2.8450485031
0.0 1.1788065245 1.2722175497 2.6450940704 4.2081042029 3.9812522243 2.5929005299 3.6643904217 0.0 2.2953295652 0.0 2.5561728208 3.807758727 2.3260544491 1.4682822457 2.3645537902 1.806145042 3.154438631 1.6753222378 1.6975739187 1.2213685735 1.7440905747 2.3042314324 1.7734153426 2.5771770124 3.126020265 2.800393154 3.5004914426 3.3174092608 1.3687376866 2.5752452659 2.5175201371 1.5544221647 2.2653754452 1.5424442097 3.1855635081 1.8448644187 2.3565383536 1.9027949439 3.1493487744 2.4978946977 3.493787355 2.0737977575 0.0 4.3317709386 1.6704670791 2.1491389322 1.5112548301 2.3697250396 3.9704050492 2.8855571677 1.9331967428 2.3132549961 1.8602697282 2.0281917195 2.5782987656 1.5063793306 2.0735934424 1.9035542396 2.07605926 1.3363736633 0.0 2.0220760455 8.0495021823 1.89281961 2.0038591442 2.1654202877 1.7668810193 2.0585987111 4.4485673002 2.3770779098 0.0 2.4142924368 1.7300493833 2.4327496417 2.292414861
0.4058319284 0.1963097616 0.2118657461 0.0 0.0 0.0 0.4318025683 0.6102406078 0.4863354307 0.0 0.4266645379 0.425686206 0.63411611 0.3873639862 0.0 0.0 0.3007821005 0.0 0.0 0.0 0.0 0.0 0.3837297416 0.2953315373 0.4291840894 0.5205844047 0.0 0.0 0.0 0.2279394993 0.0 0.4192492725 0.2588620254 0.3772589515 0.256867305 0.0 0.3072301405 0.3924405513 0.3168774638 0.0 0.0 0.5818296288 0.3453550136 0.0 0.7213812466 0.0 0.0 0.0 0.3946365649 0.0 0.4805394505 0.3219403556 0.3852324595 0.3097956274 0.0 0.0 0.0 0.3453209885 0.3170039113 0.3457316276 0.222549833 0.0 0.3367416604 0.0 0.0 0.0 0.0 0.2942433592 0.3428238763 0.7408316529 0.0 0.2852697369 0.4020584912 0.0 0.4051322182 0.0
5.8818466217 0.0 0.0 0.0 0.0 9.609184689 6.2582470711 0.0 7.048608574 5.5400272255 6.1837800209 0.0 0.0 0.0 3.5438586855 0.0 4.3593272433 7.6135802728 4.0435721954 4.0972790442 2.9479057178 0.0 5.561512849 4.2803305588 0.0 0.0 0.0 8.4488163219 0.0 3.3035970797 0.0 6.0763083052 3.7517667367 5.4677297033 0.0 0.0 4.4527806646 5.6877612849 4.5926022797 0.0 6.0289401756 8.4326352783 0.0 0.0 0.0 4.0318537424 5.1871802534 0.0 0.0 0.0 6.9646056549 0.0 0.0 4.4899630526 4.8952610184 6.2230041269 3.6358101381 5.0048430081 0.0 5.0107945266 3.2254829939 7.9550432345 4.8805001749 19.428347858 0.0 4.8365317048 0.0 0.0 4.9686515953 0.0 0.0 0.0 5.8271570379 0.0 0.0 5.5329922703
4.8431193358 0.0 2.5283646252 5.2567756823 8.3630522218 0.0 5.1530479028 7.282492776 0.0 0.0 5.0917316473 5.080056424 7.5674183782 0.0 0.0 4.6992388675 3.5894751123 6.2690308343 3.3294820394 3.3737043211 2.4273089899 3.4661500411 4.5793561356 3.5244291506 5.121799485 0.0 5.5654121333 6.9567651667 6.5929134717 0.0 5.1179603937 5.0032393118 3.089209086 4.5021349845 3.0654044798 6.3308874234 3.666424768 4.6833092442 0.0 6.2589154155 4.9642363389 6.9434416766 4.1213995917 7.1291592711 8.6088235524 3.3198330516 4.2711302419 0.0 4.7095160438 0.0 5.7346643807 3.8419736147 0.0 3.6970407894 0.0 0.0 0.0 4.1209935424 3.7830630481 4.1258940296 2.6558664413 6.5501918334 4.0186095092 15.997324179 3.7617293873 3.9824058199 4.3034872891 3.5114430447 4.0911934911 8.8409409202 4.7241289039 3.4043535812 4.7980878691 3.4382450247 4.8347691301 0.0
1.7981172933 0.8697885809 0.9387123961 0.0 0.0 2.9375878487 0.0 2.7037897047 2.1548037183 1.6936209664 1.8904202216 1.8860855316 0.0 1.7162914833 0.0 1.7446984241 1.3326735985 2.3275190996 1.2361453059 1.2525638254 0.0 0.0 0.0 1.3085238181 1.9015835845 0.0 2.0662847862 0.0 2.4477678341 0.0 1.9001582353 0.0 0.0 0.0 1.1381005554 0.0 1.3612428938 0.0 1.4039872359 0.0 1.8430847126 2.5779093365 0.0 0.0 0.0 1.2325629015 1.5857534406 0.0 0.0 2.9295842037 0.0 1.4264193628 1.7068473397 1.3726097824 1.496511905 1.902411276 0.0 0.0 0.0 1.5318312209 0.0 0.0 1.4919994228 0.0 1.3966268834 1.4785579865 0.0 1.3037024334 0.0 0.0 0.0 1.2639430546 1.7813983456 0.0 0.0 0.0
4.2700851779 2.0655334004 2.2292104658 4.6347980233 7.3735423098 6.9760467675 0.0 6.4208338273 5.1171274827 4.021932169 0.0 4.4789880519 6.6720472512 0.0 2.5727597843 4.143228536 3.1647711755 5.5272839237 2.9355402831 2.9745302185 2.1401116556 3.0560378319 4.0375302368 3.107421402 0.0 5.477488573 4.9069168467 6.1336460583 5.8128450163 0.0 4.512407253 0.0 2.723696241 3.969445833 2.7027081775 0.0 3.232616207 4.1291836935 3.3341234792 5.5183653534 4.3768717102 6.1218989934 3.6337587592 6.2856426248 7.5902341655 2.9270329562 0.0 2.6480573896 4.1522897247 6.9570400841 5.0561432982 3.3873942491 4.053341544 3.2596097643 3.5538467527 4.5177576692 2.6395144211 3.6334007534 3.3354539355 3.6377214187 2.341626365 0.0 3.5431307203 14.104533076 3.3166444571 3.5112106237 3.7943019803 3.0959718021 3.6071266213 7.7948875847 4.1651736024 3.0015530817 4.2303817997 3.0314345156 4.2627229621 4.0168249535
0.0 0.0 0.0 0.0 2.4920008761 0.0 0.0 0.0 1.7294111343 1.3592732051 1.5172211519 0.0 0.0 1.3774682008 0.0 0.0 0.0 0.0 0.0 1.0052877706 0.0 0.0 0.0 1.0502003692 0.0 0.0 0.0 2.0729590621 0.0 0.0 0.0 0.0 0.0 1.3415346488 0.0 1.8864616156 0.0 1.3955204906 0.0 0.0 0.0 0.0 0.0 2.1243286157 0.0 0.9892353478 0.0 0.0 1.4033295256 2.3512376082 1.7088006007 1.1448214551 1.3698884816 0.0 0.0 0.0 0.0 0.0 0.0 1.229423333 0.0 1.9518093818 1.1974549664 4.7668416758 1.1209104858 0.0 1.2823421175 0.0 0.0 0.0 1.4076838282 0.0 0.0 0.0 0.0 1.3575471439
1.1137319205 0.0 0.581427009 1.2088570341 1.9231816452 0.0 0.0 0.0 1.3346591417 0.0 0.0 0.0 1.7402163397 1.0630500117 0.6710322104 1.0806449244 0.0 1.4416369423 0.7656533256 0.0 0.5581880841 0.7970817306 0.0 0.8104836933 1.1778176793 1.4286492221 0.0 1.5997894935 1.5161175418 0.0 0.0 0.0 0.7103997506 0.0 0.0 1.4558615883 0.8431372458 1.0769817213 0.86961257 1.4393107835 1.1415841915 0.0 0.9477640264 1.6394335336 1.9796996364 0.0 0.0 0.0 1.0830082813 0.0 1.3187531281 0.8835067558 0.0 0.8501777579 0.9269212215 0.0 0.6884432846 0.9476706507 0.8699595822 0.948797575 0.0 1.5062932016 0.9241262451 3.6787717469 0.0 0.0 0.9896372216 0.8074973864 0.0 2.0330777392 1.0863686793 0.0 1.1033764082 0.7906646458 1.111811693 0.0
1.6055022977 0.0 0.0 0.0 2.7723660366 0.0 1.7082441448 2.4141587424 1.9239803397 1.5121996563 0.0 0.0 0.0 1.532441699 0.0 1.5578056777 1.1899171052 2.0781943848 1.1037289593 0.0 0.8046570589 1.1490346343 1.5180643482 0.0 1.6978852412 0.0 1.8449435886 0.0 2.18556203 0.9017461766 0.0 1.6585823421 1.0240780666 0.0 1.0161867991 2.0986999493 0.0 0.0 0.0 2.0748411063 1.6456527902 2.3017627262 1.3662509749 0.0 0.0 1.1005303035 1.4158869401 0.0 1.5612125791 2.6157660503 0.0 1.2736207882 1.5240092156 0.0 0.0 0.0 0.9924266827 1.3661163689 0.0 0.0 0.0 2.1713997343 0.0 0.0 1.2470196904 1.3201743031 1.4266133563 1.1640493421 1.3562376012 0.0 0.0 0.0 1.5905742899 1.1397840739 1.6027341903 1.5102794028
0.0 0.0 3.1269142465 0.0 10.3428702 0.0 6.3729490356 9.006505701 7.1777963868 0.0 0.0 6.2826779994 9.3588828526 5.7170825829 0.0 0.0 4.4392255588 0.0 0.0 4.1723745063 3.0019353164 4.2867052623 0.0 4.3587810128 6.334303058 7.6832750056 0.0 8.603667324 8.1536795978 0.0 6.3295551237 0.0 3.8205296044 0.0 3.7910896409 0.0 4.5343918066 0.0 0.0 0.0 6.1394393736 0.0 5.0970745952 0.0 10.646823936 4.1057500811 0.0 0.0 0.0 0.0 0.0 0.0 0.0 0.0 4.9849819977 6.3370601542 0.0 5.0965724204 0.0 5.102633019 3.2846000649 0.0 0.0 19.784433139 0.0 4.9251762856 0.0 4.3427206553 5.0597176866 0.0 0.0 4.2102794854 5.9339579284 4.2521941825 5.9793228874 5.6344016708
0.0 0.0 0.0 0.0 5.0126357387 0.0 3.088627381 0.0 3.4786938247 0.0 0.0 3.0448778401 0.0 0.0 1.7489975781 0.0 0.0 0.0 0.0 2.0221266594 1.4548774142 0.0 0.0 0.0 0.0 0.0 3.3357897356 4.1697371695 3.9516521975 1.6304214711 3.0675966738 2.9988352958 1.8516062627 2.6984840134 1.8373382877 0.0 2.1975770733 2.8070760137 0.0 0.0 0.0 0.0 0.0 0.0 0.0 1.9898373656 2.5600246808 0.0 2.8227838123 4.7294917824 3.4372359351 0.0 0.0 0.0 0.0 3.0712339605 1.7943783007 0.0 0.0 0.0 0.0 3.9260457556 2.4086691212 0.0 2.2547006363 2.3869693994 2.5794188072 0.0 2.4521744171 5.2990720666 0.0 0.0 2.8758718817 0.0 0.0 0.0
4.6563334395 2.2523701149 2.4308525013 5.0540361895 8.0405121197 7.6070613316 4.9543089074 7.001626903 5.5799945011 4.3857338835 4.8953574526 4.8841325108 7.2755637022 0.0 2.805477389 4.5180020482 3.4510388526 0.0 3.201073003 3.243589752 2.3336943061 0.0 0.0 3.3885015362 4.9242656559 5.9729518604 5.3507693749 0.0 6.3386427906 2.6152755321 4.9205746278 4.8102780249 2.9700667218 0.0 2.9471801943 6.086722372 3.52502077 4.502686787 3.635709828 6.017526128 0.0 0.0 3.9624484564 0.0 8.2768047208 3.1917961504 4.106404404 2.8875859987 4.5278828619 7.5863354088 5.5134940249 3.6937991768 4.4199843767 3.5544560151 3.8753080523 4.926409013 2.8782702805 3.9620580674 3.63716063 3.9667695561 2.5534369203 6.2975688093 0.0 15.38035104 0.0 3.8288152951 4.1375135283 0.0 3.9334073227 8.4999699551 4.5419321438 3.2730569538 4.6130387136 3.3056412968 4.6483052784 0.0
4.4838544465 2.1689382614 2.3408093381 4.866825569 7.7426770415 7.3252820528 4.7707923653 6.7422740079 5.3733014356 4.2232783863 4.7140245787 4.7032154291 7.0060636938 4.2798104592 2.7015574439 4.3506470995 3.3232061461 5.8039911537 3.0824994826 3.1234413344 2.2472500578 3.2090293871 4.2396573255 3.2629853246 4.74186197 5.7517029451 5.1525672217 6.4407090271 6.1038480234 2.518401007 4.7383076643 4.6320966466 2.8600500908 4.1681644761 2.8380113216 5.8612591917 3.3944476397 4.3358991432 3.5010365753 5.7946261014 4.5959869328 6.4283738798 3.8156722152 6.6003148551 7.9702169382 3.0735662613 3.9542957748 2.7806246026 4.36016191 7.3053238556 5.309264257 3.5569741897 4.2562601794 3.4227925502 3.7317596489 4.7439259334 2.7716539554 3.8152962869 3.502433637 3.8198332536 2.458853009 6.0642954965 3.7205071498 14.810635084 3.4826825172 3.6869890674 3.9842525609 3.2509625342 3.7877068175 8.1851157296 4.3736907812 3.1518170179 4.4421634353 3.183194378 4.4761236629 4.2179154931
5.960628159 2.8832859386 3.1117633773 6.4697322086 10.292755786 9.7378902454 6.3420701214 8.962866388 7.1430177375 0.0 6.2666056585 6.2522364762 9.313536163 5.689381545 3.5913251792 5.7835484895 4.4177161344 7.7155566753 4.0977318589 4.152158058 2.9873900089 4.265934846 5.6360038312 4.3376613672 6.3036113955 7.6460471557 6.8495839103 8.5619798879 8.1141724917 3.347845506 6.2988864663 6.1576944651 3.8020179538 5.5409645527 3.772720636 7.7916861491 4.5124212722 5.7639432404 4.65411566 7.7031072091 6.1096918861 8.5455821152 5.0723776882 8.7741524737 10.595236773 4.0858564488 5.2566574195 3.6964333931 5.7961970374 9.7113587437 0.0 4.7284765305 5.6580748952 4.5501016816 4.9608282141 6.3063551327 3.6845082308 5.0718779466 4.655972849 5.0779091797 3.268685159 8.0615931967 4.9458696636 19.688571426 4.6297166264 4.9013122793 5.2964805818 4.3216788271 5.0352017854 10.88091326 5.8141816913 4.1898793757 5.9052060622 4.2315909831 5.9503512139 5.6071012475
1.2913405402 0.0 0.6741481088 0.0 0.0 0.0 1.3739780504 0.0 1.5474993806 0.0 0.0 1.3545160365 0.0 1.2325763061 0.0 1.2529771078 0.0 0.0 0.0 0.0 0.6472032352 0.9241936356 1.221012289 0.9397328308 1.3656461581 0.0 0.0 1.8549104959 0.0 0.0 1.3646225256 0.0 0.8236883408 1.2004225005 0.8173412222 0.0 0.9775936979 0.0 0.0 0.0 1.3236344577 1.8513579997 0.0 1.9008766347 2.2954055199 0.0 0.0 0.8008139692 0.0 0.0 0.0 1.0244009984 0.0 0.9857569717 1.0747388388 0.0 0.0 1.0987972128 1.0086934353 1.1001038496 0.7081444349 1.7465041999 0.0 0.0 0.0 0.0 0.0 0.9362702928 0.0 0.0 0.0 0.907716595 0.0 0.916753208 0.0 0.0
0.0 2.7618498781 2.9807044765 6.1972449117 0.0 0.0 6.0749595998 8.5853751479 0.0 5.3777745101 6.0026734922 0.0 8.921275678 5.4497604681 3.4400684565 5.5399613604 4.2316541013 7.3905986839 0.0 3.9772805996 2.8615693718 0.0 5.3986308767 4.1549710203 6.0381206496 7.3240167138 6.5610983061 8.2013728826 0.0 3.2068434764 0.0 5.8983493382 3.6418874319 0.0 3.6138240364 7.4635217941 4.3223705196 0.0 0.0 7.378673555 5.8523684956 0.0 4.8587431141 0.0 10.148994589 0.0 5.0352614907 3.540749802 5.5520771863 9.3023430675 0.0 4.5293261256 5.4197723682 4.358463934 4.7518917965 6.0407488281 3.5293268947 4.8582644202 4.4598760995 4.8640416344 3.1310171452 0.0 4.7375632589 0.0 4.4347257166 4.6948825089 5.0734074111 4.1396616208 4.8231329579 10.42263917 5.5693043761 4.0134131992 5.6564950513 4.0533680286 5.6997388136 5.3709455901
0.0 0.0 0.5850652467 0.0 1.9352158161 0.0 1.1924186933 0.0 1.3430106754 1.0555722633 0.0 0.0 1.7511056184 1.0697019708 0.6752311462 1.0874069824 0.8306069153 1.4506578819 0.0 0.7806774115 0.0 0.8020694123 1.0596660389 0.0 1.1851877888 0.0 1.287840049 0.0 0.0 0.0 0.0 1.1577528863 0.7148450259 1.0417970135 0.0 1.4649715375 0.8484131166 1.083720857 0.8750541081 1.4483171673 1.1487275725 1.6067169969 0.9536945917 1.6496921711 0.0 0.7682115641 0.9883423632 0.6949933054 1.0897851278 0.0 0.0 0.0 1.06381578 0.8554976842 0.0 1.1857036587 0.6927511689 0.0 0.8754032917 0.9547346076 0.6145692513 1.515718723 0.9299088986 3.7017913968 0.8704666685 0.921531341 0.0 0.8125502433 0.0 2.045799577 1.0931665533 0.7877696706 0.0 0.0 0.0 0.0
0.0 5.7812705945 6.2393902282 12.972446496 0.0 19.525423329 12.716471513 17.971424616 0.0 11.25708167 0.0 0.0 0.0 0.0 7.2009585924 11.596580959 8.8579533652 0.0 8.2163535648 8.3254834227 5.9900094478 8.5536170219 0.0 8.6974357192 12.639358002 0.0 0.0 0.0 16.269710263 6.7127580098 12.629884056 12.346780271 0.0 11.110176415 0.0 0.0 0.0 11.557270515 9.3319575587 15.445484126 12.2505304 17.134728795 0.0 0.0 21.244487055 8.192542205 10.540112778 7.4117108519 0.0 19.47222507 0.0 9.4810583843 0.0 0.0 0.0 0.0 0.0 0.0 9.3356814045 10.181705057 6.554033764 16.164283628 9.9169529001 0.0 0.0 0.0 10.619962118 8.6653891616 10.09607255 21.81729638 11.658003528 8.4011183577 11.840516303 8.4847542143 11.931036752 11.242786964
12.610152089 6.0998057974 6.5831668081 13.687199561 21.775090211 20.601230901 13.417120923 18.961610302 15.111585162 11.877321933 13.257470241 13.227071167 19.703478285 12.036309707 7.597715459 12.235526881 9.3460069733 16.322833857 8.6690564451 8.7841991165 6.3200456991 9.0249023716 11.923385185 9.1766451605 13.335758629 16.1757813 14.490804081 18.113505101 17.166135257 7.0826161059 13.32576269 13.027060512 8.0434516903 11.722322524 7.9814710361 16.48389142 9.5463627343 12.194050518 9.8461277477 16.296496086 12.925507487 18.078814394 0.0 18.562371983 22.41501123 8.6439331321 11.120849644 7.8200797013 12.262285824 20.545101536 14.931490431 10.003443699 11.970078162 9.6260784422 0.0 13.341563209 7.7948511336 10.729934929 9.8500567692 10.742694451 6.9151465057 17.054899849 10.463355037 0.0 9.7945097779 10.369090577 11.205098505 9.1428329086 10.652343783 23.019381081 12.300333697 8.8640013689 12.492902522 8.9522453759 12.588410447 11.86223962
0.0 1.9322709933 2.0853880746 4.3357738871 6.8978220931 0.0 4.2502195045 0.0 0.0 0.0 0.0 0.0 6.2415855231 0.0 2.4067725571 0.0 0.0 5.1706791066 0.0 0.0 0.0 0.0 0.0 2.9069393106 0.0 5.124096412 0.0 5.7379204613 0.0 2.2436015363 0.0 4.1266577974 2.547971018 0.0 2.5283370454 0.0 0.0 0.0 0.0 0.0 4.0944882544 5.726931284 0.0 5.8801106367 7.1005335995 2.7381890202 0.0 0.0 0.0 0.0 0.0 3.1688490969 3.7918313449 3.0493089077 0.0 0.0 0.0 3.3989839533 0.0 0.0 2.1905512161 5.4025799126 0.0 0.0 0.0 3.2846771872 0.0 2.8962284068 3.3744049542 0.0 3.8964483133 0.0 3.957449461 2.8358548845 3.9877040626 3.7576707021
0.0 1.8430550229 1.9891024494 4.1355844332 6.579338871 0.0 4.0539802301 0.0 0.0 0.0 4.0057418104 3.9965567368 5.9534017686 0.0 0.0 0.0 0.0 0.0 2.6193535591 0.0 1.9096004623 2.72687233 3.6026482949 2.7727213813 4.0293966302 0.0 0.0 0.0 0.0 2.1400109483 4.0263763594 3.9361235601 2.4303272156 0.0 2.4115997741 0.0 0.0 3.6844297677 2.9750054025 4.9239828224 3.9054393351 0.0 0.0 5.6086167424 6.7726908704 2.6117625554 3.3601623519 0.0 3.7050470508 0.0 0.0 3.0225383836 3.6167565679 0.0 0.0 4.0311504828 2.3552126103 3.2420475541 0.0 0.0 2.0894100443 5.1531343579 0.0 0.0 2.9594090439 3.13301851 0.0 0.0 0.0 6.9553010921 3.7165432075 0.0 3.7747278369 2.7049190342 3.8035855362 3.5841731754
7.0512181641 3.4108281276 3.6811090817 0.0 0.0 11.519589336 7.5024508903 10.602762761 8.4499443807 6.64144156 7.4131790255 0.0 11.017593048 6.7303427462 0.0 0.0 0.0 0.0 4.8474758942 4.9118602165 3.5339796633 5.0464542446 6.6671987462 5.1313042529 0.0 0.0 8.1028222524 10.128527816 0.0 3.9603861226 7.4513661112 7.2843408284 4.4976565122 6.5547705474 0.0 9.2172968081 5.3380392117 6.8185466682 0.0 0.0 7.2275554279 10.109129814 6.0004483985 0.0 12.5338008 4.8334276924 6.2184449844 4.3727536073 6.856701801 11.488203482 8.3492408182 5.5936251534 0.0 5.3826138404 5.8684892061 7.4602012867 4.3586465503 5.9998572213 5.5078557912 6.0069919627 3.8667421539 0.0 5.8507937552 23.290903033 0.0 5.7980839015 6.2655544161 5.1123974575 0.0 0.0 6.8779770282 0.0 6.9856557292 5.0058266356 0.0 0.0
0.0 3.1847862706 3.4371552085 7.1462611587 0.0 0.0 7.005249663 9.9000981607 7.8899510161 6.2013010055 6.9218940089 6.9060222656 10.287436881 6.2843105465 3.9668639765 6.3883243691 4.8796692356 8.5223593818 4.5262247459 0.0 3.2997763274 4.7120164347 6.2253512156 4.7912432768 6.9627693732 8.4455813694 0.0 0.0 0.0 0.0 6.9575503662 6.8015941562 0.0 0.0 0.0 0.0 4.9842775295 6.3666690323 5.1407886596 0.0 0.0 9.4391791775 5.6027876405 0.0 11.703162755 4.5131075442 5.8063371914 4.0829631786 6.4022955542 0.0 7.795921264 0.0 6.2497302133 5.0258981155 5.4795736265 0.0 4.0697910222 5.6022356417 5.1428400517 0.0 3.6104860354 8.9045803568 0.0 21.747372026 5.1138382603 5.4138342111 0.0 4.7735894696 0.0 12.018711949 0.0 0.0 0.0 0.0 0.0 0.0
1.3789232558 0.6670152755 0.7198709218 0.0 2.3811115106 2.2527497041 0.0 2.0734567853 1.6524555822 1.2987880967 1.4497076561 1.4463835099 2.1545802331 1.3161734492 0.8308120682 1.3379578964 0.0 1.7849059272 0.9479634705 0.0 0.6910985633 0.9868753108 1.3038251247 1.0034684223 1.4582685107 1.7688256936 1.5845730172 1.9807162715 0.0 0.7744858263 1.4571754523 0.0 0.8795534355 0.0 0.8727758357 0.0 1.0438971306 1.3334224459 1.0766765091 0.0 1.4134074467 1.976922834 0.0 2.0297999763 0.0 0.94521623 1.2160676643 0.8551276532 1.3408839935 0.0 1.6327621787 0.0 1.3089310133 1.0526140631 1.147630956 1.458903243 0.0 1.1733210434 0.0 1.1747163003 0.756172984 0.0 1.1441704661 4.554726161 1.0710320713 1.1338626241 1.2252802982 0.9997710442 0.0 0.0 1.3450445378 0.9692807462 1.3661019866 0.9789302503 1.3765458019 1.297138842
0.0 2.1078308828 2.2748596866 4.7297082714 7.5245358864 7.1189005286 4.6363806946 0.0 5.2219147542 0.0 0.0 4.5707076619 0.0 0.0 2.6254441231 4.2280725457 0.0 0.0 0.0 3.0354419129 2.183936333 3.1186186191 0.0 3.1710544093 4.6082653804 0.0 0.0 6.259249346 5.9318790195 0.0 0.0 4.5015925706 0.0 0.0 2.7580535674 0.0 0.0 4.2137400964 0.0 0.0 0.0 0.0 3.7081699728 0.0 7.7456651043 0.0 3.8428879705 0.0 4.2373192872 7.0995046311 0.0 3.4567604711 0.0 3.3263592472 3.626621548 0.0 0.0 3.7078046358 0.0 0.0 0.0 0.0 0.0 14.393362217 3.3845618823 0.0 3.8720007582 3.1593703473 3.6809924685 0.0 0.0 3.0630181437 0.0 0.0 0.0 0.0
10.814723959 5.2313180239 5.645858298 11.738421868 18.674762063 0.0 11.506796912 16.261864234 12.960004048 0.0 11.369877226 11.34380636 0.0 10.322585014 6.5159559404 10.49343773 0.0 0.0 7.4347598494 7.5335085558 0.0 7.7399405831 0.0 7.8700782978 11.437018947 13.872680389 12.427609515 15.534511894 14.722028168 0.0 11.428446225 0.0 6.8982284353 10.053303194 6.8450725605 14.136921921 0.0 10.457866755 0.0 13.976207855 0.0 15.504760435 9.2031180361 15.919469299 0.0 0.0 0.0 6.7066600558 10.516386747 17.619898655 12.805551129 8.5791576092 10.265783488 8.2555214587 9.0007271574 11.441997073 6.6850235209 9.2022113249 0.0 9.2131541517 5.9305708664 14.62663041 8.9735869651 35.722152002 8.3999716119 8.8927438393 9.6097213114 7.84108022 0.0 19.741891323 0.0 7.6019485972 10.714168336 7.6776284597 10.796077884 0.0
10.057211783 4.8648928503 5.2503968488 10.916209712 17.366697269 16.430487174 10.700808816 15.122809717 12.052226751 9.472743965 10.573479604 10.549234859 15.714485644 9.5995444748 6.0595489173 9.7584298941 7.4538967327 13.018256706 6.9139956451 0.0 5.0405449217 7.19780014 9.5094816564 7.3188224206 10.635918415 12.900975114 11.55712354 14.446404425 13.690830733 5.6487320415 10.627946166 10.3897166 6.4150453178 9.3491243708 6.3656127208 13.146707974 7.6136902314 9.7253504707 7.8527674608 12.997251048 10.308723105 0.0 8.5584900268 14.804397672 17.877065515 6.8939585767 8.869420391 6.2368952539 9.7797714576 16.385721266 11.908592413 7.9782346101 9.5467215845 7.6772673993 8.3702755205 10.640547851 6.2167742398 8.5576468258 7.8559010472 8.5678231675 5.5151668613 13.602115066 8.3450363501 33.220010919 7.8115996105 8.2698558425 8.9366129698 7.2918554994 8.4957640996 18.35907997 0.0 7.0694737368 9.9636995302 7.1398526396 10.039871762 9.4607150838
0.0 0.0 1.8095346715 0.0 5.9853839134 5.6627217079 3.6880039972 0.0 0.0 0.0 0.0 3.6357644546 5.4159537721 3.3084563049 0.0 3.3632157228 2.5689647781 4.4867059673 0.0 0.0 0.0 0.0 0.0 0.0 0.0 0.0 0.0 0.0 0.0 0.0 3.6628920874 0.0 2.2109275272 3.2221497125 0.0 0.0 2.624037163 0.0 0.0 4.4794664256 3.5528727475 0.0 2.9496597848 0.0 6.1612809101 0.0 0.0 2.1495286032 0.0 5.6472932622 4.1042632549 0.0 0.0 2.6459488571 0.0 0.0 2.1425939516 0.0 2.707514447 2.9528764258 1.9007869199 0.0 0.0 0.0 0.0 0.0 3.0799788055 2.5131177177 0.0 6.3274058513 0.0 2.4364744617 0.0 2.4607303548 3.4602138799 3.2606091414
5.8475500871 2.8285876071 0.0 6.3469960096 10.097493652 9.5531543712 6.2217557783 8.7928333608 0.0 5.50772381 6.147722939 0.0 0.0 5.5814492468 3.5231947546 5.6738297662 0.0 7.5691861503 4.0199944786 4.0733881675 2.9307167367 0.0 5.5290841527 4.2553723246 0.0 7.5009952841 0.0 8.3995520108 7.9602398933 3.2843340933 6.1793913531 6.0408778815 3.7298905121 5.4358478483 3.7011489889 7.6438713847 0.0 0.0 4.5658232164 7.5569728608 5.9937859513 8.3834653175 4.9761504662 8.6076995063 10.394236322 0.0 5.1569342578 0.0 5.6862383605 9.5271261942 6.9239956469 4.6387733994 5.5507365102 4.4637824697 4.8667171784 6.1867183326 0.0 0.0 0.0 0.0 3.2066754839 7.9086580713 4.852042404 19.315062857 4.5418870528 4.8083303103 5.1960019416 4.2396929867 4.9396798212 0.0 0.0 4.1103938804 5.7931793935 0.0 5.8374681041 5.500729875
0.0 0.0 6.9960022262 0.0 23.140622748 21.893149824 14.258518823 20.150707364 0.0 0.0 14.088856324 14.056550901 20.939098456 0.0 8.0741739978 13.002826116 9.9321022081 17.346451234 9.2126995953 9.3350629515 0.0 0.0 0.0 9.7521195867 14.172054237 17.190176899 0.0 0.0 0.0 0.0 0.0 13.843997426 8.5478626886 0.0 0.0 0.0 10.145022432 12.958748739 10.463585938 17.318461801 13.736075933 19.212550651 0.0 19.726432507 0.0 0.0 11.818246618 8.3104828715 13.031263133 0.0 15.867855599 10.630767293 0.0 0.0 11.153150488 14.178222827 8.2836722011 0.0 0.0 11.416377024 7.3488006241 0.0 11.119520022 44.264705514 0.0 11.019344166 11.907778789 0.0 0.0 0.0 13.071697017 9.4198696641 13.27634198 0.0 0.0 12.606129726
1.8807663281 0.909767723 0.0 0.0 3.2476893358 3.0726117436 0.0 2.8280672534 2.2538475616 1.7714669104 1.9773118872 1.9727779567 2.9387146361 1.7951794596 1.1331764522 1.824892103 1.3939288832 0.0 1.2929637441 1.3101369279 0.0 1.3460370958 1.7783371061 1.3686690772 1.9889883653 2.4125692209 2.161259927 0.0 2.5602775405 1.05635093 1.987497501 1.942946968 0.0 1.7483492139 1.1904124445 0.0 1.4238113435 1.8187060281 1.4685203953 2.4305734688 0.0 2.6964008939 1.6004952674 2.7685220568 0.0 1.2892166774 1.6586413394 1.1663414114 1.8288831191 3.0642402173 2.2269869731 1.4919835971 1.7853012235 1.435700702 1.5652978874 1.989854101 1.1625786463 0.0 1.4691063971 0.0 1.0313733419 2.5436871133 1.5605779925 6.2123657438 1.4608217301 1.5465187313 1.671206804 1.3636260814 0.0 3.4332715836 1.834557845 1.3220391943 1.8632789072 1.335200523 1.8775236275 1.7692174286
0.728067629 0.3521822031 0.3800898368 0.7902527156 1.2572202294 1.189445554 0.7746592864 1.0947793934 0.0 0.6857564888 0.7654415948 0.7636864548 1.1376123474 0.6949359063 0.4386664523 0.7064380337 0.5396069048 0.0 0.5005220657 0.507170015 0.3648981119 0.5210674087 0.6884160255 0.5298285253 0.7699617021 0.0 0.8366501289 1.0458126611 0.9911147231 0.4089263539 0.7693845703 0.7521385146 0.4644017582 0.6768073459 0.4608232044 0.9517242662 0.5511747704 0.7040433285 0.5684821907 0.940904692 0.7462751856 1.0438097367 0.6195712765 1.0717287202 1.2941671096 0.4990715304 0.6420803315 0.4515050133 0.7079830048 1.1862048339 0.8620938716 0.5775650828 0.6911119204 0.5557772863 0.6059459405 0.770296839 0.450048401 0.619510235 0.5687090391 0.6202469267 0.3992572243 0.984692366 0.6041188115 2.404882696 0.5655019433 0.5986762997 0.6469445764 0.5278763199 0.615030384 1.3290613854 0.7101797605 0.0 0.7212980347 0.5168724389 0.72681234 0.6848856869
0.0 0.0 4.3363000814 9.0156920373 14.343146423 13.569930982 8.8377925468 0.0 9.9539279312 7.8235344126 8.7326314157 0.0 12.978585684 7.928258889 5.0045783623 8.0594822758 6.1561695124 10.751771578 0.0 5.786109399 4.1629834817 5.944659467 7.8538760531 0.0 8.7841995978 10.654908771 9.545022441 11.931278051 11.307250125 0.0 0.0 8.5808616441 5.2981826583 7.7214370527 0.0 10.857859415 6.2881428815 8.0321619969 6.4855966435 10.734423016 8.5139691585 11.90842745 0.0 0.0 0.0 5.6937168747 7.3252497803 5.1510486113 8.0771082622 13.532958842 9.8353004044 0.0 7.8846324908 6.3406512321 6.9130062862 0.0 5.1344306761 0.0 6.4881846709 7.0761607871 0.0 11.2339799 6.8921612682 27.436390086 0.0 0.0 7.3807440969 6.0223397404 0.0 0.0 8.1021702116 5.838674756 8.2290143636 5.8968006559 8.2919249713 0.0
3.0044060776 0.0 1.5684589868 3.2610158275 5.1879797256 0.0 3.1966687922 4.5176598055 3.6003799148 0.0 0.0 0.0 4.6944120496 0.0 1.8101782073 2.9151505125 2.2267138378 3.8889635034 2.0654283698 2.0928614522 1.5057696034 2.1502097155 2.8407818291 2.1863628844 3.1772839846 0.0 3.4524769841 4.3155962301 4.0898825592 1.687454261 3.1749024225 3.1037357442 0.0 2.7928780548 1.9016091099 3.9273359447 2.2744491912 2.9052686463 2.3458690933 0.0 3.0795404352 4.3073310663 2.5566906622 4.4225400939 5.3404428032 0.0 2.6495753599 1.8631571465 2.92152591 4.8949312813 3.5574718118 2.3833500845 2.8519065692 0.0 2.5004650582 0.0 0.0 2.5564387714 2.3468051943 2.5594787654 1.6475541329 4.0633803938 2.4929253227 0.0 2.3335709591 2.470466536 0.0 2.1783070152 2.5379524511 0.0 0.0 2.1118745752 0.0 2.1328989712 2.9992260672 2.8262137172
0.0 0.8989513823 0.0 0.0 0.0 3.0360810835 0.0 0.0 0.0 0.0 0.0 1.9493233561 0.0 0.0 0.0 1.8031957356 1.3773562907 2.4055575776 0.0 0.0 0.9314089671 1.3300338947 0.0 1.3523968017 0.0 2.3838858877 0.0 0.0 0.0 0.0 0.0 1.9198470317 0.0 1.7275628744 0.0 0.0 0.0 1.7970832077 1.4510609752 0.0 1.9048807795 2.664343051 1.5814667817 0.0 0.0 0.0 1.6389215478 0.0 1.807139302 0.0 2.2005100502 1.4742452201 0.0 1.4186314792 0.0 1.9661964801 1.1487566053 1.5813109722 1.4516400099 0.0 1.019111217 2.5134449034 0.0 6.138506161 0.0 0.0 0.0 1.3474137626 0.0 0.0 1.8127465605 0.0 1.8411261544 0.0 1.8552015175 1.7481829843
6.3686224855 3.0806416993 3.3247580097 6.9125737959 0.0 10.404431399 6.7761734673 9.5763585465 7.6319445139 0.0 6.6955435971 6.68019087 0.0 0.0 0.0 6.1794220297 4.720100895 8.2436727169 4.3782142687 0.0 0.0 0.0 6.0217782036 4.6345665222 6.7350823105 8.1694053952 0.0 9.1480320831 0.0 0.0 0.0 0.0 0.0 0.0 0.0 0.0 4.8212884299 6.1584748363 0.0 8.2303711071 6.5278893578 9.1305119122 5.4195728602 9.3747275026 11.320461762 4.365526008 5.6164662092 3.9494476414 6.1929363479 10.376083864 7.5409895955 5.0521322838 0.0 0.0 5.3003880242 0.0 0.0 5.4190389121 4.9746658551 5.4254829724 3.4924208064 0.0 5.2844055878 21.036218893 0.0 0.0 5.6590151956 4.617490006 5.3798523334 11.625692293 6.2121520192 4.4766691181 6.3094068454 0.0 0.0 5.9908972898
0.0 2.9710962264 3.2065319308 0.0 0.0 10.034457067 6.535217459 9.2358299074 0.0 5.7852114556 6.4574547308 6.442647936 9.5971793078 5.862651294 3.7006987565 0.0 0.0 7.9505334576 0.0 4.2786117646 3.0783707795 0.0 5.8076479654 4.4697645651 6.4955874751 0.0 7.0581875477 0.0 8.3612890931 3.4498039256 0.0 6.3452266539 3.917808166 5.7097142717 3.8876186003 0.0 0.0 5.9394837611 4.795856453 7.9377048437 6.2957621595 8.8058372688 5.2268566245 0.0 10.917914027 4.2102909442 5.4167485831 3.8090080344 5.9727198453 10.00711755 7.2728372585 4.8724819791 0.0 0.0 5.1119099183 6.4984147726 0.0 5.2263416632 4.7977702026 0.0 3.3682327553 0.0 0.0 0.0 4.7707143484 0.0 0.0 4.4532952778 5.188548532 0.0 5.9912522207 0.0 6.085048733 4.3604638143 6.1315687774 5.7778651553
7.4061799902 3.5825309103 3.866417942 8.0387502705 12.788920885 0.0 7.880127996 11.136511107 8.8753187796 0.0 0.0 7.7685081923 11.572224156 7.0691515443 4.4622814863 7.1861555449 0.0 0.0 5.0915002394 5.1591257004 0.0 5.3004952588 7.0028288439 5.3896166587 7.8323423871 9.5003412288 8.5107223508 10.638402939 10.081994773 4.1597539279 7.8264715838 0.0 4.7240707759 0.0 4.6876683695 9.6813001094 5.606758758 7.1617956956 0.0 9.5712392977 0.0 10.618028432 6.3025139525 10.902030918 13.16475856 0.0 6.5314845948 0.0 0.0 12.066525354 0.0 0.0 0.0 0.0 6.1639118687 7.8357515263 4.5780629835 6.3018930151 0.0 6.309386923 4.0613958753 10.016664122 6.14532562 24.463378664 5.7525001936 0.0 0.0 0.0 6.2563222726 13.519716364 0.0 5.2059950673 7.3373171098 0.0 7.3934107144 6.9669169011
0.0 2.8205618981 3.0440689564 6.3289873247 0.0 0.0 6.2041024444 8.7678849655 6.9876259578 0.0 6.1302796627 6.1162230728 0.0 0.0 3.5131981981 0.0 0.0 0.0 4.0085883246 4.0618305166 0.0 4.1731321634 5.5133961746 4.24329832 0.0 7.4797122928 0.0 0.0 7.9376538618 3.2750152695 6.1618582222 0.0 3.7193074863 5.4204244147 3.6906475129 0.0 0.0 0.0 4.5528683521 0.0 5.9767794489 8.3596784449 4.9620313577 0.0 10.364744177 3.9969712565 5.1423022013 0.0 5.67010448 0.0 6.9043498088 4.6256115495 5.5349870967 0.0 4.8529085709 6.1691644124 0.0 4.9615424876 0.0 4.9674425151 3.1975770052 7.8862183957 4.8382754342 19.260259154 4.5290001039 4.7946873672 5.1812590362 0.0 4.9256641928 10.644205955 5.6876978893 0.0 0.0 4.1395354292 5.8209051311 0.0
7.5366455674 0.0 3.9345278784 8.1803590615 13.014207598 12.312633064 8.0189425331 11.332689346 9.0316643705 7.0986586897 0.0 7.9053564604 11.776077817 7.1936801052 4.540888019 0.0 5.5857805309 9.7555852278 5.1811909461 5.2500076818 0.0 0.0 7.1261890793 5.4845589162 7.9703151438 9.6676970726 8.6606452942 10.825806618 10.259596893 4.2330312041 7.9643409217 7.7858171081 4.807288929 7.0060209799 0.0 9.8518436835 5.7055261412 7.2879562548 5.8846851746 9.7398440657 7.7251224272 10.805073199 6.4135376005 11.094078608 13.396665944 5.1661756232 6.6465417374 4.6737873265 0.0 12.279086512 8.924028067 5.9787074002 7.1540958337 5.7531694236 6.272493934 0.0 4.6587090966 6.4129057248 5.8870334129 6.4205316437 4.1329404986 10.193115392 6.2535802743 24.894319962 5.8538349247 6.1972417132 6.6968943264 5.4643505193 6.3665322186 13.757876603 7.3514779823 5.2977026888 7.4665696141 5.3504430364 7.5236513509 7.0896445199
10.744518907 5.1973583079 0.0 11.662220522 18.553532649 17.55334221 11.432099187 16.156298431 12.875872658 10.120108718 0.0 11.270166707 16.78840933 10.25557474 0.0 10.425318346 7.9632940132 13.907920838 7.3864962317 7.4846038993 0.0 7.6896958488 10.159357053 7.8189887593 11.362774194 0.0 12.346934227 15.433667784 14.626458392 6.0347648568 11.354257123 0.0 0.0 9.9880409939 0.0 14.04515043 0.0 10.389978284 8.3894234587 13.885479659 11.013218446 0.0 9.1433749134 15.816126193 0.0 7.3650898355 9.4755541744 6.6631229835 10.448118386 17.505517012 12.722422388 8.523464999 10.199141948 8.2019297706 8.9422978788 11.367720004 6.6416269048 9.1424740882 0.0 9.1533458784 5.8920718684 14.53167992 8.9153338704 35.490257453 0.0 8.8350155472 9.5473386757 0.0 9.0763623134 19.613734515 10.480537193 7.5525996541 10.644616053 7.627788232 0.0 10.107257786
5.9546419936 0.0 3.1086382822 6.4632347581 10.282418933 0.0 6.3357008798 8.9538651219 7.1358441169 5.6085921454 6.2603122048 6.2459574532 0.0 5.6836677883 3.5877184676 0.0 4.4132794914 7.7078080627 4.0936165711 4.1479881108 2.98438982 4.2616506346 5.630343681 4.3333051219 0.0 7.6383683505 6.8427049806 8.5533812258 8.1060235556 0.0 0.0 6.1515103891 3.7981996468 5.5353998489 3.7689317519 7.7838610809 0.0 5.7581546026 0.0 0.0 6.1035560184 0.0 5.0672835789 8.76534073 0.0 0.0 0.0 3.6927211231 5.7903760076 9.7016057784 0.0 4.7237277957 5.6523925793 4.5455320859 0.0 6.3000217591 3.680807937 5.0667843391 4.6512969285 5.0728095152 3.2654024698 8.0534970652 4.9409026043 0.0 4.6250670746 4.8963899682 5.2911614094 4.3173386329 0.0 0.0 5.8083425998 4.1856715456 5.8992755564 4.2273412627 5.9443753695 5.6014701237
0.7737574746 0.3742833787 0.4039423544 0.839844983 1.3361170184 1.2640891468 0.823272989 1.1634822163 0.9272451188 0.7287911009 0.8134768415 0.8116115579 1.2090031501 0.7385465724 0.4661949423 0.7507705151 0.5734699076 1.0015671987 0.5319323014 0.5389974424 0.3877972736 0.5537669663 0.7316175367 0.5630778863 0.818280608 0.9925440708 0.8891540634 1.1114425793 1.0533120751 0.4345885056 0.8176672583 0.7993389273 0.493545266 0.7192803551 0.4897421402 1.0114496722 0.5857637139 0.7482255303 0.6041572605 0.9999511161 0.7931076454 1.1093139615 0.6584524391 1.1389849993 0.0 0.5303907378 0.6823740487 0.4798391866 0.7524124408 1.2606450555 0.9161945269 0.6138101491 0.7344826124 0.5906550605 0.6439720459 0.8186367764 0.4782911646 0.658387567 0.0 0.6591704898 0.4243125903 1.0464866834 0.6420302556 2.5558009823 0.6009899878 0.6362461992 0.6875435491 0.5610031705 0.6536265832 1.4124665623 0.7547470538 0.5438940994 0.7665630547 0.5493087415 0.7724234099 0.7278656519
9.9227917076 4.7998709262 0.0 0.0 17.134581967 16.210884826 10.557786718 14.920685186 11.891142222 9.3461356185 0.0 10.40823863 15.504453045 9.4712413709 5.9785597687 9.6280032007 7.3542713714 0.0 6.8215863538 6.9121908712 4.9731753126 0.0 0.0 7.2210024005 0.0 0.0 11.402656333 14.253320416 0.0 5.5732336827 10.485897917 10.250852418 6.3293047675 9.224168267 0.0 12.970995111 7.5119291435 9.5953659017 0.0 0.0 10.170941445 14.226022675 8.4441011787 0.0 17.638128866 0.0 8.7508757905 6.1535357756 9.6490595226 16.166717239 11.749427635 0.0 0.0 7.5746565682 8.2584022611 10.498331174 0.0 8.4432692475 7.7509026808 8.4533095769 0.0 13.420315441 0.0 0.0 7.7071933567 0.0 8.817170304 7.1943959068 8.3822136175 18.113700937 9.6789989803 0.0 0.0 7.0444246474 0.0 0.0
0.0 4.0502509376 4.3712010549 0.0 0.0 0.0 8.9089240548 0.0 0.0 0.0 0.0 0.0 13.083044616 7.9920699603 5.0448580141 0.0 6.2057178151 0.0 0.0 0.0 0.0 0.0 7.9170884497 0.0 0.0 0.0 0.0 0.0 0.0 0.0 8.8482624892 0.0 5.340825402 0.0 5.2996704519 0.0 6.3387533799 0.0 0.0 10.820819669 0.0 12.004273149 7.125343419 0.0 14.883493551 0.0 0.0 0.0 0.0 13.64187968 9.9144604147 0.0 7.9480924325 0.0 0.0 0.0 5.175755452 0.0 0.0 0.0 4.5916344796 11.324397267 6.9476332452 0.0 0.0 6.8850419547 0.0 0.0 7.0731211495 15.284793139 0.0 0.0 8.2952460836 0.0 8.3586630311 0.0
4.5002205011 0.0 2.3493532849 4.884589467 7.7709377884 0.0 4.7882057425 6.7668832869 5.392913969 4.2386933391 4.7312307537 4.7203821506 7.0316358043 4.2954317539 2.7114181201 0.0 3.3353358381 5.8251757032 3.093750596 0.0 2.2554525135 0.0 0.0 3.2748952108 0.0 0.0 0.0 6.4642175948 6.1261270495 0.0 0.0 0.0 2.8704892647 4.1833782633 2.848370054 5.8826527694 0.0 4.3517251615 3.5138153478 0.0 4.6127622707 0.0 0.0 0.0 7.9993082051 0.0 3.9687289419 0.0 4.3760764873 7.3319882647 5.3286430549 3.5699571344 0.0 3.4352857322 0.0 4.7612412481 0.0 3.8292221064 3.5152175088 3.833775633 0.0 6.086430156 0.0 14.864693855 3.4953942975 3.7004465659 3.9987950703 0.0 0.0 0.0 4.3896547388 3.1633211401 0.0 3.1948130275 4.4924615003 0.0
0.0 0.0 0.0 8.2543537623 0.0 0.0 8.0914771553 0.0 9.1133594768 0.0 0.0 7.97686365 11.882597268 0.0 4.5819622124 7.3788919996 5.6363062054 0.0 5.228056942 0.0 0.0 0.0 0.0 0.0 0.0 9.7551453554 0.0 10.923730476 10.352399153 0.0 0.0 0.0 0.0 7.0693933114 4.8133940899 0.0 0.0 0.0 5.9379145642 0.0 7.7949993261 10.902809515 0.0 11.194429096 0.0 0.0 0.0 4.7160636487 0.0 12.390155882 0.0 6.0327872593 0.0 0.0 0.0 0.0 0.0 6.4709130858 0.0 0.0 4.1703246394 0.0 6.3101464712 25.11949929 5.9067852611 6.2532983048 6.7574704806 0.0 6.4241201121 0.0 7.417975114 5.3456225811 0.0 5.3988399868 0.0 0.0
0.0 0.0 0.0 0.0 18.564814317 0.0 0.0 0.0 12.883701966 0.0 11.302937023 0.0 16.798617696 10.261810748 0.0 10.431657568 0.0 13.916377693 0.0 7.4891549902 5.3882888079 7.6943716479 0.0 7.8237431763 11.369683446 13.791004921 0.0 0.0 0.0 0.0 0.0 11.106496329 6.8576150843 0.0 0.0 0.0 8.1389537238 10.396296017 8.3945247345 0.0 0.0 0.0 0.0 0.0 0.0 0.0 0.0 0.0 0.0 0.0 12.730158389 0.0 0.0 8.2069170388 0.0 0.0 0.0 0.0 0.0 9.158911665 0.0 0.0 8.9207549314 0.0 8.3505167411 0.0 9.5531440338 0.0 9.0818812894 19.625660849 0.0 7.5571920905 0.0 7.6324263875 10.732515926 10.113403609
2.3059849654 1.1154552587 0.0 2.5029417715 3.9819528182 3.767292289 2.4535532094 3.4674592319 2.7634153769 0.0 2.4243583138 2.4187993161 3.6031226565 2.2010479357 1.3893740136 2.2374782502 1.7090794318 2.9849132035 0.0 1.6063431236 1.1557299437 1.6503598876 2.1803977287 1.6781086877 2.4386747031 2.9580220935 2.6498947921 3.3123684902 3.139125487 1.2951791653 2.4368467723 2.3822238998 1.4708846125 2.1436299349 1.4595503751 0.0 1.7457179568 2.2298935782 1.8005351874 2.9800968853 2.3636531682 3.3060246928 1.9623479902 3.3944515828 4.0989734725 1.5806930562 2.0336401893 1.4300371711 2.242371587 3.7570280613 2.7304819325 0.0 2.1889363492 1.7602953563 1.9191929059 0.0 1.42542369 1.9621546554 1.8012536771 1.9644879553 1.264554445 0.0 1.9134058997 7.6169068909 1.7910959466 1.8961680087 0.0 1.6719255311 0.0 4.2094929793 2.2493293003 1.6209363492 2.284543849 0.0 2.3020091293 2.1692162019
6.5299489105 3.1586788122 3.4089789421 0.0 0.0 0.0 0.0 0.0 0.0 6.1504655039 6.8651514071 6.8494097732 10.203105059 6.2327945697 3.9343453938 6.3359557334 4.8396678822 8.4524968782 4.4891207728 4.5487454114 3.2727262318 0.0 0.0 0.0 0.0 8.3763482577 7.5038119808 9.379764976 8.8891859061 3.6676101128 6.9005154694 6.745837719 0.0 6.0702017437 4.1330665745 0.0 4.9434186439 6.3144779173 5.0986467655 0.0 6.6932502433 9.3618009939 5.5568584847 9.6122029186 11.607225443 4.4761111002 5.7587394271 0.0 6.3498123889 10.638925086 7.7320137763 0.0 6.1984977107 4.9846980429 5.4346545243 0.0 4.0364286894 5.5563110109 5.1006813413 0.0 3.5808888802 8.831584576 5.4182672296 21.569096763 5.0719172936 5.3694540113 5.802366241 4.7344577109 5.5161317794 11.920187905 6.3695148209 4.590069626 6.4692332526 0.0 0.0 6.142655389
0.0 6.179476302 6.6691505653 0.0 22.059498024 20.870306756 13.592364009 0.0 15.308959907 12.032453468 13.430628105 13.399831984 19.960828455 12.193517805 7.6969503927 0.0 9.4680766121 16.536028908 0.0 8.8989308963 6.402592791 9.1427780137 12.079118358 0.0 13.50993903 0.0 0.0 18.350088386 17.390344798 7.1751232475 0.0 13.197208959 8.1485084537 11.875429587 8.0857182606 16.699190069 9.6710492507 0.0 0.0 0.0 0.0 18.314944578 10.871151314 0.0 22.707777149 8.7568328762 0.0 7.9222189686 12.422445431 20.813444277 15.126512931 10.13410022 12.126421199 9.7518061378 10.632077789 0.0 7.8966608868 10.870080264 9.9787098802 10.883006441 7.005466301 17.277656527 10.600018531 42.196668363 9.9224373811 10.504522868 11.351450025 9.2622488597 10.791475688 23.320040768 12.460990253 8.9797754582 0.0 9.0691720338 0.0 12.017174162
4.6533378362 2.2509210762 2.4292886378 5.0507847283 0.0 0.0 0.0 6.9971224796 0.0 0.0 4.8922080756 4.8809903553 7.2708830445 0.0 0.0 0.0 0.0 0.0 0.0 3.2415030225 0.0 0.0 0.0 3.3863215792 4.9210976811 0.0 5.3473270134 0.0 0.0 2.6135930219 0.0 4.8071833829 0.0 0.0 2.9452841567 0.0 3.5227529848 4.4997900306 0.0 6.0136548155 4.7697087727 0.0 0.0 0.0 8.2714799251 3.1897427417 0.0 2.8857283005 0.0 0.0 5.5099469763 3.6914228098 0.0 0.0 3.8728149134 4.9232396594 0.0 0.0 0.0 3.9642175765 2.5517941934 6.2935173343 0.0 0.0 0.0 0.0 0.0 0.0 0.0 8.4945015884 0.0 0.0 0.0 0.0 0.0 0.0
4.1348845408 2.0001339014 2.1586285775 4.4880497457 7.1400791408 6.7551692141 4.3994906245 6.217535582 4.9551075541 3.8945886223 4.3471409673 4.3371730733 0.0 3.9467209109 2.4913003409 0.0 3.0645673011 5.3522775066 2.8425943816 2.8803498067 2.0723508388 2.9592767031 3.9096928197 3.0090333522 4.3728118271 5.3040587903 0.0 5.9394408329 5.6287970836 2.3223986229 4.3695341463 4.2715893311 0.0 3.8437641234 2.6171342715 0.0 0.0 3.9984443189 3.2285575245 5.3436413186 4.238289968 5.9280657068 3.5187056681 6.0866248413 7.349910038 2.8343564161 3.6465404183 2.5642138523 4.0208187604 6.7367643256 4.896054268 3.2801416203 3.9250035048 0.0 3.441323858 4.3747151561 2.5559413736 3.5183589976 0.0 3.5225428607 2.2674851329 5.592322855 3.4309471196 13.657951385 3.2116319281 0.0 3.6741657245 2.9979462728 3.4929167644 7.5480836631 4.0332947051 2.9065170644 4.0964382622 2.935452384 4.1277554296 3.8896431129
0.0 0.0 0.0 0.0 0.0 0.5030605868 0.3276321088 0.4630227607 0.0 0.2900318224 0.3237336056 0.3229912919 0.4811384036 0.2939141381 0.1855282927 0.2987788139 0.0 0.3985865902 0.211689323 0.214500987 0.0 0.0 0.0 0.0 0.3256453264 0.0 0.0 0.0 0.0 0.1729501034 0.0 0.3181072402 0.1964127069 0.2862468984 0.0 0.402519448 0.2331122282 0.0 0.2404321774 0.3979434493 0.3156274211 0.0 0.2620396443 0.4532737771 0.547351212 0.2110758379 0.0 0.0 0.2994322394 0.5016899662 0.0 0.0 0.0 0.0 0.0 0.0 0.1903421404 0.0 0.0 0.2623254018 0.1688606703 0.0 0.0 1.017113979 0.2391717204 0.2532023846 0.0 0.2232584504 0.2601191327 0.5621092939 0.3003613288 0.0 0.0 0.2186045015 0.3073958628 0.289663528
1.4847748591 0.7182180064 0.0 0.0 2.5638950485 0.0 1.5797909247 0.0 1.7793046088 1.3984882083 1.56099295 1.5574136292 2.3199743342 1.4172081292 0.8945884888 1.4406648368 1.1004400335 1.9219223662 1.0207328961 0.0 0.7441500227 0.0 1.4039118984 1.0804986276 0.0 1.9046077503 0.0 0.0 0.0 0.0 1.5690340038 1.5338634936 0.0 0.0 0.939773561 1.9408859932 0.0 1.4357812272 0.0 1.918821241 1.521906193 2.1286792504 1.2635142919 2.1856154512 2.6392421683 1.0177747666 0.0 0.9207706343 1.4438155527 2.4190707633 1.7580994618 1.1778495298 1.4094097352 1.1334168821 0.0 0.0 0.9178001116 1.2633898077 1.159789077 1.2648921701 0.0 0.0 1.2320015168 0.0 1.1532487295 0.0 1.3193376604 1.0765174241 1.2542538844 2.710403337 1.4482954768 1.0436865702 1.4709693786 1.0540768084 1.4822149025 0.0
0.7557664141 0.0 0.3945500686 0.0 0.0 0.0 0.0 0.0 0.0 0.0 0.0 0.0 1.1808919532 0.72137422 0.0 0.0 0.0 0.9782792092 0.519564051 0.0 0.0 0.0 0.0 0.0 0.7992543157 0.0 0.8684798535 0.0 0.0 0.0 0.7986552274 0.0 0.4820695737 0.7025559721 0.4783548765 0.0 0.5721437998 0.0 0.0 0.976700703 0.0 1.0835206927 0.6431423995 0.0 0.0 0.0 0.6665077945 0.0 0.7349176855 0.0 0.0 0.0 0.0 0.576921415 0.0 0.7996022026 0.0 0.0 0.5903451466 0.0 0.414446665 1.0221542462 0.0 2.4963746486 0.5870160392 0.0 0.671557096 0.5479589773 0.0 0.0 0.7371980152 0.5312477187 0.0 0.5365364619 0.7544633686 0.0
7.3899455793 3.5746779714 3.8579427202 0.0 0.0 0.0 7.8628546869 0.0 0.0 0.0 0.0 7.7514795548 11.54685774 7.0536559026 4.4525001264 7.1704034294 5.477053919 9.56569382 5.0803396266 0.0 3.703745478 0.0 0.0 5.3778025721 7.8151738245 0.0 8.4920667734 10.615083467 10.059894953 4.1506357111 7.80931589 7.634267023 0.0 6.8696495418 0.0 0.0 0.0 7.1460969771 5.7701404163 0.0 7.5747537575 0.0 0.0 0.0 0.0 5.0656165753 6.5171675238 4.5828125634 0.0 12.040075425 8.7503228291 5.8623325094 0.0 0.0 6.1504005203 7.8185754909 0.0 6.2880792108 0.0 0.0 4.0524932602 0.0 6.1318550128 24.409754725 0.0 6.0766130758 6.566540005 0.0 0.0 13.490081028 7.2083822612 0.0 0.0 5.2462972433 7.3772042938 0.0
1.1246382846 0.0 0.5871207083 1.2206949232 1.9420146506 0.0 0.0 0.0 1.3477289643 0.0 0.0 0.0 0.0 0.0 0.6776033802 1.0912272798 0.0 1.4557543588 0.0 0.0 0.0 0.8048872567 0.0 0.0 0.0 1.4426394547 1.2923645115 1.6154556394 0.0 0.631664168 1.1884601222 1.1618203242 0.7173564321 1.0454570732 0.0 1.4701183015 0.0 0.0 0.0 0.0 0.0 1.6123617435 0.9570451284 0.0 1.9990861015 0.0 0.9918146251 0.6974349682 0.0 0.0 0.0 0.8921586101 0.0 0.8585032338 0.0 1.1898692938 0.0 0.9569508383 0.0 0.0 0.6167283669 0.0 0.0 0.0 0.8735248074 0.0 0.9993283723 0.8154049092 0.0 2.0529869163 1.0970070853 0.0 0.0 0.0 0.0 0.0
0.2876147598 0.0 0.1501501272 0.0 0.4966504207 0.0 0.3060202592 0.0 0.3446679235 0.0 0.0 0.0 0.4494006998 0.0 0.1732901468 0.0 0.2131655139 0.3722943154 0.1977254968 0.0 0.0 0.0 0.0 0.2093026773 0.0 0.3689403125 0.0 0.0 0.0 0.1615416623 0.3039365432 0.2971236868 0.0 0.2673649733 0.1820429174 0.375967747 0.0 0.0 0.0 0.0 0.294807446 0.4123450552 0.244754521 0.0 0.0 0.0 0.2536464649 0.1783618729 0.0 0.0 0.3405602885 0.2281604564 0.2730158313 0.0 0.0 0.0 0.0 0.0 0.0 0.2450214289 0.0 0.3889914165 0.0 0.9500213047 0.0 0.2365002003 0.0 0.208531481 0.2429606936 0.5250304447 0.0 0.0 0.0 0.2041845241 0.0 0.2705562292
1.3926015426 0.6736317614 0.7270117115 1.5115452287 2.4047310457 2.2750959489 1.4817191072 2.0940245265 1.6688471844 1.3116714795 1.4640880918 1.4607309715 2.1759526818 1.3292292867 0.8390533432 1.3512298257 1.032125833 1.8026113761 0.9573668338 0.9700826092 0.6979539444 0.9966646616 1.3167584725 1.0134223693 1.4727338662 1.786371634 1.6002912554 2.0003640693 1.8957413258 0.7821683708 1.4716299651 1.4386428045 0.8882782026 1.2945541271 0.881433372 1.8203977603 1.0542521119 1.3466493856 1.0873566468 1.7997027656 1.427427801 1.9965330027 1.1850766068 2.0499346619 2.4754006928 0.9545923419 1.2281304984 0.8636101277 1.3541849483 2.2688973052 1.6489584314 1.1047298263 1.3219150091 1.0630555122 0.0 0.0 0.0 1.1849598505 1.0877905481 1.1863689478 0.7636738735 1.8834570489 1.1555201129 4.5999069575 1.0816562187 1.1451100218 1.2374345173 1.0096883149 1.176391076 2.5421442483 1.3583867633 0.9788955671 1.3796530923 0.9886407898 0.0 1.3100058649
8.9955730363 4.3513550172 0.0 0.0 15.53346962 14.696085813 0.0 13.52644672 0.0 8.4728016107 9.4573436536 0.0 14.055665367 8.5862170654 5.4199032526 0.0 0.0 0.0 6.1841546288 6.2662927586 4.5084652651 6.4380007361 8.5056612734 6.5462479112 9.5131914269 0.0 10.337154187 0.0 12.245627362 0.0 9.5060607278 0.0 0.0 0.0 0.0 0.0 6.8099894914 0.0 7.0238297411 11.625261912 0.0 0.0 7.6550562701 13.241646233 0.0 0.0 7.9331648415 0.0 0.0 0.0 0.0 7.1360525847 8.5389701567 6.8668554568 7.4867096773 9.5173321797 0.0 7.6543020774 7.0266325462 7.663404205 4.9329861378 12.166276516 7.4641347523 29.713308315 6.9870075668 7.3968902951 7.9932645751 6.5221276167 7.5989516885 0.0 0.0 6.3232204614 0.0 6.3861701708 0.0 8.4620424976
5.3300501243 0.0 0.0 5.7852957848 0.0 0.0 5.6711391379 0.0 6.3873540782 5.020297995 5.6036581008 5.590809042 0.0 0.0 0.0 5.1717038076 0.0 6.899323816 0.0 0.0 0.0 0.0 0.0 3.8787778557 0.0 6.8371677456 6.1249627721 0.0 7.2557698525 0.0 5.6325239047 0.0 0.0 0.0 0.0 6.9673995122 0.0 0.0 4.16175428 0.0 0.0 0.0 0.0 0.0 9.474361019 0.0 4.7005528251 3.3053857313 0.0 0.0 0.0 0.0 5.0595041318 0.0 0.0 0.0 0.0 0.0 0.0 4.540714457 0.0 0.0 0.0 17.605706945 0.0 0.0 4.7361630738 3.8644861171 4.5025251008 0.0 5.1990963066 0.0 0.0 3.7839287142 5.3208603827 0.0
2.8402514358 1.3738916115 1.4827615755 3.0828405504 4.9045190575 4.6401244992 3.0220093063 0.0 3.4036624738 2.6751922132 0.0 2.9792033918 4.4379189162 2.7110018727 1.7112737491 2.7558726133 2.1050507193 3.6764784416 1.9525775615 0.0 1.4234974126 2.0327266268 2.6855672836 2.06690446 3.0036836453 0.0 3.2638406585 4.0798008231 3.8664196885 1.5952551898 3.0014322069 2.9341539313 0.0 2.6402808742 1.797709053 0.0 2.15017791 2.7465306722 2.2176955738 3.6705462456 2.9112806048 4.0719872511 2.4169982806 0.0 5.0486518625 1.9469189044 2.5048079472 1.7613580267 2.761899672 4.6274821847 3.3630987823 2.2531286798 2.6960841905 0.0 2.3638447294 3.0049910416 1.7556756626 2.4167601527 2.2185805282 2.4196340476 1.5575351236 3.8413655475 2.3567169497 9.3816443115 2.2060693847 2.3354852655 2.523783765 2.0592887471 2.3992838874 5.1847772894 2.7704693962 1.9964860406 2.813842694 2.0163617063 2.8353544505 2.6717951437
0.0 1.1374981122 1.2276357748 0.0 4.0606414089 3.8417389071 2.5020386267 0.0 0.0 2.214895314 0.0 2.4665979511 3.6743250682 2.244543519 1.4168298596 2.2816937441 1.7428530746 3.0438989886 1.6166146379 0.0 1.1785686775 0.0 0.0 0.0 0.0 3.0164764752 2.7022601757 0.0 3.2011587084 1.3207735979 0.0 2.4292997568 0.0 0.0 1.4883929976 3.07393317 1.7802156247 0.0 1.8361161153 3.0389874937 2.4103620433 3.3713560605 0.0 3.4615303814 0.0 0.0 0.0 0.0 0.0 3.831271845 0.0 1.865452557 2.2321925917 1.7950810926 0.0 2.4879485458 1.4535919247 0.0 0.0 0.0 0.0 0.0 0.0 0.0 0.0 1.9336387662 2.0895383917 0.0 1.9864601178 4.2926780609 2.2937789864 1.6529681695 2.3296894206 1.6694240035 2.3474998376 0.0
6.1887320834 0.0 3.2308456987 6.7173187495 10.686643465 10.110544087 0.0 0.0 7.4163698633 5.8290782537 0.0 6.4914997953 9.6699506369 0.0 3.7287595813 0.0 4.5867752269 0.0 4.2545456532 0.0 0.0 0.0 5.85168489 4.5036568888 0.0 7.9386494312 7.1117067821 0.0 0.0 3.4759623216 6.5399350076 6.3933398091 3.9475152391 5.7530086068 3.9170967588 8.0898618013 0.0 5.9845203404 0.0 7.9978930836 6.3435002464 8.8726081878 5.2664896553 0.0 0.0 4.2422157898 5.4578214839 3.8378901224 0.0 10.082997266 7.3279840903 4.9094279377 5.8746005791 4.7242269621 5.1506713571 0.0 3.8255086027 5.2659707893 0.0 0.0 0.0 8.3700977698 5.1351403663 0.0 4.8068886464 5.0888778405 0.0 0.0 0.0 0.0 0.0 4.3502195115 6.1311890696 4.3935273569 0.0 5.8216762495
1.6216506925 0.7844278345 0.8465874906 1.7601577278 2.8002509306 2.6492940071 1.7254259333 2.438440731 0.0 0.0 0.0 0.0 2.5338440791 1.5478552388 0.9770572511 1.5734743324 1.2018854788 2.0990971911 0.0 1.1296376507 0.8127504262 1.1605918056 1.5333332783 1.1801057493 1.7149628382 2.0801864056 1.8635003217 2.3293754021 2.2075447569 0.9108160815 1.7136773722 1.6752646243 1.034378405 1.5074768572 1.0264077659 2.1198090038 1.2276509935 1.5681405211 1.2662004208 2.0957101847 1.662205025 2.324914218 0.0 0.0 2.8825440192 1.1115996105 1.4301281538 0.0 1.576915501 0.0 1.9201720667 1.2864310666 0.0 0.0 1.3496447512 0.0 1.0024086665 1.3798569824 0.0 0.0 0.0 0.0 1.3455751225 5.3564799944 1.2595624107 1.3334528241 1.440962458 1.1757575336 0.0 2.9602652695 0.0 0.0 1.6065725365 1.1512482016 1.6188547431 0.0
2.9410550064 1.4226524988 1.5353863747 3.1922538691 5.0785857008 4.8048074959 3.1292636588 4.4224001833 3.5244621066 2.770137655 3.0920284664 3.0849385165 4.5954254198 2.8072182378 1.7720086904 2.853681489 2.1797612278 3.8069606058 2.021876634 2.0487312609 1.474018863 2.1048702756 2.7808809478 2.1402611168 3.1102876004 3.7726636634 3.3796778652 4.2245973315 4.0036430714 1.651872508 3.1079562561 3.0382902022 1.8759673711 2.7339872751 1.861511676 3.8445239237 2.2264900309 2.8440079924 2.2964039691 3.8008178699 3.0146050769 4.2165064474 2.5027801427 4.3292861712 5.2278339336 2.0160171452 2.5937062686 1.8238705128 2.8599224545 4.7917164921 3.4824587663 2.333094634 2.7917711109 2.2450820574 2.447740115 3.1116413976 1.8179864755 2.5025335634 2.2973203314 2.5055094559 1.6128137161 3.9776997321 2.4403593627 9.7146089334 2.284365154 2.4183741432 2.6133555585 2.1323751141 2.4844370467 5.368790598 2.8687963274 2.0673434721 2.9137089901 2.0879245466 2.935984222 2.7666200199
12.840353082 6.2111590422 6.7033439103 13.937062284 0.0 0.0 0.0 19.307758507 0.0 12.094144957 13.499488163 0.0 20.063169448 12.256035086 7.7364133614 0.0 9.516620307 0.0 8.8273119038 8.944556529 6.4354194699 9.1896538729 0.0 0.0 13.579205723 16.471073608 14.755336774 18.444170968 0.0 7.2119107606 13.569027306 13.264872257 0.0 0.0 8.1271744777 0.0 9.7206336048 0.0 0.0 16.593992068 13.16146536 18.408846974 10.926888701 18.901232009 22.824202 8.8017299594 11.323863106 7.9628369099 12.486136445 20.920156709 0.0 10.186058679 12.18859447 0.0 0.0 0.0 7.9371477895 10.92581216 0.0 10.93880461 7.0413839675 17.366240652 10.654365796 0.0 0.0 10.558380518 11.409649947 0.0 10.846804571 23.43960475 12.52487889 9.0258155883 12.720963099 9.1156705083 12.818214542 12.078787313
2.3938789135 1.1579714798 1.2497314937 0.0 4.1337272485 3.9108848093 2.5470718063 3.5996234421 2.8687445492 2.2547603174 2.5167641304 2.5109932483 3.7404577565 2.2849421484 1.4423308062 2.3227610254 1.774221981 0.0 1.6457114298 1.6675698191 1.1997812576 1.7132643074 2.2635048468 1.742070769 2.5316261971 3.0707688132 2.7508970618 3.4386213273 3.2587750671 1.3445456668 0.0 2.4730237389 1.5269482285 0.0 1.5151819802 3.1292596477 1.8122570045 2.3148872592 1.8691636254 3.0936849984 2.4537451732 0.0 2.0371440166 3.5238330643 4.2552082126 1.6409420846 0.0 1.4845438633 0.0 3.9002293547 2.8345558276 1.8990280818 2.2723689218 1.8273900299 1.9923440514 2.5327281237 1.4797545368 2.0369433128 1.8699095008 2.0393655477 1.3127536676 3.2376584226 1.9863364701 7.907229694 1.8593646025 1.9684415469 2.1271471466 1.7356519379 2.0222136087 4.3699402342 2.335063785 1.6827192739 2.3716205566 1.6994712897 0.0 2.2518971297
0.0 0.0 0.0 3.617695592 5.7554248055 5.4451593173 0.0 5.0117873782 3.9941782673 0.0 3.5041128344 0.0 5.2078722328 3.18134505 0.0 0.0 0.0 0.0 2.2913384983 0.0 0.0 0.0 3.1514977064 0.0 0.0 4.2754584269 0.0 0.0 0.0 0.0 3.5221633708 0.0 0.0 3.0983543663 0.0 4.3568957303 2.5232213667 0.0 0.0 0.0 3.416370986 0.0 0.0 4.9062637686 0.0 0.0 2.9393776685 2.0669434779 0.0 0.0 3.9465770095 0.0 0.0 0.0 0.0 3.5263396427 0.0 2.8360540899 2.6034914443 0.0 1.8277584775 4.507820298 0.0 0.0 2.5888096897 0.0 0.0 2.4165634587 0.0 6.0843062229 0.0 0.0 3.3020281601 0.0 3.3272720822 3.1353361797
4.3893302897 0.0 2.2914627254 4.7642279961 7.5794536301 7.1708577471 4.6702192689 0.0 5.2600268426 4.1342474346 4.6146482043 0.0 6.8583688319 0.0 2.6446058987 4.2589310874 0.0 0.0 3.0175172964 3.0575960529 2.1998757687 0.0 4.1502810894 3.1941983156 4.6418987554 5.6304512681 5.0439459277 0.0 5.9751727743 2.4653105835 0.0 4.5344473953 2.7997573613 4.080295381 2.7781831915 5.7376979589 3.322889273 4.2444940329 0.0 5.6724695612 4.4990989105 6.2928572997 3.7352340112 6.4611735864 7.8021967572 0.0 0.0 2.7220062422 4.2682453161 7.1513202888 5.1973396321 3.4819896 0.0 3.3506366442 3.6530904061 4.6439192083 2.7132247053 3.7348660078 3.4285988169 3.7393073307 2.4070179171 5.9364540544 0.0 14.498412015 3.4092640706 3.6092636334 3.9002605138 3.1824289776 3.7078581522 8.0125652662 4.2814889851 3.0853735484 4.3485181669 3.1160894423 4.3817624788 4.1289975966
0.0 0.0 0.0 0.0 13.020222349 12.31832357 8.022648632 11.337926953 9.0358385171 0.0 0.0 0.0 0.0 0.0 4.5429866723 7.3161249387 5.5883621001 0.0 5.183585527 0.0 3.7790153546 0.0 7.1294825761 5.487093704 7.9739987688 9.6721651732 0.0 10.83080996 10.264338551 4.2349875758 0.0 7.7894154639 4.8095107043 7.0092589388 4.772449921 9.8563968908 5.708163053 7.2913245152 5.887404888 0.0 0.0 10.810066958 0.0 0.0 13.402857454 5.1685632644 6.6496135566 0.0 7.332125212 12.284761513 8.9281524676 5.9814705676 7.1574022282 5.7558283546 6.2753928802 7.9774695659 4.660862203 6.4158695649 5.8897542116 0.0 0.0 10.197826324 0.0 24.905825321 5.8565403801 6.2001058803 6.6999894169 0.0 6.3694746263 0.0 7.3548756005 5.3001511176 0.0 5.3529158401 7.5271285421 7.092921127
1.6180333182 0.0 0.8446990298 1.7562313894 2.7940044832 2.6433842954 1.7215770703 2.4330013643 1.9389970962 1.5240024454 1.7010919784 0.0 0.0 1.5444024781 0.9748777547 1.5699644239 1.1992044639 2.0944147892 0.0 1.1271177972 0.8109374449 1.1580029034 1.5299129114 1.1774733179 1.7111373149 2.0755461875 1.8593434597 2.3241793246 2.2026204439 0.9087843476 0.0 1.6715276548 0.0 0.0 1.0241181846 0.0 1.2249125041 1.5646425106 0.0 2.0910353382 1.6584971872 2.3197280919 1.3769146277 0.0 2.8761140027 1.109119994 1.4269380039 1.0034097463 1.5733979163 2.6361822267 1.9158887885 1.2835614581 0.0 0.0 0.0 1.7118821119 1.0001726193 1.3767789711 1.2638800807 1.3784161703 0.8872959952 2.1883476108 1.3425735828 5.3445314329 1.2567527374 1.3304783253 1.4377481403 1.1731348016 1.3668230991 2.9536618822 1.5782799134 0.0 1.6029887966 1.1486801419 1.6152436056 1.5220672042
4.3793568979 2.1183905164 0.0 0.0 0.0 0.0 0.0 0.0 0.0 4.1248536396 0.0 0.0 6.8427853159 4.1800682158 2.638596852 0.0 3.245757848 0.0 3.0106609242 0.0 2.1948772333 0.0 4.1408508628 0.0 0.0 0.0 5.0324851249 0.0 5.9615960474 0.0 4.6278800086 4.52414427 2.7933957811 0.0 2.7718706319 0.0 3.3153390377 4.2348497366 3.4194438867 5.6595806334 0.0 0.0 0.0 0.0 0.0 3.0019358943 3.862139747 2.7158213272 0.0 0.0 0.0 3.4740778586 4.1570667823 0.0 0.0 4.6333673422 0.0 0.0 3.4208083895 3.7308109146 2.4015487154 0.0 0.0 14.465468871 3.4015175754 0.0 0.0 0.0 3.6994331945 7.9943591967 4.2717606293 3.078362994 0.0 0.0 4.3718062826 0.0
5.0664804296 0.0 2.644970938 0.0 8.7487500257 8.2771192965 0.0 7.6183559748 0.0 4.7720454686 0.0 0.0 0.0 4.8359232425 3.0525941648 4.9159643001 0.0 6.5581539154 3.4830352968 3.5292970775 2.5392546913 0.0 0.0 3.6869732251 0.0 0.0 5.8220848385 7.2776060482 0.0 0.0 5.3539969545 0.0 0.0 0.0 0.0 0.0 0.0 0.0 3.9559565334 6.5475719808 0.0 7.2636680886 0.0 0.0 0.0 3.4729413048 0.0 0.0 4.9267154523 8.2545677582 5.9991428748 4.0191626058 0.0 3.8675455854 4.2166594512 5.3603452538 3.1317989222 0.0 3.9575351273 4.316177221 0.0 6.8522818524 4.2039448175 0.0 0.0 0.0 4.5019609507 3.6733882095 4.2798763192 9.2486785986 4.9420022467 3.5613598589 5.0193721448 3.5968143508 0.0 0.0
1.8029400317 0.8721214447 0.0 1.9569311962 3.1132996303 0.0 1.9183166271 2.7110415511 2.1605831269 1.6981634347 1.895490526 1.8911442099 2.8171103342 1.7208947563 1.0862854987 1.7493778875 1.3362479683 2.3337617488 1.2394607767 1.2559233324 0.9036103064 1.2903379478 1.704749341 1.3120334156 1.9066838303 2.3127368682 2.0718267778 2.5897834722 2.454333003 0.0 1.9052546581 1.8625476305 1.1500147614 1.6760023507 1.14115306 2.356788999 1.3648938894 1.743447793 1.4077528763 2.3299960986 1.8480280582 2.5848235586 1.5342666152 2.6539603406 3.2047925174 1.235868764 1.5900065969 1.1180780886 1.7532037549 2.9374416545 2.1348340322 1.4302451685 1.7114252825 1.3762912651 1.5005257062 0.0 1.1144710271 1.5341154559 1.4083146292 1.5359397522 0.9886950112 2.4384290893 0.0 5.9552974356 1.4003727826 1.4825236335 1.6020521014 1.3071990994 1.52302184 0.0 1.7586436602 1.2673330818 1.786176242 1.2799497935 0.0 1.6960070367
0.3833690085 0.1854439569 0.200138913 0.4161129928 0.6619979431 0.6263107225 0.4079021656 0.5764636057 0.4594166177 0.3610897872 0.4030485268 0.4021243458 0.5990175917 0.3659232725 0.2309828321 0.3719797966 0.2841337203 0.4962405361 0.26355333 0.2670538533 0.192139606 0.2743716214 0.3624901845 0.2789848475 0.4054286203 0.4917699006 0.4405438693 0.5506798366 0.0 0.2153229791 0.4051247276 0.3960436986 0.2445339341 0.3563775546 0.242649622 0.5011369463 0.2902248594 0.3707188481 0.2993382004 0.4954398252 0.3929563224 0.549625183 0.3262395092 0.5643261154 0.6814525766 0.2627895406 0.3380918067 0.2377430645 0.3727933117 0.624604299 0.4539414467 0.3041208596 0.3639097264 0.2926483458 0.319064995 0.405605089 0.2369760753 0.3262073674 0.299457649 0.3265952775 0.2102316325 0.5184965256 0.3181029077 1.2663074941 0.2977689306 0.3152371158 0.3406531082 0.2779569003 0.0 0.699826397 0.3739500286 0.2694799708 0.3798044322 0.2721627312 0.3827080275 0.3606312604
0.0 0.0 0.0 0.0 6.7029356368 0.0 4.1301366427 0.0 4.6517365359 0.0 4.0809920357 4.0716344151 0.0 0.0 2.3387732135 0.0 0.0 0.0 2.6685596624 0.0 0.0 0.0 0.0 2.8248085898 4.1050912253 4.9793236159 4.4606440726 5.5758050907 5.2841801638 2.1802123177 4.1020142169 0.0 2.4759823475 0.0 2.4569031 5.0741678753 0.0 3.7536439566 3.0308926358 5.0164827474 0.0 5.5651263943 3.3032767779 5.7139779199 0.0 0.0 0.0 0.0 3.7746485475 0.0 4.5962987224 0.0 0.0 0.0 0.0 0.0 0.0 3.3029513319 3.0321020901 0.0 0.0 5.2499390298 3.2208911502 0.0 3.0150032904 0.0 3.4492189631 0.0 3.2790667715 0.0 3.7863606663 0.0 3.8456383284 0.0 0.0 3.651503985
1.6453487368 0.7958910958 0.858959124 1.7858798491 2.8411724872 0.0 1.7506405004 2.4740749627 1.9717309817 1.5497304476 0.0 1.7258431686 2.5708724907 0.0 0.9913355085 1.59646835 1.2194492707 2.1297724151 0.0 1.1461456467 0.8246275806 0.0 0.0 1.1973512625 1.7400245025 0.0 1.8907326433 2.3634158041 2.2398047829 0.9241263215 1.7387202514 1.6997461576 0.0 1.5295064185 1.0414072087 2.1507869005 0.0 1.5910565928 1.2847040812 2.1263359126 0.0 2.3588894264 1.4001595133 2.4219831039 2.9246681685 1.127844007 0.0 0.0 0.0 0.0 1.9482325627 0.0 1.5618331044 1.255992465 1.369367828 1.7407818731 0.0 1.4000215666 1.2852167324 0.0 0.0 0.0 1.3652387276 5.4347570863 1.2779690663 1.3529392796 1.4620200091 1.192939504 1.3898976209 3.0035252008 1.6049242205 0.0 1.6300502357 1.168072004 0.0 1.5477625359
1.6182854608 0.0 0.8448306616 1.7565050678 2.7944398807 0.0 1.7218453484 0.0 1.9392992555 1.5242399349 1.7013570643 1.6974558918 2.5285858738 1.5446431466 0.9750296726 1.5702090758 1.1993913393 2.0947411677 1.1125169551 1.1272934391 0.0 1.1581833582 1.530151322 1.1776568068 1.7114039662 2.0758696256 1.8596332063 2.3245415079 2.2029636843 0.908925966 1.7101211678 1.6717881336 0.0 1.5043485578 0.0 0.0 1.2251033856 1.5648863332 0.0 2.09136119 1.6587556354 2.3200895816 1.3771291961 2.382145472 2.8765621955 1.1092928312 1.4271603676 1.0035661104 0.0 2.6365930303 1.9161873467 1.283761479 1.536143523 1.2353334582 1.3468439833 1.7121488793 1.000328479 1.3769935183 1.2640770346 1.3786309727 0.887434265 2.188688627 1.3427827998 0.0 0.0 1.3306856575 1.4379721886 1.1733176145 1.3670360949 2.9541221595 1.5785258612 1.1375346181 0.0 1.148859144 1.6154953135 1.5223043921
0.0 0.0 0.0 4.9922727294 7.9422520695 7.5140983191 0.0 6.9160626751 5.5118035039 0.0 4.8355331451 4.8244453791 0.0 0.0 2.7711927134 4.4627892581 3.4088650152 5.9535946682 3.1619539035 0.0 2.3051751128 0.0 0.0 3.3470919436 0.0 5.8999586802 0.0 0.0 0.0 2.5833152413 4.8604421508 4.7514934409 0.0 4.2756029676 0.0 0.0 3.4819428277 4.4476611589 0.0 0.0 4.7144529641 6.5940714661 0.0 6.7704443871 8.1756570283 0.0 0.0 0.0 0.0 7.49362568 0.0 0.0 0.0 3.5110183557 0.0 0.0 0.0 3.9136392579 3.592712269 0.0 2.5222323358 6.2206086085 3.8164068386 0.0 3.5724520449 3.782024795 4.0869505441 0.0 3.8853386431 0.0 0.0 3.2330581657 4.5566645164 3.2652443077 4.5915001019 0.0
0.4563098864 0.2207270516 0.2382179118 0.4952838342 0.7879515544 0.7454743817 0.4855107917 0.6861432107 0.5468265299 0.429791757 0.4797336857 0.0 0.7129883822 0.435544875 0.2749302826 0.4427537306 0.33819381 0.0 0.0 0.3178642789 0.2286966338 0.3265743463 0.4314585978 0.3320652979 0.4825666226 0.5853354404 0.5243629987 0.6554537484 0.6211723041 0.2562909414 0.4822049104 0.471396099 0.2910596558 0.4241829616 0.0 0.5964846869 0.3454438665 0.4412528705 0.0 0.5897036154 0.4677213099 0.6541984334 0.0 0.6716964071 0.8111076817 0.312788626 0.4024181153 0.0 0.4437220274 0.0 0.5403096373 0.3619837592 0.4331482259 0.3483284523 0.3797712084 0.4827766667 0.2820638173 0.3882725088 0.3564333129 0.3887342238 0.2502309008 0.6171471491 0.3786260716 1.5072387591 0.3544232942 0.3752150259 0.4054667374 0.3308417707 0.3854648022 0.8329773575 0.4450988245 0.3207519964 0.4520671035 0.3239451865 0.4555231452 0.4292459896
0.0 0.0 2.2938537851 4.7691992983 7.58736252 7.1783402817 4.6750924763 6.6070271087 5.2655154932 4.1385613746 4.6194634253 4.6088711022 0.0 4.1939594402 2.6473654507 0.0 0.0 5.6875657747 3.0206659682 3.0607865454 2.2021712607 3.1446577413 4.1546117599 3.1975313477 0.0 0.0 5.0492091056 6.311511382 0.0 0.0 0.0 4.5391789296 2.8026788084 4.0845530239 2.7810821267 5.7436850424 3.3263565896 4.2489230112 3.4308074004 5.6783885811 4.5037935599 6.2994236721 3.7391315948 6.4679155908 0.0 3.0119119432 0.0 0.0 4.2726990781 7.1587824368 0.0 3.4856229321 0.0 3.3541329142 3.6569022758 4.6487649726 2.7160558586 3.7387632075 3.4321764376 3.7432091647 2.4095295546 5.9426485328 3.6458754966 14.513540592 3.4128215162 0.0 0.0 3.1857497289 3.7117271701 8.0209260926 4.2859565664 0.0 4.3530556907 3.1193409706 0.0 0.0
1.2832608498 0.6207412818 0.6699300828 1.3928656226 0.0 2.0964658385 1.3653813115 1.9296113145 1.5378169494 1.2086850444 1.3491346026 0.0 2.0051068465 1.224864293 0.7731747189 1.2451374505 0.0 1.6610785896 0.8821987762 0.8939161672 0.0 0.9184111187 1.21337263 0.9338530879 1.3571015504 0.0 0.0 0.0 0.0 0.7207560939 1.3560843226 1.3256871627 0.8185346678 1.1929116682 0.0 1.6774684684 0.9714770661 1.2409166456 1.0019823846 1.6583983498 1.3153527099 1.8397743785 1.0920298212 1.8889831842 2.2810435716 0.8796421247 0.0 0.7958034171 1.2478605505 2.0907538839 1.5194897701 1.0179915017 1.218124299 0.0 1.068014387 1.3576922483 0.7932360545 1.091922232 1.002382218 1.0932206934 0.7037136998 0.0 0.0 4.2387433379 0.9967295281 1.0552012292 0.0 0.9304122143 0.0 2.3425467289 1.2517324582 0.902037172 1.2713290525 0.9110172445 0.0 1.2071502063
2.6067825977 0.0 1.3608784852 0.0 4.5013672973 4.2587059875 2.7735999604 3.9197620624 0.0 2.4552912531 2.7405968199 2.7343126946 0.0 2.4881573565 1.5706069444 2.5293397194 0.0 0.0 0.0 0.0 1.3064858401 1.8656363763 2.4648134921 0.0 2.7567806697 0.0 0.0 3.7444409512 3.5485997586 1.4641251177 2.7547142998 2.6929663024 0.0 2.4232496282 0.0 0.0 0.0 2.5207656865 2.0354008649 3.3688271244 2.6719731647 3.7372696552 2.2183208772 0.0 4.633652377 1.7868820539 2.298912584 1.6165742914 2.5348713536 0.0 0.0 2.0679213674 2.4744659086 0.0 2.1695365511 0.0 1.611359018 2.2181023234 2.0362130759 2.220739984 0.0 0.0 2.1629946753 8.6104725872 2.0247303492 0.0 0.0 0.0 2.2020626082 4.7585882857 2.5427366459 0.0 0.0 1.8506166533 0.0 0.0
0.0 0.0 1.7017324299 0.0 5.6288072682 0.0 3.4682927619 4.9015296307 3.9063076004 3.0702585099 0.0 3.4191653674 5.09330068 3.1113564585 0.0 3.1628536078 2.415919818 4.2194124093 2.2409297713 2.2706938686 1.6337162703 0.0 3.0821657471 0.0 3.4472608089 0.0 3.7458372177 4.6822965222 4.4374037473 1.8308388451 3.4446768833 0.0 0.0 3.0301915438 2.063190634 4.2610453932 0.0 3.1521320702 0.0 4.2126041602 3.3412118978 4.6733290596 2.7739350851 4.7983275073 5.7942252777 2.2344354566 2.8747122834 2.0214713709 3.1697707289 0.0 3.8597535553 2.5858655946 3.0942357668 0.0 2.7129319384 3.4487612786 2.0149498482 0.0 0.0 2.7769600961 1.7875483653 4.4086496678 0.0 10.767104189 2.53185669 0.0 2.8964904067 2.3633998219 2.7536046706 5.9504533978 0.0 2.2913225546 3.2293845781 2.3141334134 3.2540731419 3.0663597689
0.0 0.0 0.0 2.3341371405 0.0 3.513216708 0.0 0.0 0.0 0.0 0.0 2.255669462 3.3601190847 0.0 0.0 0.0 0.0 0.0 1.4783715639 0.0 1.0777846359 1.5390555036 2.0333462718 0.0 0.0 0.0 0.0 3.088974104 0.0 0.0 0.0 0.0 1.3716844884 1.9990581896 1.3611146603 2.8110690583 0.0 0.0 1.679102607 0.0 2.2042425077 3.0830581481 1.8300023511 3.1655213082 0.0 1.4740871771 1.8964864266 1.3335919002 0.0 0.0 2.546331426 1.7059303742 0.0 1.6415766504 0.0 2.2751942834 0.0 1.8298220553 0.0 1.8319979916 0.0 2.9084455871 0.0 0.0 1.6702999721 0.0 1.910853748 0.0 1.8165901027 3.9255942817 2.0976289264 0.0 0.0 0.0 0.0 2.0229188551
0.0 0.0 0.0 1.3239838226 0.0 0.0 0.0 1.8341856694 1.461766828 1.1489115816 0.0 0.0 1.9059476982 0.0 0.0 1.1835612959 0.9040536001 0.0 0.0 0.0 0.6113477214 0.0 0.0 0.887670972 1.2899884017 0.0 1.4017177212 0.0 0.0 0.6851123273 0.0 0.0 0.7780554282 0.0 0.7720599444 1.5945121188 0.0 1.1795492237 0.9524310502 0.0 0.0 1.7487914662 0.0 1.795566734 2.1682384419 0.8361409198 1.0757368558 0.7564483128 0.0 1.987359207 0.0 0.0 0.0 0.9311453431 1.0151975523 0.0 0.7540079148 0.0 0.9528111105 0.0 0.0 0.0 0.0 0.0 0.9474379648 1.0030180474 0.0 0.8844002609 0.0 2.2267000652 0.0 0.8574284581 0.0 0.0 0.0 1.1474526462
1.7530345697 0.0 0.0 1.9027632518 3.0271233551 2.8639361122 1.8652175357 2.6359997978 0.0 1.6511581937 1.8430232621 1.8387972523 2.7391325921 1.6732603112 0.0 1.7009550281 0.0 0.0 0.0 1.2211593175 0.0 1.2546213348 0.0 1.2757162711 0.0 2.2487202066 0.0 2.518098148 2.386396954 0.0 1.8525171226 0.0 0.0 0.0 1.1095658914 2.2915529725 1.3271135646 1.6951890788 1.3687862127 2.2655017007 0.0 2.5132755251 0.0 2.5804985978 0.0 1.2016598604 0.0 1.0871296363 1.7046749953 2.856133136 2.0757417292 1.3906559173 1.6640529529 1.3381954604 1.4589910864 0.0 1.0836224184 1.4916510704 1.3693324163 0.0 0.9613278883 2.3709332613 1.454591742 5.7904545321 0.0 1.4414873119 1.5577072265 1.271015769 1.4808645263 0.0 1.7099643238 1.2322532445 1.7367348024 1.244520725 0.0 0.0
3.9509930862 1.9111815911 2.0626275053 4.2884519121 0.0 6.4547453737 4.2038312965 0.0 4.7347381757 3.7213838907 0.0 0.0 6.1734629315 0.0 2.3805042983 0.0 0.0 0.0 2.7161751768 2.7522514981 1.9801868119 2.8276682647 3.7358163564 2.8752120774 0.0 0.0 4.5402360206 0.0 5.378466591 0.0 0.0 4.08161818 2.5201616756 0.0 0.0 5.1647070214 2.9910514081 3.8206207944 3.0849733123 5.105992609 0.0 5.6644257876 3.3622176459 5.8159332936 7.0230361833 0.0 3.4843671786 0.0 0.0 0.0 4.6783111768 3.1342632994 3.7504461268 3.0160278088 3.2882772508 0.0 2.4422705389 3.3618863929 3.0862043471 3.3658841864 0.0 5.3436144873 0.0 13.050538887 3.0688004509 3.2488272061 3.5107638996 2.8646180757 3.3375756566 0.0 3.8539212733 2.7772550147 3.9142566357 2.8049034887 0.0 3.7166583238
13.036724531 6.3061481985 6.8058602004 14.150206043 22.511691432 21.298123161 13.870991266 19.603037968 15.622775332 12.279104418 13.705939968 13.674512563 20.370001639 12.443470382 7.8547286988 12.649426614 9.6621608941 16.874997785 8.9623106865 9.0813483696 6.5338383095 9.3301940622 12.326725883 9.4870699607 13.786876672 16.722970778 14.980994655 18.726243319 17.746826132 7.3222047193 13.776542593 13.467736008 8.3155431617 12.118861735 8.2514658445 17.041503555 9.8692942297 12.606547202 10.179199604 16.847769068 13.362747678 18.690379105 11.093996954 0.0 23.173259507 8.9363375096 11.49704241 8.084615012 12.677090751 21.240095069 15.436588411 10.341837192 12.374998376 9.9517065367 10.850022707 13.792877608 8.0585330199 11.09290395 10.183261535 11.106095097 7.1490700077 17.631827886 0.0 43.061649754 10.125835517 10.719853063 11.584141216 9.4521139181 11.012688073 23.7980738 12.716425696 9.1638501486 12.915508681 9.2550792475 13.01424742 12.263511904
0.0 0.0 0.0 0.0 0.0 0.0 0.0 0.0 0.0 5.7250456348 0.0 0.0 0.0 5.8016801039 0.0 5.8977057412 0.0 0.0 4.1786140038 0.0 3.0463559247 4.3501370272 0.0 4.4232793059 0.0 0.0 6.9847828588 0.0 0.0 0.0 6.423215599 6.2792367117 0.0 0.0 0.0 7.9454805676 4.6014886695 0.0 4.7459798596 0.0 6.2302866447 0.0 0.0 0.0 0.0 0.0 5.3604147521 3.7693945999 5.9106039495 0.0 0.0 4.8218084851 0.0 0.0 0.0 0.0 3.7572340555 5.1719880517 0.0 5.178138331 0.0 0.0 0.0 0.0 4.7210992312 0.0 0.0 0.0 0.0 11.095683683 0.0 4.2725803534 0.0 0.0 6.0678008631 0.0
0.0 0.0 0.0 0.8110324528 0.0 0.0 0.7950289936 0.0 0.8954341555 0.7037884921 0.0 0.0 0.0 0.0 0.45020121 0.7250138594 0.0 0.0 0.0 0.5205060775 0.0 0.5347689039 0.0 0.0 0.790207886 0.9584928988 0.0 0.0 1.0171761375 0.0 0.0 0.0 0.4766132272 0.6946040311 0.4729405751 0.0 0.5656679403 0.7225561853 0.0 0.9656458309 0.0 1.0712567693 0.0 1.0999098839 1.3281973026 0.0 0.0 0.4633773617 0.0 0.0 0.0 0.5927521874 0.0 0.5703914797 0.6218793213 0.0 0.0 0.0 0.0 0.6365563526 0.0 0.0 0.6200041478 2.4681192144 0.0 0.0 0.6639560184 0.0 0.0 1.3640091252 0.0 0.5252347451 0.0 0.5304636272 0.7459239092 0.0
8.3059640556 4.0177761016 0.0 9.0153859193 0.0 0.0 8.8374924691 12.489496756 9.9535899563 0.0 0.0 8.7123118661 12.97814501 7.9279896935 0.0 0.0 0.0 10.751406514 5.7100715934 0.0 4.1628421321 5.9444576225 0.0 0.0 8.7839013398 0.0 9.5446983501 11.930872938 11.306866199 4.6651265093 8.7773172868 0.0 5.2980027642 0.0 0.0 0.0 6.2879293744 8.0318892735 6.485376432 0.0 8.5136800758 11.908023113 0.0 12.226529339 14.764157979 0.0 7.3250010594 0.0 8.0768340127 13.532499345 9.8349664574 6.5889961683 7.8843647767 0.0 6.9127715625 8.7877246587 0.0 0.0 6.4879643715 7.0759205237 0.0 11.233598463 6.8919272523 27.435458513 6.4513770798 0.0 7.3804934917 0.0 7.016408997 0.0 0.0 0.0 0.0 0.0 0.0 0.0
0.0 1.3602074683 1.467993073 0.0 4.8556693953 0.0 2.9919096916 4.2282860798 0.0 2.6485469429 2.9563088778 2.9495301297 4.3937166534 0.0 1.6942292349 0.0 2.0840841341 3.6398602272 1.9331296292 1.9588055157 1.409319189 2.0124803992 2.6588186762 2.0463178166 0.0 3.6070686936 0.0 4.0391654642 3.8279096341 1.5793662359 2.9715375428 2.9049293678 1.7936248174 0.0 1.7798036317 0.0 2.128761852 2.7191748614 0.0 3.6339871167 2.8822838627 0.0 2.3929246562 4.1392591566 4.9983666183 1.9275273332 2.4798597269 1.7438146665 2.7343907839 4.5813918465 3.329601871 2.2306872184 2.6692308333 2.1465378115 2.3403005215 2.9750609311 1.7381888995 2.3926889001 0.0 2.3955341706 0.0 3.8031050357 2.3332437354 0.0 2.1840966402 0.0 2.498646543 2.0387779573 2.3753867007 5.1331362179 0.0 1.976600774 2.7858164464 1.9962784755 2.807113943 2.6451837087
0.0 3.7284563925 0.0 0.0 0.0 0.0 0.0 11.590129176 9.2368328055 0.0 8.1035202281 8.0849390431 12.043589912 0.0 0.0 0.0 5.7126703048 0.0 5.2988898324 0.0 0.0 0.0 7.2880716517 0.0 8.151373365 9.887313989 8.8573854485 0.0 10.492659743 0.0 8.145263429 7.9626841667 4.916494044 7.1651737452 4.8786088762 0.0 0.0 7.4535136225 6.0183650368 9.9610999143 0.0 11.050527399 0.0 11.34609802 0.0 5.2835334129 6.7975283674 4.779959743 7.4952218949 0.0 0.0 0.0 7.3166123519 5.883861699 6.414983481 0.0 0.0 0.0 0.0 6.5663840996 4.2268267303 10.42466801 6.3956401677 25.459833522 0.0 6.3380217878 6.8490247945 0.0 6.5111579928 14.070408369 0.0 5.4180483223 0.0 0.0 0.0 7.2506969253
